,Cycle_Index,Discharge Time (s),Decrement 3.6-3.4V (s),Max. Voltage Dischar. (V),Min. Voltage Charg. (V),Time at 4.15V (s),Time constant current (s),Charging time (s),Total time (s),RUL
0,1.0,16106.942457019282,13275.594121223105,4.061,3.383,20141.293587565706,58364.85595351542,58207.85575441776,923451.512990015,1133.0
1,2.0,3853.911383732475,27508.078402549523,4.044,3.38,7033.02521853305,12950.96380423021,4507.714317038056,541647.9969156223,1103.0
2,8.0,8951.521392519231,6271.426833678634,4.075,3.367,11503.737632645927,16858.195263782723,23850.90256733194,724355.2489683197,1093.0
3,13.0,4443.473834617016,16192.7073227439,4.056,3.436,7123.823030430673,3068.2455877217135,4405.561761482878,660527.5730338981,1091.0
4,16.0,9262.546818064435,18965.14242580711,4.006,3.391,12097.62844393202,19383.794495902963,17726.17280441126,418058.2406988564,1088.0
5,19.0,2300.879956510875,6014.4854591076955,4.024,3.452,6199.199738462055,687.693441727135,11819.984913628863,778119.1029885897,1085.0
6,20.0,7834.8597910100025,25831.592431982033,4.02,3.357,10135.134366972256,7319.59859280477,21183.13057321016,656246.2609669856,1080.0
7,25.0,17599.507790712258,5131.215990807337,4.042,3.279,17869.580173267972,42164.43056551098,49817.135407220456,897433.6291350145,1078.0
8,27.0,410.94944383512706,4543.266615750413,4.01,3.473,-113.58400001004338,5.98,5.98,275582.36953971925,1076.0
9,33.0,1109.0229875819655,16810.561722356746,3.966,3.48,2792.7130047526152,5.98,5.98,174929.83788165654,1075.0
10,34.0,3524.098219204767,10359.9880913112,4.062,3.39,6669.7721114297265,6134.104327355997,8415.341994120548,677404.0999576444,1064.0
11,41.0,18585.570538827782,12553.437225303624,4.114,3.188,19201.144982022754,43537.70806830442,46782.04639721432,550255.5962868332,1061.0
12,46.0,48794.422524400565,6263.031144960616,4.202,3.422,26328.637074806076,78316.30005741437,80577.06139583547,956517.9833354694,1057.0
13,48.0,5659.917246706699,4077.1532372126753,4.047,3.469,7134.21036684225,10701.645578208148,17505.460748468926,722034.5388405698,1050.0
14,53.0,21269.17591986501,8219.32389838317,4.137,3.39,15532.030850952819,45508.785222225895,51387.767145423,865115.3160421518,1049.0
15,55.0,1860.2621935942195,2052.520754541578,3.94,3.492,1710.141710238971,2238.651541328572,5318.54006673764,296209.1034986552,1046.0
16,64.0,2395.5997709636295,10273.556353202592,4.027,3.47,2072.9735353496853,5.98,5.98,360445.3070382777,1042.0
17,68.0,10406.413544751696,11619.749558349267,4.028,3.386,17377.803225029482,24388.04758901842,19380.066718124315,823538.9715911278,1041.0
18,70.0,9427.887938078607,7843.530556268856,4.02,3.415,14003.115103463046,26030.3502046504,28891.520941879542,460948.2235066249,1040.0
19,72.0,7240.094369724466,3502.709603438983,4.08,3.432,9667.712380532841,18964.28520483309,15847.316860294937,474274.17460826284,1033.0
20,76.0,11298.527954938234,14112.68279342258,4.033,3.527,10042.337417773744,24035.786536364132,29222.304153359153,915374.376966278,1029.0
21,83.0,49150.11501664578,37242.151162463066,4.18,3.294,25863.49921081013,82093.60029772668,92250.67489420598,958152.2135756342,1024.0
22,85.0,12419.265360630698,10089.1724704636,4.029,3.33,14614.212873103726,36301.18337207382,39602.40809076639,799212.0144944602,1022.0
23,86.0,19355.7638427027,27498.483037077516,4.095,3.509,14756.688715324912,46229.31689047738,42686.46576729952,846953.5192236037,1016.0
24,91.0,9663.056138060196,8215.878034873358,4.038,3.588,9762.69240784525,31473.942096896073,22543.11747199423,860524.6752289665,1015.0
25,95.0,41522.935366591075,11935.672897764976,4.079,3.322,28944.57067431796,91598.54946687221,86552.91722494582,918994.424488999,1014.0
26,96.0,13994.674897509269,5364.467709542176,4.079,3.31,15213.402755855504,42117.92200334156,38406.06847036422,635835.6450906988,1004.0
27,108.0,19310.188820293297,26166.74165713677,4.089,3.353,16544.74574554373,42860.972494265516,45402.487571688755,835345.5605320327,1001.0
28,110.0,191.27285930849777,2570.9058346715974,3.974,3.347,-113.58400001004338,5.98,5.98,96647.96801832019,997.0
29,112.0,7738.850254092173,5126.2225000225135,4.015,3.422,11179.162432125595,24844.177280588232,21660.313772698864,791454.8766547276,996.0
30,116.0,13481.994178387944,7576.979099882891,4.067,3.37,17407.09910843915,32823.75955544786,37509.798724275905,774704.2730927657,985.0
31,119.0,13823.981499479998,1532.9526652914544,4.025,3.447,16239.26253243515,33788.48354650569,35464.83184015999,839578.0031489953,976.0
32,136.0,3828.778302868479,8324.177832702811,4.029,3.329,4920.395162734598,15260.359270267052,18423.434834576765,596094.1202017139,973.0
33,137.0,5663.859158874227,10632.23859561194,4.051,3.426,8863.135227206145,16938.336634100735,18069.919678963248,726580.8213334164,971.0
34,141.0,14338.239779336493,12136.62823573099,4.057,3.344,17322.042581126865,42173.97467383246,49293.95618440644,736056.0749641992,966.0
35,143.0,10243.88183865707,9039.803762601015,4.032,3.445,14320.866988344531,34665.22959550029,28049.291964338314,842985.4532899495,960.0
36,144.0,2184.589732711795,18511.15500717847,3.996,3.477,1124.4050987580977,1798.1291005200596,7609.599798275761,455769.0063893442,957.0
37,153.0,25232.585859888703,44068.58210264506,4.088,3.347,19729.798787085623,72478.68868425868,83331.6328272562,901466.3421444367,956.0
38,154.0,991.2621326286195,21417.002269056295,3.927,3.463,635.7344711011483,5.98,496.9410050965016,428819.6581768688,955.0
39,156.0,6461.764758162105,17014.005616381324,4.036,3.501,9252.995478284492,31992.96015078067,38225.81471541562,805630.9274259626,950.0
40,160.0,16911.031309447644,6379.200754669361,4.046,3.494,17793.393005292986,38696.46265758772,35650.279985517904,942921.8382183242,938.0
41,165.0,1079.6579224375917,852.2414579585183,3.986,3.496,-113.58400001004338,5.98,4509.488885107847,471933.501295878,935.0
42,170.0,5731.527790601425,27694.95478677091,4.038,3.326,8939.180560250465,17522.92624163795,13636.129878109119,845265.4817889122,928.0
43,184.0,4247.5044418893685,1991.8769444941342,4.045,3.419,8155.499600156498,13594.936411881423,7480.016782909337,318448.25645227067,924.0
44,185.0,11017.18471636238,23509.833874194937,4.088,3.369,12125.34205616058,18450.95782832014,19704.28844715904,814915.580379195,921.0
45,186.0,1650.993638697997,2887.705793844594,4.035,3.456,-113.58400001004338,5.98,2876.4462954593855,629707.1447334641,912.0
46,189.0,39.13450655444538,4638.860732694483,3.928,3.425,-113.58400001004338,5.98,5.98,29225.479236115294,910.0
47,192.0,28237.08183635882,34739.40713614099,4.08,3.349,25622.604042579926,30738.87638518156,25498.911656302123,824610.3853895137,908.0
48,197.0,9161.87636989755,11675.235390992239,4.048,3.49,13401.437803849756,15536.010458978608,30134.484734779027,903473.7424459623,907.0
49,205.0,9083.103663404481,841.9994703790805,4.011,3.538,7642.812256264891,9799.290566687825,16971.699707405016,609778.9644868372,903.0
50,206.0,9825.224815526319,11207.7047927321,3.996,3.326,11113.537563732394,26647.47910323229,28577.863532573545,388983.1708535822,896.0
51,208.0,3648.8146212179377,2077.1325697390675,4.013,3.471,3689.5175935037046,9663.832735553533,23920.746707088954,537907.6772917418,894.0
52,212.0,13615.454992981324,52378.032329270645,4.053,3.45,13827.217324171057,39839.639063572075,44505.589588028335,742421.9650762543,892.0
53,217.0,471.38111854373005,216.80902945853563,4.005,3.312,-113.58400001004338,5.98,5.98,454306.2817171801,885.0
54,219.0,8434.870484519146,21837.936109219136,3.986,3.437,15200.776093660888,22908.851009710237,28531.095121871127,801600.937317745,884.0
55,220.0,2624.7267400286796,31824.911679959172,3.965,3.518,1116.5383385201708,5.98,5.98,470630.78869846824,882.0
56,222.0,296.89482065206624,1744.017914824034,3.963,3.427,-113.58400001004338,5.98,5.98,32386.45442483049,871.0
57,234.0,9936.753307169112,8317.846893353242,3.998,3.383,10309.357862498759,22563.331939535234,29700.686623884547,688009.7053744987,867.0
58,239.0,11035.191049503122,7654.692872614236,3.993,3.433,12049.65611105939,21005.946013946857,27675.055228710786,583405.2487400828,865.0
59,242.0,18990.509694900706,22333.801295340632,4.051,3.577,13730.25881338996,50845.65619758655,53307.194207505396,933409.528351175,858.0
60,244.0,27695.924547132352,13089.187075240188,4.037,3.323,20429.89980204898,48837.751690710415,59777.04594417139,868953.9536909044,843.0
61,262.0,2603.3857950819547,11378.27277255516,3.998,3.541,-113.58400001004338,2217.2068632318424,7633.0602008871265,368935.8873458096,839.0
62,266.0,31637.36506942856,14618.156321545059,4.03,3.439,21215.748393958114,56350.09099328393,56310.786280820765,923231.6128613021,835.0
63,269.0,11890.717478499366,23260.110545820167,3.998,3.443,13145.722663830518,34568.31383888294,42733.376206240115,723478.8597859504,829.0
64,273.0,14264.511294603828,310.00076425310965,4.049,3.493,20373.091590860215,32754.11711204717,33079.99048721538,928423.0343529537,828.0
65,277.0,8811.118239959478,11432.186978273392,3.96,3.398,13175.073288593285,17641.80546926649,16073.291196628401,571434.7717252844,826.0
66,282.0,1508.222930277972,982.579296204845,3.894,3.598,-113.58400001004338,5.98,5.98,137037.30087785755,824.0
67,284.0,269.5464482467712,12300.988491051045,3.913,3.635,-113.58400001004338,5.98,5.98,151541.64554808728,814.0
68,292.0,1942.1101040026665,19819.978469595153,3.964,3.514,1643.475242440858,3671.956801912572,1273.907697561188,714155.5316871486,809.0
69,298.0,4767.785385685135,41168.95697277008,3.974,3.37,6755.439096223955,23857.84571759905,15718.232189493989,327296.49343824387,807.0
70,304.0,4057.272273946344,13853.911685661009,3.953,3.461,7126.079424607155,5496.313321706436,11621.12649797244,466622.1625075768,806.0
71,305.0,12374.862428913048,8304.49335475854,3.984,3.515,18316.750188268154,39948.8060197131,60987.826832057835,868517.6359772419,796.0
72,308.0,2094.646264975266,2995.569045638424,3.949,3.588,1514.4660385331495,5.98,1683.312059862561,429782.69944490766,790.0
73,311.0,5915.000242566582,12051.306378741829,3.996,3.511,12936.102126906431,6440.566051053694,13827.111091968305,654719.605534602,783.0
74,315.0,7918.551347920663,5595.008235564734,3.999,3.459,12449.463512025628,33279.44332951707,36363.3598518093,695776.4525311107,776.0
75,323.0,2488.288634116666,6232.246538161137,3.96,3.476,7431.328149875946,5092.641685897173,8964.618854642873,107952.98015554051,769.0
76,344.0,496.8491491662022,2705.3348778144573,3.973,3.579,-113.58400001004338,5.98,5.98,359513.7710824755,767.0
77,345.0,793.336050424269,4604.431754691466,3.989,3.621,-113.58400001004338,5.98,5.98,767203.7730031536,756.0
78,353.0,2517.403967101717,372.38458333586607,3.981,3.575,4154.643827816278,5.98,3827.187986853174,630717.6219873969,749.0
79,363.0,17963.72185612842,15441.19684609002,4.059,3.466,13247.755424635498,37385.417374882614,41631.15532043682,763010.7386919702,739.0
80,369.0,20650.576967278255,17999.869226054427,4.036,3.492,14096.441262597205,40620.610123258084,49039.81189900675,823317.4917104094,733.0
81,373.0,16243.124950811309,13834.772283830971,4.049,3.534,16409.718164649265,20952.345324612557,18131.743774694223,801134.5915508138,732.0
82,377.0,7975.269440609935,10316.97656998249,3.939,3.564,6372.364767714897,36242.91355498472,41096.7027563106,921757.3663069749,726.0
83,382.0,8927.183770506454,9984.459746219727,3.946,3.514,9998.160192183124,44911.12664482907,56146.93768579118,910828.4874407662,725.0
84,387.0,7665.569688281767,999.8211188941849,3.944,3.482,12445.783726641592,39327.75996577075,36088.332310003425,208402.8549402509,721.0
85,388.0,12124.837351296654,11648.183149625002,3.969,3.433,14214.539837746379,24394.8570253107,24166.048388219126,871211.382877837,711.0
86,391.0,7955.568916306101,15843.353507712756,3.967,3.576,5805.799636445158,30982.97065533379,34228.26378002407,765881.9292145901,708.0
87,394.0,7872.486330275971,16882.79706549087,4.042,3.507,11874.387624079925,37464.6543693469,30962.554241867576,724832.0195127337,707.0
88,404.0,17142.077290337977,35557.55553535307,4.016,3.391,19006.704001718346,47994.77825213855,52503.96301486081,433243.41786281625,696.0
89,406.0,238.93136855691267,3561.5046478789777,3.87,3.806,-113.58400001004338,5.98,5.98,575254.1679463707,693.0
90,413.0,38.43387107497304,20960.275743183076,3.87,3.493,-113.58400001004338,5.98,5.98,234891.35701078668,689.0
91,414.0,813.0983281298971,3320.8215247532016,3.963,3.421,-113.58400001004338,5.98,5.98,237266.59574892488,688.0
92,422.0,18875.940517623305,7325.832096855325,4.002,3.633,17336.063732286802,48165.52464932797,49157.684658201804,951275.9346938375,687.0
93,425.0,6578.4861715817115,12628.069569764953,3.934,3.485,11451.32307306366,12640.613123724675,13974.526291662996,719977.4668834236,686.0
94,426.0,1407.8274302448037,1325.6174624658086,3.914,3.464,878.9981009888347,6674.827010972191,6857.002131853203,278413.6261816742,676.0
95,442.0,4074.224277764765,14224.6461152484,3.928,3.576,7669.345594826386,20685.52895978638,24043.196158272734,745399.9209229341,672.0
96,444.0,4135.282424413076,2655.3520882705425,3.954,3.622,5772.926318889664,5.98,5.98,394623.80971980776,667.0
97,446.0,1429.606964676343,9833.900493125195,3.943,3.607,-113.58400001004338,5.98,5.98,442792.4925576719,662.0
98,447.0,4105.876254098356,15865.028323477265,3.942,3.578,7874.371551746228,8431.283354207626,8871.85549407023,757790.9218311015,658.0
99,451.0,6429.48134974369,12764.049009208473,3.954,3.509,13207.509101878763,9997.972913854255,26778.762745731772,807802.8233333166,652.0
100,453.0,870.9421834451424,17880.545072930425,3.884,3.618,3414.402407477406,5.98,5.98,455558.69949689816,651.0
101,460.0,1294.9343629789598,16945.51093453749,3.933,3.492,997.4202447480889,5.98,5.98,515139.1423425557,648.0
102,461.0,1787.640525956745,22831.958587215053,3.883,3.537,4161.507996606154,830.2655669209262,7954.086323870458,619771.209617603,632.0
103,478.0,14475.325327157769,19767.774194093803,3.957,3.486,16431.322788482623,30180.54151951322,43194.724300858055,842048.8614191965,627.0
104,483.0,1127.7903965022017,6996.8040045332245,3.934,3.59,1942.586399894792,554.5935293633402,2864.1189434833514,779747.3956441841,623.0
105,485.0,2318.09868497132,4033.808901646128,3.937,3.517,5315.206859334353,12771.221867551678,11564.262387390012,556631.6659598779,622.0
106,488.0,8373.917374493029,11973.517213650648,4.001,3.572,15830.339702361902,12056.3916908494,14991.490096697598,924994.5156859952,619.0
107,492.0,2204.71863105303,12063.156643932307,3.91,3.518,3917.93953309961,1646.754574990091,6484.385496883066,627050.8989739491,613.0
108,495.0,11609.288055853174,4477.82979707672,3.936,3.527,14527.107782297498,44113.84253700041,50426.81372657695,641683.933240452,612.0
109,498.0,6358.773859274391,1276.0136274710662,3.96,3.582,9587.430514849653,5320.772750779864,5.98,381867.0685918896,601.0
110,503.0,6011.987228007701,68.42973515364429,3.908,3.693,7731.780115659518,6916.494600691224,11609.862476677978,916036.9483053797,595.0
111,509.0,24056.53165051904,18304.735865026563,3.968,3.589,19069.86725860112,59395.708119526214,56224.562485598304,718444.6252457212,589.0
112,520.0,234.76670529373953,3440.685204901381,3.902,3.449,208.4513844288267,5.98,5.98,495088.24894603493,586.0
113,522.0,38658.5022897832,23805.929559440152,4.02,3.295,24144.068225851737,82208.93842236501,78631.54961552775,805867.4441547921,584.0
114,524.0,4739.789504278175,10581.977903194802,3.979,3.403,13668.483332801408,26267.87591571415,33834.407995810856,457140.4026014841,582.0
115,527.0,7097.917193948925,11416.17914450966,3.939,3.675,11152.224305438776,21292.5805351609,30737.75260714302,582616.9771738956,581.0
116,528.0,1338.5340259102843,8614.757702222254,3.94,3.574,-113.58400001004338,5.98,5746.76622384295,824745.588749152,573.0
117,533.0,15451.07132597366,6089.482912013276,3.95,3.46,8245.31541553412,46612.20853893475,66451.09483133242,456381.9259212077,572.0
118,539.0,17194.53886543663,15859.410000826349,3.954,3.495,18252.373919722206,52209.80558524783,61092.737182240984,818626.093869121,564.0
119,540.0,6847.929077039124,11406.77638725147,3.948,3.616,10367.757956288506,28094.80537528755,33210.550551508524,493278.3354484827,562.0
120,542.0,319.7361008175782,33899.392602149426,3.882,3.596,-113.58400001004338,5.98,5.98,138314.61665606702,556.0
121,553.0,2751.199218112968,4943.533282559774,3.916,3.558,5029.5619941256045,3170.6500241739855,6248.186470047729,300851.84864259115,553.0
122,554.0,7943.290801013459,25136.08246396586,3.947,3.627,9132.948621125195,28310.361995853258,25584.792246933066,465885.2987179102,539.0
123,557.0,2667.9532230327404,35396.38621962004,3.932,3.699,933.8665997433536,11824.003217702764,22180.19441144289,727682.4404451222,536.0
124,573.0,3308.6125017202144,13595.613867069653,3.9,3.429,6212.584240909375,16785.88272525515,31376.858957344783,183025.93557383487,525.0
125,576.0,10398.880183825573,3596.4419298647044,4.059,3.534,7954.974891197613,35247.18402465542,41831.49412542384,867720.6428993385,511.0
126,599.0,3203.5519004036837,12076.822527037795,3.916,3.494,6121.7901442184775,9207.550398531746,10256.806229493968,202435.19093075534,502.0
127,604.0,503.2487104944048,990.430337494072,3.863,3.473,-113.58400001004338,11385.228337419161,16029.888847864404,275988.69515367807,492.0
128,615.0,4899.610906356535,28922.770413463346,3.928,3.649,6717.712086652362,24013.12886408442,22120.189833901964,610663.3683756146,491.0
129,616.0,5606.824212736812,12525.702960093946,3.938,3.585,10290.360750898473,7701.053486271136,5823.668960721835,584373.6360563213,490.0
130,625.0,1329.6158710586556,10231.362401413513,3.827,3.54,4038.050062160487,3029.196713584681,16515.10563660014,353141.09080085665,482.0
131,626.0,6408.918170018601,3846.860147179336,3.961,3.616,5736.002559839313,11307.219630015727,1484.1814384639692,300100.13484142104,480.0
132,629.0,4618.665539268731,9099.461843297699,3.895,3.475,7363.17101845553,23916.57551910053,26777.011573622694,320371.4670720867,465.0
133,645.0,11772.223228642295,5318.648866449257,3.933,3.518,13846.063259338143,51363.54030292769,54725.16440127614,920827.6121078368,462.0
134,648.0,2602.96791716199,27814.086255308546,3.932,3.6,5867.948425026767,12108.264165081579,15128.230108989734,553200.4090829686,457.0
135,653.0,511.94080543287276,10173.060749632765,3.866,3.809,-113.58400001004338,5.98,1733.0730363112252,451423.50802333397,448.0
136,658.0,3184.607312485436,1688.3645363823662,3.885,3.673,5023.025701371629,1256.4866379948635,8711.175308862481,716657.28705255,447.0
137,663.0,6724.492574143693,14274.496949325585,3.887,3.625,11606.085615770706,13910.527750361536,16701.22374332413,687054.1381603773,443.0
138,665.0,640.8917044379785,279.6475039417526,3.924,3.525,-113.58400001004338,5.98,5.98,331710.17685020546,439.0
139,668.0,14.949500225993152,10014.61832880996,3.82,3.6,-113.58400001004338,5.98,5.98,54758.870049841,436.0
140,673.0,12754.969008934886,8167.69245339554,3.92,3.504,10609.5133248491,38271.48036871941,36441.98193728665,600318.372046297,429.0
141,677.0,13.545242872306014,976.284056982865,3.792,3.72,-113.58400001004338,5.98,5.98,99047.63068495679,427.0
142,678.0,26643.792922856843,26904.018786885666,3.919,3.515,20085.945371346636,65710.4721084216,77194.0323180057,818705.7962995515,423.0
143,683.0,23486.792817073292,25186.234616891474,4.035,3.587,19316.126517310542,43054.66078662548,54779.1525272633,944114.3778023265,422.0
144,684.0,2585.291829477015,8981.517232363572,3.92,3.5,3671.5203549739035,5.98,5.98,469816.15026702423,417.0
145,692.0,1358.5153786226429,5161.225678949788,3.883,3.618,2938.1295221982573,8093.264081193364,5063.864695780798,403483.4835569076,410.0
146,698.0,3669.549882927613,4632.097207134955,3.948,3.718,8232.622511358088,3419.1858248744184,9185.248747461861,830985.8918700699,404.0
147,704.0,1551.866154292432,12364.913041223932,3.914,3.643,1431.5597884172103,5.98,5.98,386088.18500538985,393.0
148,714.0,1031.0167076138541,10767.872095409297,3.827,3.604,-113.58400001004338,5.98,4375.670008228733,93658.03320508887,389.0
149,720.0,344.6067049491795,788.0132551805714,3.885,3.572,-113.58400001004338,5.98,5.98,445088.36297588865,372.0
150,731.0,961.1199369604022,6295.910352394897,3.892,3.521,-113.58400001004338,10464.094530872057,9546.262395551845,847298.3044508253,369.0
151,735.0,338.7679616117174,8087.970233280484,3.877,3.661,-113.58400001004338,5.98,5.98,400415.46716029715,366.0
152,736.0,5981.9499133558165,17509.002895149875,3.905,3.722,7882.607699465614,34494.8934306969,43340.40202244774,875685.6342067675,365.0
153,737.0,458.3950169513479,3783.966914871598,3.855,3.616,-113.58400001004338,5.98,5.98,239561.5808809609,362.0
154,745.0,1056.8484966792078,1821.3481444720978,3.859,3.628,-113.58400001004338,15291.997762064406,12078.13142757304,573862.4080304197,361.0
155,749.0,9218.796200586388,26837.22876330849,3.885,3.597,13501.73299865844,52065.0122164426,54576.068382884274,861505.8669919755,359.0
156,753.0,851.5160697014011,26231.182205100125,3.811,3.663,946.3572303985438,4442.703934986037,7892.555980899194,359379.9221086588,356.0
157,754.0,534.3709790741455,3807.397252912748,3.86,3.678,-113.58400001004338,5.98,5.98,271251.6833842989,345.0
158,760.0,4258.787748006179,10113.826354102599,3.848,3.688,8105.438974267914,12463.769514267922,17195.958403623168,721175.2422423488,340.0
159,769.0,7204.515518549499,41120.18501574631,3.879,3.606,8497.578631265395,13933.082439713251,17406.5758965069,351419.55121427285,338.0
160,771.0,490.986138868934,14042.790786588892,3.868,3.671,-113.58400001004338,5.98,5.98,600462.2986778349,327.0
161,778.0,272.6906878937922,4619.5055301116245,3.744,3.698,-113.58400001004338,1235.1670790535873,9708.154096396152,616118.8786961946,326.0
162,785.0,4022.6219476423867,13259.352664499158,3.91,3.493,7485.971418132063,18034.61329928961,39244.91223086224,813200.8259513237,325.0
163,787.0,6138.4959181479935,11464.51007250261,3.891,3.62,11696.908990951759,24863.487133561674,28196.518729031835,719031.1478357856,314.0
164,794.0,337.0039218293982,6814.348791000031,3.831,3.825,-113.58400001004338,5.98,5.98,573205.201245382,313.0
165,800.0,5350.509024400369,5484.093390950278,3.927,3.64,9844.990300331268,4976.2372801294805,15538.003707157732,831127.6635034515,306.0
166,801.0,248.48087614785354,3035.7728670017696,3.848,3.719,-113.58400001004338,5.98,5.98,419347.4205236925,302.0
167,802.0,341.56650434754636,10993.536989747714,3.893,3.72,-113.58400001004338,5.98,5.98,300667.43426716083,293.0
168,811.0,101.90179619371737,14346.845080130424,3.734,3.622,-113.58400001004338,5.98,5.98,253583.85180453927,290.0
169,815.0,11313.210984064575,18673.859376758912,3.94,3.547,15193.256647020116,40915.34778024774,47423.19598472345,792885.7573730419,284.0
170,825.0,790.7746548830112,13492.811799162278,3.791,3.55,1032.5687283206616,5.98,866.4334162720097,113277.1185389804,280.0
171,831.0,1415.465825892416,18673.774155594056,3.843,3.628,-113.58400001004338,5.98,5.98,126318.94035128289,270.0
172,835.0,2962.863631983654,4897.647838033318,3.9,3.574,6178.326863610773,11945.558934829274,24079.50567055274,430490.41756157874,258.0
173,851.0,13074.621988052077,20903.415287872052,3.916,3.518,13869.856988240972,41029.538499879316,50763.01402544744,791946.4567440879,249.0
174,861.0,5793.470904364532,13251.67684962889,3.898,3.636,9286.698443931198,18593.95358918927,31002.479157409223,857776.0350058596,238.0
175,864.0,3020.324905153245,9968.330627618157,3.847,3.61,6158.837398262649,6087.512286836701,16132.897554615622,655729.7070220266,235.0
176,870.0,81.08999088202411,4522.319976825832,3.753,3.719,-113.58400001004338,5.98,5.98,97038.82695906547,228.0
177,872.0,8206.8971927798,15865.956127459885,3.862,3.767,15764.349485496954,25066.524558545665,37708.119666128616,907553.9163896258,222.0
178,882.0,8756.383741813883,22812.430696372707,3.877,3.614,16138.360198831733,25541.28826985619,35236.050361018075,791999.8661860849,218.0
179,890.0,2179.860085248855,5501.535130858994,3.824,3.629,3280.1213390962744,16635.57429961411,20318.53452518679,300895.0814769226,217.0
180,892.0,18221.366951273896,11311.436607008225,3.88,3.772,18205.862554689098,59285.90772865807,63511.81809612659,953087.5957895196,215.0
181,894.0,2376.844984298474,20923.015054969605,3.832,3.649,2742.7687057738776,5.98,2846.6538206277964,290503.1472466824,211.0
182,900.0,47148.23707189984,18460.78298250011,3.959,3.623,29509.331483013135,84027.5495143738,79578.81153512115,928144.4199945854,210.0
183,902.0,2604.6794632126775,3791.3346008315602,3.84,3.789,5987.409888906885,7925.093374260667,13190.676084006634,719598.9825083334,207.0
184,907.0,1179.1584341647747,2479.5410677829277,3.809,3.63,-113.58400001004338,5.98,3752.665144981711,147116.2205495137,205.0
185,910.0,1247.7626263346876,3816.3103432105045,3.83,3.594,1710.564109682006,14241.216117032043,8365.861428667096,254803.4271522963,202.0
186,913.0,248.56928781758165,1439.6215804730587,3.791,3.678,-113.58400001004338,5.98,5.98,61985.43773382624,198.0
187,916.0,2261.6296496912682,8104.806359740967,3.821,3.654,3021.9676129261597,7571.483308086859,11742.32954193296,721378.9653305251,195.0
188,919.0,10165.526247359063,9919.279888960737,3.847,3.555,13445.318435605175,38266.13616679351,46926.10772138707,669035.3222207185,192.0
189,921.0,2773.230231468732,21836.901471034023,3.841,3.73,3911.723305528094,12746.295133942414,22198.837111432058,528168.7347122213,191.0
190,925.0,2600.2326066285373,13069.354539911299,3.801,3.628,1385.2647873597903,6734.913680480523,11902.468069738366,542071.8579451686,185.0
191,927.0,1815.8036131981119,512.4198380734352,3.833,3.74,5099.459184587187,5.98,5.98,826472.9419326583,180.0
192,932.0,2272.877642202638,15824.079918974749,3.8,3.745,5239.110638069842,3469.215451693958,9599.274912898498,656435.0272750871,179.0
193,933.0,13273.576479411371,11470.208162707302,3.916,3.646,11111.805945080569,36750.81870130128,53341.96346684846,847411.0546391881,178.0
194,934.0,99.70437960019758,24203.680770338982,3.781,3.67,-113.58400001004338,5.98,5.98,279019.54758884176,175.0
195,935.0,8830.732612231206,6812.501875855464,3.884,3.639,7206.557359845571,26300.56390811981,24107.11310939608,765530.1116422344,168.0
196,940.0,6777.222689693031,1922.1958707380504,3.889,3.621,10557.299771829752,38122.7338986297,43562.72133732545,608544.6134820329,166.0
197,941.0,6174.838734384446,3441.1532044332093,3.895,3.656,8075.459860758794,22049.57709374468,40218.00007485286,797752.6628751353,164.0
198,945.0,851.1681658434663,8289.628660437751,3.823,3.678,-113.58400001004338,5.98,5.98,625550.0468758295,161.0
199,950.0,5940.984459650755,18901.551189597776,3.87,3.634,8784.188981484373,17894.949602786393,26897.018200965642,553635.0703279005,151.0
200,956.0,12585.281483014765,24837.436246057587,3.84,3.603,17575.04134349421,36578.474698582344,43799.47429776878,606231.6145524628,148.0
201,962.0,1960.8223369273476,7301.216273194333,3.816,3.773,2497.22563033814,5685.520669233708,10553.110835493906,456196.733809601,138.0
202,966.0,324.6033179428076,8567.911191555475,3.786,3.707,-113.58400001004338,5.98,5.98,98586.19517052063,136.0
203,968.0,122.60077732719313,428.5879900385547,3.79,3.717,-113.58400001004338,5.98,5.98,132329.78721105956,135.0
204,975.0,38.50815048967909,11076.188734638734,3.742,3.691,-113.58400001004338,5.98,5.98,9028.698764020355,129.0
205,977.0,1620.2815304093288,1194.4548654731668,3.811,3.719,1502.7070222828602,5.98,4573.637273867681,816395.2987052721,128.0
206,980.0,597.6672101979225,9620.818764920896,3.78,3.633,2192.469954781902,5.98,5.98,98772.12150047583,121.0
207,983.0,1628.6750937025151,6561.874871961984,3.786,3.772,-113.58400001004338,1804.280114171324,1885.8565689663938,410845.60807141574,116.0
208,989.0,2801.345755889017,25325.243759324327,3.887,3.689,4596.159041798689,1544.7487777376682,5.98,263221.7900805726,110.0
209,995.0,13937.823470429053,2719.3251103978414,3.886,3.65,12719.8377465675,27465.95295673802,31720.16860666884,771513.9658270489,100.0
210,1005.0,13866.561793024335,18316.896488546594,3.9,3.651,14477.61437712308,51567.43336599952,48659.14967382938,884251.0179611761,94.0
211,1010.0,5934.847436518528,11660.48432651741,3.878,3.671,11820.083060274112,12591.102914526382,16364.136881166163,379482.9426910957,89.0
212,1015.0,219.15707348164014,348.2023128110276,3.773,3.761,-113.58400001004338,5.98,1775.3242776087718,290347.0274708887,87.0
213,1022.0,10678.606119197882,3918.8772021705886,3.893,3.601,11151.033148261591,19103.030898854264,29009.21143766169,552276.046532663,76.0
214,1027.0,610.4012893471227,18263.90264763084,3.811,3.694,-113.58400001004338,5.98,5.98,282089.3386208665,65.0
215,1041.0,23612.272876714254,21691.373065569238,3.845,3.622,19312.013746919652,70471.81345581159,78471.61490163005,793192.3846736028,57.0
216,1049.0,5575.151720632307,141.78169659047148,3.85,3.659,7162.433855190232,15622.128612288545,27078.863984641976,585702.0780130374,55.0
217,1052.0,1425.3137693401802,15151.807316157141,3.822,3.659,-113.58400001004338,5.98,5.98,198160.844528721,52.0
218,1056.0,348.25357127112477,8956.873135289121,3.774,3.645,-113.58400001004338,5.98,5.98,224710.09056539246,43.0
219,1065.0,16123.424425565585,10862.25282918103,3.879,3.797,16372.748935184542,38964.4340945306,48105.54599893529,937960.2191060684,30.0
220,1078.0,494.0008526717135,6170.877464810934,3.816,3.742,-113.58400001004338,5.98,1661.1330471852543,234784.35313015225,17.0
221,1089.0,30045.232807450084,28311.88248524653,3.912,3.643,25445.374820773857,52407.31129055319,61658.642473143176,933707.4708827488,13.0
222,1094.0,666.3360199205654,1078.8519658651533,3.801,3.685,-113.58400001004338,5.98,5.98,194930.20123280323,11.0
223,1095.0,1279.9653076227762,9656.797106277434,3.841,3.715,-113.58400001004338,255.6514826054463,3538.115923387105,302633.3206444652,10.0
224,1098.0,1538.45834960442,9307.273189027288,3.797,3.657,280.3089246243285,1071.9796478977169,20230.57245143639,826312.2673340437,3.0
225,1100.0,2439.4965001588776,12892.856559264641,3.807,3.513,5656.042508084649,2299.3787602529046,8632.588075921385,177160.59764965967,2.0
226,1106.0,3188.544762197538,27123.665978962308,3.788,3.684,8480.029019525256,5.98,4017.2907352001303,263090.88521436363,0.0
227,1.0,4596.483730467756,1436.1998903829651,4.047,3.546,7762.057241548542,7992.263776824095,3569.459727007352,728878.2194445233,1133.0
228,2.0,7092.582598617141,19763.879429492485,4.035,3.347,11120.235041154418,11002.095165015951,11705.595728700271,348810.50178276293,1095.0
229,12.0,10277.589909813136,24761.252195329973,4.112,3.323,10786.359552411062,27063.78038885013,37215.202574550836,740874.9448487039,1080.0
230,22.0,5621.503101418102,9502.88728295736,3.966,3.335,9630.600808330537,26569.4959976691,29087.99344024949,657090.2762006058,1077.0
231,33.0,5375.834522820605,752.4426441449496,4.055,3.467,5502.925661104649,8706.436439157203,9702.33915031834,600381.1351790025,1071.0
232,34.0,6980.781977501651,28220.637048153247,3.989,3.341,11761.177659847117,21302.360036373757,5621.557797146298,152904.00723839103,1065.0
233,44.0,8866.277238197741,2409.2123840752147,4.062,3.328,9655.53526970132,25502.32856685824,17463.547663838028,586508.7273907465,1064.0
234,47.0,10690.619051475654,22.610472959234585,4.058,3.187,12286.771677148066,45041.19896237369,38782.400096267374,401068.367403108,1062.0
235,48.0,11082.142037170217,13307.112575681636,4.039,3.368,12448.248483407257,21411.42830273562,37403.12659985397,696175.9029411008,1053.0
236,58.0,5201.517793313924,10325.646372848663,3.971,3.47,7178.342959438399,21735.3618735651,27846.29375240433,775167.7903379226,1052.0
237,62.0,21911.391064318268,11010.692345932559,4.107,3.373,22623.481567525934,40656.924892907555,48976.11753731671,831867.2440305777,1041.0
238,65.0,3123.276048519468,3451.557519611589,3.956,3.468,2807.936854627558,2546.8314358291477,192.44124883836776,249704.45070422546,1040.0
239,67.0,5531.360230689464,16375.377905216475,4.027,3.413,10873.294440794614,17009.33228316521,16001.456646968518,632091.1078545945,1034.0
240,72.0,9192.142590073709,7165.999259711827,4.027,3.335,12822.037300743374,11981.802747049955,19547.065259283023,417217.16540285246,1032.0
241,73.0,1453.7592117070214,10547.401737684195,3.968,3.438,2888.363369835012,5.98,5.98,310817.5122756473,1025.0
242,75.0,7959.320858826598,9046.163344547347,4.065,3.412,12516.387393729434,27945.029770289355,15683.311216631924,678734.7066864172,1023.0
243,82.0,1111.0978307246535,7675.527761591064,3.948,3.533,2809.1971718672303,5.98,282.14909637481105,324945.5424364811,1022.0
244,84.0,167.48826197300482,10903.277884900199,3.914,3.407,-113.58400001004338,5.98,5.98,15896.669315513682,1017.0
245,93.0,8016.904697164104,13266.353342509548,4.081,3.467,8043.522320525264,20879.803688663844,30561.212071375267,732852.506571958,1013.0
246,97.0,11648.277484550286,24357.804303547146,4.023,3.428,13635.179028513821,36195.60085191759,36410.546676449565,810334.8229786365,1007.0
247,98.0,6185.281231288472,12990.466363426065,4.023,3.384,10255.212683113075,21110.922270839546,31142.644061832696,610925.149650045,1005.0
248,103.0,3830.6621927166043,4144.107124859955,3.982,3.363,2709.753426202992,301.58064759502304,3044.7654548043774,249262.6510107933,1004.0
249,109.0,7362.128831942112,26117.301169340175,3.987,3.493,10186.321980652581,22080.709231629993,19941.703453521906,725477.9391479334,993.0
250,111.0,3621.4581450724095,7564.630980472944,4.042,3.37,9202.13581430526,8276.336177738109,12652.429511363523,735803.3509339041,992.0
251,116.0,434.1199073565108,3807.8222186777143,3.937,3.486,-113.58400001004338,5.98,5.98,45366.47007120919,989.0
252,119.0,4110.393996642637,13258.080282765877,3.986,3.206,10115.326692765213,10699.964337326122,20083.415913010147,348435.3970193383,987.0
253,121.0,6813.766462279463,6255.168819546805,4.042,3.447,8527.433022693365,28140.937962186894,21249.677190046143,651225.2542155138,982.0
254,129.0,783.9364954683459,7496.89199056686,3.947,3.432,1046.09730956167,5.98,5.98,67142.4982255522,975.0
255,131.0,268.42486695928153,8463.478034739595,3.931,3.562,-113.58400001004338,5.98,5.98,433599.95629208314,962.0
256,143.0,3475.954129787948,1898.34873623579,3.979,3.616,3679.166781485736,17223.440322061524,18948.490631640998,583861.8789398267,957.0
257,145.0,1565.5036452605764,11372.73655110917,3.985,3.433,-113.58400001004338,5.98,5.98,549422.4064946542,954.0
258,153.0,4683.989224463928,14609.086701359043,3.995,3.413,8085.914566671872,3827.695048493394,5.98,132709.6307971305,952.0
259,156.0,3310.1530370453784,15727.71754994676,3.965,3.452,5809.361815190822,12142.572905218887,13750.718630085443,633077.5585603009,951.0
260,158.0,10732.79893226421,3106.6039798637703,4.015,3.506,11425.7549514739,30144.110934382967,31676.544138729165,775296.2802461403,946.0
261,166.0,11922.024755264312,12929.805213161584,4.054,3.496,16111.535111790132,31767.393385084466,32588.129050612923,676163.4648871617,938.0
262,173.0,2423.782500211197,1155.813300023055,3.983,3.37,5694.746926504524,7814.745306307324,8342.141414164345,401716.02512805624,936.0
263,174.0,9263.157211374479,1695.5883908943156,4.041,3.471,12901.176610535938,21987.34990393288,15827.516713348745,742076.4485294039,927.0
264,185.0,19043.191100434964,17361.8182841356,4.047,3.511,20215.95389530914,52757.29769350913,63625.88997595707,945743.9125237243,923.0
265,186.0,6705.383845337125,21695.942283645873,4.028,3.308,11918.222518060764,17039.92168477048,16692.782540407454,423933.8924665796,917.0
266,189.0,2941.3721732215236,14581.850056427425,4.039,3.368,5102.4699232252715,17269.968480936226,19042.221455788007,685473.2897294074,916.0
267,191.0,3604.63703709212,23893.667237243983,3.955,3.389,4401.353797753725,2620.6880189805356,5.98,339815.60730816366,915.0
268,193.0,1494.3579294861472,2287.5424834198184,3.928,3.559,-113.58400001004338,3828.813820370656,1179.9588724330442,398119.9217054986,910.0
269,194.0,329.39925780116977,447.3982129251897,3.926,3.665,-113.58400001004338,5.98,5.98,236793.6978971745,908.0
270,195.0,4728.1983477231815,20470.622404019334,3.996,3.553,5935.551586073281,22742.360724216753,33983.78097156719,858299.0804457979,905.0
271,196.0,3676.5691523464666,7360.177256819992,4.002,3.515,5378.2806237608065,17124.735168788873,12805.610843057435,827732.5815001039,897.0
272,211.0,1058.8980892253767,385.31805285632856,3.975,3.437,1163.2554193927313,5.98,5.98,627797.2698882119,892.0
273,216.0,2280.4422576144125,25995.950193158493,4.041,3.371,2239.709500304732,13907.159774196789,21288.680841127854,589369.9830247161,886.0
274,221.0,6263.877946023011,4707.886461353574,3.978,3.662,6350.62980309659,12628.043610680741,19667.36409682517,921822.4056709828,883.0
275,227.0,13268.100183538747,33764.098603798055,3.999,3.487,18189.16711134344,30675.634362500183,28077.022562999402,846328.0658888988,875.0
276,229.0,10129.982183143171,14265.81399472642,4.021,3.498,7595.167694673259,34949.94018939855,34068.157297885475,816192.3570648511,866.0
277,241.0,23925.37480037942,3087.686547469093,4.116,3.406,14920.851603455576,59893.43268856946,66968.77073807723,775856.1034638797,864.0
278,243.0,18765.45486030062,14846.864215649817,4.066,3.585,15617.298441954421,46731.002168285864,54195.08623847824,918659.7657973057,857.0
279,249.0,11518.874425581978,15525.339689402586,4.016,3.431,10064.042691892342,37192.45541204962,45367.659146501224,785212.407992917,853.0
280,251.0,370.78712982373236,658.3006133242216,3.874,3.651,-113.58400001004338,5.98,5.98,382460.6042602402,850.0
281,260.0,2932.773084447606,626.7753424556374,3.967,3.558,4785.381044433928,5.98,947.6080505651353,751128.5757214143,842.0
282,263.0,3960.051885861448,11644.373980300734,3.942,3.604,9277.90596092486,10604.13492852955,15689.011329475583,743302.7010696926,841.0
283,266.0,8863.40172626551,2434.9994928817523,3.977,3.44,11231.197471336469,17122.434410941874,33910.475406587604,792074.8050517233,838.0
284,267.0,4358.520195193052,13337.966873814708,3.956,3.416,7032.857323005323,4002.2757028262463,4416.854136672143,292190.35637313774,836.0
285,275.0,7029.822121064264,22163.973747299082,4.012,3.53,8589.800261192264,19176.0204171895,22528.369087425235,621401.3519932621,835.0
286,277.0,923.6543257841132,10186.782550063326,3.924,3.623,2663.716346594829,5.98,5.98,301274.2970228749,829.0
287,278.0,4000.101627880252,3507.6657742060097,3.927,3.418,11545.557353210026,29988.69857659309,30729.46177881502,449944.4448299793,824.0
288,282.0,8195.902036822014,19875.03551072105,3.998,3.592,10327.333440253653,27217.1654587345,26219.76812458717,889314.7540430449,822.0
289,285.0,11648.438435220403,26126.410140491957,3.97,3.541,15693.905257081553,28068.86341690267,39263.54192867686,802873.3415648226,820.0
290,288.0,4829.915120655266,23301.841053664535,3.965,3.52,2573.7888309839964,26634.659512773964,24544.668640221807,730829.4286321386,813.0
291,292.0,23673.518025255577,15318.986052348431,4.047,3.395,17630.727792645688,62135.64711469895,59051.71215438376,691766.7538375932,800.0
292,311.0,2607.326636370273,6797.91527889947,3.914,3.454,4368.1658380516465,6477.500740862725,18779.295023845363,262931.3939831573,792.0
293,315.0,25722.338802395807,16141.449678796671,3.996,3.595,23344.79765864572,49419.723411568135,48131.81329126126,794739.2306231811,785.0
294,321.0,544.3633290685945,3615.530165313568,3.916,3.542,-113.58400001004338,5.98,5.98,124989.51561212246,779.0
295,323.0,28042.96433730211,33163.99035835208,4.047,3.343,25028.64556138985,46129.49581022425,47737.52152155096,810654.2310903582,778.0
296,329.0,18439.59441205616,20795.715102963604,4.037,3.277,22864.14470340534,36170.84452479697,39433.19325091425,576937.8564602421,772.0
297,333.0,5604.112020494443,15815.865097429018,4.004,3.569,7611.627887672315,24910.251862952242,36872.35983426524,897696.732653827,769.0
298,341.0,5171.246824741751,12452.522433437702,3.981,3.523,7533.487305930483,5.98,2788.333954815678,317631.15523715015,766.0
299,342.0,38733.30798466395,13047.92950372506,4.089,3.522,25722.2765305165,72641.37571656218,75687.32855386245,952418.5486940518,755.0
300,345.0,28455.196481810246,4803.578741165271,4.046,3.42,22386.979144750072,62109.097052516154,63524.11999057112,952246.6694208651,754.0
301,350.0,507.45149117595724,21138.725418340306,3.892,3.613,-113.58400001004338,565.3992007216584,5607.369844638777,306101.13113485306,751.0
302,353.0,29027.87256576747,641.943621914022,4.043,3.541,21400.204108207752,54886.32034446436,54549.50629918836,949778.0648599601,744.0
303,364.0,8849.479735883544,4613.927957202269,3.912,3.43,14664.155143796865,28766.992820042786,40454.079932913606,462477.96802163974,742.0
304,370.0,3707.2347968052927,4453.5237815101755,4.021,3.503,3840.105322252878,9686.61179360577,6897.051915156274,792888.4557385778,729.0
305,376.0,27355.737878297605,25342.802952209866,3.978,3.449,21838.287171396412,53755.65137148436,61339.96643935091,623026.6712682915,717.0
306,392.0,946.1463335568072,5396.872903179676,3.932,3.556,-113.58400001004338,5.98,2310.459541176162,246104.61215370146,708.0
307,399.0,24719.285526073174,43557.335505602,4.008,3.44,22303.073838752996,49533.23664095934,58961.64533099683,889062.0247446381,707.0
308,403.0,4147.453426791898,8814.392771896393,3.957,3.552,6412.0251337086775,8032.765340916014,6348.609950093094,756181.499258036,703.0
309,404.0,19879.45403900389,14026.343126028758,4.044,3.506,14249.953645456912,30287.827305006187,28039.41173352405,742112.2454820294,701.0
310,405.0,223.9287589378214,7520.335544513679,3.859,3.553,-113.58400001004338,5.98,7664.112041771465,226650.32468765212,693.0
311,417.0,21711.19077895479,26665.356566205348,3.985,3.501,19048.155374003338,50550.598581048456,62007.392472491425,747913.8804182071,689.0
312,420.0,5015.492689124861,1229.384083467626,3.937,3.635,8603.630313816044,8691.27858340307,13048.520514321468,683317.2389972663,686.0
313,421.0,6089.187559258299,20148.141423503206,3.973,3.467,11251.991590589423,11169.782295967738,4168.464179521113,660033.0609884644,682.0
314,423.0,2065.1998010886973,8349.414546786022,3.913,3.541,5777.086167008581,5.98,5.98,258210.557308887,680.0
315,428.0,2987.1168975255605,9363.579063644314,3.928,3.485,2531.0105591477914,17926.068243862766,19624.935083977172,516639.0613940976,677.0
316,431.0,6064.22087093131,2325.543978802639,3.959,3.446,9799.443259084654,20219.82470090734,22513.132214132318,661610.8629730707,670.0
317,432.0,5747.608170533123,44231.46878971632,3.967,3.501,10794.537473049311,13734.887445377706,14069.313729441525,341893.401959377,669.0
318,442.0,934.3687483214668,1936.7093681731315,3.897,3.609,811.7595238369154,5.98,5.98,814390.7222927486,663.0
319,445.0,45183.41996612523,28272.291691367816,4.05,3.327,28637.363698711568,79088.95806663514,84155.32026011421,820388.780811955,658.0
320,449.0,10301.851854755294,30378.064511841312,4.053,3.455,16859.224139485024,38682.07428023046,39050.35083264915,794235.0752124011,646.0
321,465.0,4776.543157989066,1507.3014697867752,3.953,3.648,8846.150543156742,16562.332005113254,18846.33144362368,846955.4404691792,644.0
322,466.0,11106.818875127577,4537.936671811924,3.966,3.454,8902.7972461045,33940.612158480086,41623.04429172685,700327.0948951798,636.0
323,467.0,504.44889016380154,5707.869007054118,3.869,3.554,-113.58400001004338,5.98,5.98,83402.84193020758,630.0
324,478.0,9590.775261392853,14022.31050652634,3.973,3.528,14410.786184938755,24495.293338198386,18904.38695455459,841676.7895518801,621.0
325,483.0,11502.110970636515,10577.538951510793,3.996,3.457,11168.35239774074,20993.164064338915,35490.1607545111,788099.022720534,608.0
326,498.0,7287.333326758236,5074.029376265405,3.96,3.406,11587.557237343648,22691.97167214725,27765.933419992332,364790.47156606585,606.0
327,506.0,2056.1078312394884,1120.4859178606278,3.921,3.514,3602.3024061506417,4273.052590316444,13675.308336047536,444950.571296301,594.0
328,509.0,5159.688124680511,17423.360943752392,3.965,3.595,5471.628862660988,11235.231862709003,23764.644239175934,752946.4399961348,593.0
329,520.0,11616.228263884455,5601.079494983506,3.993,3.511,11991.627926250905,10837.557438700987,16081.681240162805,787159.7637606657,589.0
330,521.0,9002.50510627645,19796.64233771438,3.956,3.513,10190.934892910034,23264.45974802403,23775.801791595193,443214.0274160222,587.0
331,522.0,6063.167123001357,2426.2849778884784,3.887,3.565,8966.711906184964,23357.593807034675,30404.84985337316,747972.7463649625,578.0
332,523.0,12527.962561307362,1870.9167301368807,3.964,3.502,10555.142970737692,33150.18182354312,41334.523687971465,508957.2504482856,575.0
333,524.0,505.2543092795049,14474.79424730155,3.869,3.558,-113.58400001004338,1187.0302149139043,7311.929537706903,329087.32384766155,571.0
334,539.0,1599.2212000224604,24242.07832305337,3.836,3.55,4442.671445227123,5527.710235112602,21716.27355425412,372214.55587934697,557.0
335,549.0,741.0348164649436,1277.715189651748,3.884,3.6,-113.58400001004338,5.98,5.98,262336.17235278763,540.0
336,567.0,1366.2048287181285,17478.702285625048,3.89,3.472,1879.0909463774215,7115.024888979521,4392.297154034481,139717.6428675634,526.0
337,579.0,468.56757622632176,16810.32193909443,3.898,3.605,-113.58400001004338,5.98,5.98,157771.03056889575,520.0
338,583.0,12396.785452022636,3312.452609441102,3.966,3.534,13090.278303638612,41166.126297476716,41273.7821967834,877966.4269644406,516.0
339,586.0,2204.5067879664502,2291.7885047173722,3.884,3.491,5502.1282442316615,5.98,5.98,493155.9554784284,514.0
340,590.0,4611.012139792954,20777.33243042732,3.899,3.558,5132.8680876537765,36120.74904264747,43263.90838499696,586271.1129140469,508.0
341,594.0,21250.45398571911,20918.77639575221,3.991,3.384,19886.362998260425,48941.53981589446,57589.947006649105,887560.512496594,507.0
342,596.0,915.6659325376586,19681.423160861243,3.893,3.642,1378.3838235256148,5.98,5.98,572263.683436878,505.0
343,597.0,57.82728896983081,1637.5190887613012,3.875,3.629,-113.58400001004338,5.98,5.98,51352.02847618811,503.0
344,601.0,9324.55231546027,6270.2522291370815,3.94,3.472,11334.062179493565,25402.537817754117,28408.92754705734,295155.4990694134,501.0
345,603.0,17370.942556615966,9536.466454095109,3.991,3.605,21424.015777310535,27407.409446348,36064.173723266664,728737.8305742982,493.0
346,618.0,9031.564770733065,11500.612446713189,3.919,3.622,8421.793716827588,34925.902914501734,34793.08569734827,670926.5829421381,490.0
347,619.0,238.81727810663244,558.1365355373862,3.871,3.593,-113.58400001004338,5.98,5.98,167935.35601988368,488.0
348,620.0,2215.4598807672796,34133.99852300795,3.857,3.75,4854.604539197917,18830.32118111557,27256.03996783524,658862.2071118403,486.0
349,621.0,4748.136808156247,28138.76125711348,3.962,3.578,5334.3893567582945,11467.63528544765,26353.603613082727,706947.0269173617,485.0
350,622.0,5414.276187585541,12690.027735111893,3.907,3.508,12160.350993910499,7015.285251663595,12061.667532018804,807704.2730750081,483.0
351,624.0,588.2369320125824,14175.38172384548,3.89,3.644,-113.58400001004338,5.98,5.98,246707.38370065152,477.0
352,626.0,21584.508229294224,19101.361227436137,3.939,3.393,21767.493964848305,47273.13544472704,45420.56982297698,625966.9511767251,476.0
353,627.0,3249.2878519000174,7659.745956515645,3.927,3.506,6775.433601545057,3159.676272973613,11539.912422694213,261987.59879826065,463.0
354,636.0,148.70535077480392,6364.478226612255,3.853,3.607,-113.58400001004338,5.98,5.98,51294.583306602115,459.0
355,650.0,3573.4326153173624,7837.69160660687,3.889,3.678,5644.994175019772,5.98,5.98,340581.9720234716,451.0
356,654.0,926.0005749736999,1230.8369523408142,3.879,3.61,197.45577297393356,5.98,5.98,33111.541983421805,445.0
357,661.0,2358.4939072545135,6447.183460589187,3.9,3.68,2113.5949814318337,6500.9697492941505,10318.412598714856,711287.816578409,443.0
358,664.0,1323.6919610852528,13768.816134931909,3.835,3.654,-113.58400001004338,5.98,5.98,310998.9535066919,442.0
359,667.0,6637.53276631962,16982.77929610486,3.89,3.497,10318.870817530595,23327.09848184737,29087.236318425013,575569.4614008989,441.0
360,668.0,21658.61782443251,17239.92594844593,3.941,3.603,21224.100878450525,47783.45078312891,61344.33452429708,950674.6242390965,428.0
361,681.0,968.1395979977659,1173.4359209376976,3.841,3.704,-113.58400001004338,18155.56949818072,9665.344480058024,593224.7466554599,426.0
362,688.0,7512.269973114062,20670.282017442187,3.877,3.651,10024.31368941713,6453.600460745662,10548.26509880719,201090.68274010933,415.0
363,690.0,30.298137900979654,1787.3155455754948,3.805,3.718,-113.58400001004338,5.98,5.98,246128.8067710938,412.0
364,696.0,632.990865282644,4468.404562891967,3.801,3.615,1805.8559289505088,2676.220283484101,7855.0269836939415,173123.44489078043,408.0
365,706.0,22.54292300173094,193.05114201503943,3.836,3.666,-113.58400001004338,5.98,5.98,21019.240824476507,396.0
366,716.0,11599.943473225649,25858.048937572446,3.94,3.588,13087.44959463615,32007.71002756019,34740.79391152488,275162.18261266756,388.0
367,717.0,11812.098279967244,38398.834747262044,3.946,3.528,14382.320133433534,26844.190763165607,28187.20150629842,842683.8615051922,383.0
368,729.0,7057.8771252228935,22925.29414246308,3.89,3.736,10140.158762030898,26602.413045146935,37010.022589344,865941.2903318293,379.0
369,732.0,9261.93351701142,32910.451897402265,3.863,3.732,11457.342009876098,35867.71858103755,34902.89356542059,830106.8183239817,371.0
370,733.0,1409.2556943462282,4258.72511716645,3.87,3.587,2443.8682210299357,5.98,5.98,483957.73222305975,370.0
371,739.0,812.0045706179981,19823.66975595387,3.848,3.604,1449.0128873732178,5.98,5.98,122115.16465801599,361.0
372,743.0,2121.4299677383297,13134.214318446935,3.887,3.693,-113.58400001004338,1112.5846420522876,10106.053701584666,696281.8961531554,358.0
373,752.0,3134.756892948207,21487.5635134472,3.852,3.713,9468.438207430383,5836.826553822996,12761.971371132644,594790.3832182937,357.0
374,754.0,1230.093092323988,11120.405225746017,3.835,3.569,-113.58400001004338,5.98,12072.815791988449,476468.03096637444,354.0
375,757.0,5050.924189807964,1451.4479581786056,3.882,3.677,7065.53152676145,4462.649794364941,5014.921557395313,313488.2071340677,338.0
376,765.0,381.8084470985575,9677.153339185155,3.806,3.664,-113.58400001004338,5.98,5.98,92168.1164370109,328.0
377,774.0,8860.92371741384,17385.78028439199,3.902,3.569,12834.475633063545,29048.158674423124,40628.84413232584,840037.4250928372,327.0
378,777.0,4780.542123925482,41557.38985264756,3.885,3.596,9117.195541417675,14247.885794063048,21697.646044018788,747278.2920901384,323.0
379,780.0,5121.333037092947,11529.142974976112,3.855,3.445,11405.861235020217,24296.01951336548,22873.428257537977,624460.5746484698,321.0
380,782.0,10212.731420198079,1927.6943201324134,3.879,3.662,12968.168198654956,22645.577648124556,34084.818592797485,836778.7573047142,317.0
381,793.0,25.670491965472316,10674.498137897579,3.793,3.718,-113.58400001004338,5.98,5.98,96836.92583353214,311.0
382,796.0,5851.575807495648,28432.608386946813,3.879,3.57,9174.634710675402,33012.143378281355,47887.2355938978,681044.8637405969,304.0
383,800.0,3212.5649849721467,10302.842089620568,3.878,3.563,4085.9971855829026,22883.40402523731,37668.396918651364,536477.0682241245,302.0
384,807.0,1523.2786906761016,9877.395156891238,3.891,3.681,-113.58400001004338,550.5615221447124,1926.3030671866318,818913.2423666555,298.0
385,812.0,2902.704818939579,18866.232625023797,3.85,3.583,2317.3936349515525,18970.83149710646,17523.093836688622,347174.8525984242,290.0
386,815.0,3539.703238638141,8312.586908274774,3.862,3.588,7193.931378931924,16144.070290872713,19861.879116352466,726784.4205980407,288.0
387,819.0,31.937532344546845,6803.326820870001,3.763,3.635,-113.58400001004338,5.98,5.98,115345.01154824291,284.0
388,827.0,11309.625027900242,9397.336591243544,3.993,3.638,9950.043089239298,22791.66613499811,24242.809324586822,920035.4775530217,276.0
389,835.0,16313.021704547209,19155.690874092048,3.961,3.726,19032.030526612096,34335.153471122496,44210.4231585874,826132.4733142281,273.0
390,838.0,5726.904082778434,8600.78179593545,3.869,3.756,10016.686908096584,5459.6790639895435,13299.445505947606,772646.0467771316,266.0
391,842.0,2125.8985472808176,9020.728027259513,3.816,3.617,2519.1214983442724,2557.9009144801416,554.1062572767369,383275.7782143737,262.0
392,846.0,11266.899313659093,3830.4569420355688,3.866,3.72,14139.415363561895,38081.54307007771,43466.0873107316,912103.5049169376,253.0
393,849.0,12000.174596762141,14461.432780030154,3.872,3.546,16658.23981413133,35825.962684069294,44946.373738599395,622022.419888808,250.0
394,855.0,22323.42271147697,1009.6795637124154,4.005,3.533,21911.07199184356,45893.03882356793,47209.35063140209,661632.2214611663,248.0
395,857.0,24739.941344560415,16333.439173317485,3.919,3.687,25504.265601575436,65008.89487492929,85337.7008610149,951095.5972854969,246.0
396,860.0,8659.288722689946,16542.577520538503,3.917,3.68,9497.399731598754,23886.741119544226,18705.632875849027,790306.44545133,240.0
397,863.0,672.5367049657482,5425.211639693395,3.818,3.688,-113.58400001004338,5.98,7113.6417985117005,493596.286634094,237.0
398,868.0,24051.66259862765,26006.13608461672,3.936,3.719,19972.50127601943,52683.63462985531,59131.51525166146,931100.0031194676,233.0
399,870.0,5368.603680903977,10145.086401168635,3.845,3.697,4800.499959330839,11398.886388893832,18027.83650812755,638047.7433469963,231.0
400,877.0,2135.0834782120833,13390.643454986937,3.774,3.614,5931.865200237995,5008.431291676259,10381.077616225175,210022.52101394164,226.0
401,881.0,1851.3914028850047,9163.683706284675,3.826,3.634,2529.681127290337,5.98,5.98,351897.6496375893,222.0
402,882.0,1025.1366699569683,2048.2023540007767,3.855,3.678,3473.452219348789,5.98,15097.972091408927,666728.7506205594,218.0
403,884.0,2259.565592390761,20964.802083612238,3.85,3.675,3036.207884351279,18574.027236168662,24603.16947179264,691428.7324552917,214.0
404,892.0,11742.338800660214,45929.752601059576,3.907,3.558,10955.460294208995,48135.11676059093,58365.30236974959,807736.9096284496,213.0
405,895.0,6338.555543486048,33338.99015020227,3.859,3.544,9615.843627479688,31397.678705738406,39321.58019123063,573755.1746824543,208.0
406,898.0,6854.000855620242,27623.225099666834,3.871,3.543,9926.081413457712,14933.71260284488,17234.339814561314,82966.30626403615,205.0
407,903.0,1645.0909770510464,4386.137459004287,3.834,3.692,3422.4566912749847,7734.380206736504,12565.478201708682,432540.8871383901,201.0
408,908.0,16708.711158505015,36961.58818336383,3.922,3.653,16211.034942052356,28637.291385142133,37520.808449266406,885220.0024316479,187.0
409,919.0,5497.153503496958,9988.387314840147,3.839,3.603,5678.937267359776,30851.970475111884,32863.43274411554,667259.13091999,184.0
410,920.0,2261.0206821973297,27323.18320634476,3.789,3.667,6293.119505749404,13496.766335962013,21263.759974662993,226415.8029444298,182.0
411,928.0,2117.129560562416,10194.751903956261,3.806,3.739,663.9624416286147,6007.750075206008,17493.90022929147,662100.220747567,174.0
412,934.0,1371.6236903705235,23042.550077426913,3.864,3.66,-113.58400001004338,5231.155245856206,7270.8822181864625,808152.1776402405,170.0
413,943.0,4022.0369269915004,7207.107946044497,3.905,3.705,5200.408514122695,7682.20877032832,14942.123865127503,846754.6176506807,165.0
414,944.0,26.122091192118866,841.4163001463959,3.736,3.796,-113.58400001004338,5.98,5.98,13585.428360285912,156.0
415,948.0,410.0631356824569,27210.696059650658,3.787,3.641,-113.58400001004338,5.98,5.98,127326.09826924327,153.0
416,954.0,206.16093700282204,7274.79496012521,3.743,3.708,-113.58400001004338,5.98,5.98,278821.44246592844,146.0
417,961.0,4234.7165667493555,5087.251093261064,3.846,3.606,8611.05787667681,6972.333029126629,15376.410936215409,679305.5938466297,137.0
418,973.0,5576.463823387658,3117.23175816226,3.868,3.696,4558.956206639921,13090.95740290639,23078.650490483982,684320.2132876742,125.0
419,976.0,1944.1905758811747,1628.0463663431206,3.804,3.626,3438.051377783507,11449.049854756611,18796.68301085924,238938.75121346203,124.0
420,982.0,19845.91484753182,30025.55803197301,3.851,3.774,19264.93442740634,39528.08983031867,48792.65096800693,904256.5157834298,113.0
421,993.0,118.48398121125639,14588.297696165046,3.8,3.663,-113.58400001004338,5.98,5.98,237925.69812690414,109.0
422,998.0,4315.5658385828165,12707.679941277624,3.743,3.752,9904.798444841083,7403.30121739857,10351.516610286015,246046.48053271417,99.0
423,1010.0,949.4698512241067,2725.135526917147,3.811,3.694,-113.58400001004338,5.98,5.98,172637.645373125,95.0
424,1017.0,4038.072561081743,6967.712353656378,3.855,3.539,8064.11914964827,15892.248308328628,16513.273104549742,829461.9473572514,92.0
425,1020.0,2509.736599187296,17025.177656966538,3.84,3.64,5419.336013407044,5.98,1460.2526935554888,225876.5312496738,86.0
426,1022.0,4074.0974258608167,27278.178388325687,3.852,3.698,5770.029064997817,9370.893426260036,17319.362397835106,512780.94921514165,81.0
427,1028.0,1496.41668614367,18.767245083947955,3.833,3.693,3505.6012151638315,1597.0994461763498,11876.291963470268,348824.9589822596,78.0
428,1030.0,11354.369808281846,17859.21050618913,3.87,3.624,13220.891586055372,32876.33577807488,40625.34960433856,686955.4911079386,76.0
429,1031.0,12311.03640265086,6079.957413107502,3.928,3.721,11960.668220529036,43692.127373676674,51441.730495787735,921002.2265574611,74.0
430,1032.0,294.442887328183,2283.412867205104,3.826,3.751,-113.58400001004338,5.98,5.98,151600.14085041868,65.0
431,1046.0,1987.138712642485,4753.168696564259,3.795,3.633,3778.1298092427783,2660.880665669085,9145.200954043758,592831.3227676252,59.0
432,1051.0,4066.751867451546,9936.797606674358,3.855,3.716,4564.314927767362,14484.062592119542,25776.489925933925,870557.3751767379,56.0
433,1052.0,18.55205400131731,11372.305117695701,3.742,3.766,-113.58400001004338,5.98,5.98,84755.70157321315,53.0
434,1054.0,1352.226670899087,3872.832213746259,3.748,3.643,4746.486544275611,5.98,8410.019863002119,475486.0774751026,48.0
435,1057.0,179.81465895734397,5028.386006579546,3.766,3.797,-113.58400001004338,5.98,5.98,73550.58402626142,47.0
436,1061.0,39.013141708615116,1627.6556274359182,3.793,3.78,-113.58400001004338,5.98,5.98,118221.77547101046,43.0
437,1062.0,614.5784119058751,8240.867665012614,3.766,3.786,1838.2730994333551,5.98,5.98,106479.54600079932,42.0
438,1063.0,3998.1495046073937,3331.7740206624308,3.82,3.592,7520.554185835656,13171.921146734367,13611.947839298298,328771.4821912198,39.0
439,1064.0,496.45341988313294,2193.5291593929937,3.813,3.727,-113.58400001004338,5.98,5.98,175874.28671526097,38.0
440,1070.0,1866.444189540303,11746.435620874112,3.83,3.699,-113.58400001004338,4760.590563106408,13736.664232392704,610563.8532067512,37.0
441,1071.0,2438.493526582392,7768.460228140894,3.807,3.672,1152.4424852339562,3616.9040743260575,14970.949491308416,208543.6936203452,33.0
442,1073.0,5644.048264628824,20920.278112171633,3.867,3.537,8692.192704419691,3623.8703268778563,12703.463522091108,121193.04138584837,27.0
443,1081.0,1023.3714357266547,7464.333318699069,3.767,3.694,71.15837366620553,5.98,5.98,368400.4865137267,26.0
444,1084.0,11174.21405701691,30523.577836216235,3.904,3.643,11980.45974958614,41333.01422041765,54257.94413444647,931931.2542415871,19.0
445,1086.0,1156.51714802624,6102.3449324841795,3.748,3.565,1690.3068485351391,2068.8809297816674,12864.17317775248,247226.76777284776,18.0
446,1088.0,44.06887039722087,1405.3223656366583,3.746,3.736,-113.58400001004338,5.98,5.98,45632.72465859096,11.0
447,1096.0,5572.789514384643,6864.996390946093,3.809,3.701,6616.726825942702,10074.721668843642,17688.657748093457,632110.2477011424,0.0
448,1.0,4020.3393391723143,3023.2660132193087,3.985,3.373,6769.3783992908775,4677.2069418509245,13491.888268964634,489447.8743201383,1132.0
449,2.0,5751.876317595028,926.4403851867335,4.056,3.456,5343.2782776386775,16777.562529179646,13047.109889645808,370068.84935777116,1099.0
450,9.0,9998.949389454036,14275.258984494503,4.057,3.315,9932.203179364187,28656.12030557778,29662.481197745088,248806.81819489927,1092.0
451,14.0,4983.529141154476,4122.354854778704,4.027,3.511,11043.795809447887,17893.431906512025,20965.082284590986,694901.8531246211,1087.0
452,20.0,6341.034324031239,3929.841718839983,4.077,3.389,10866.340441694541,5.98,5.98,449562.62884312525,1076.0
453,35.0,475.75903676080964,24363.714344362812,4.039,3.425,322.5630816112439,5.98,5.98,196714.38402563104,1061.0
454,42.0,288.540795975664,14391.0779468199,3.949,3.365,-113.58400001004338,5.98,5.98,45007.56560893294,1060.0
455,44.0,1304.8387907698336,13245.281735053431,3.98,3.521,-82.68223234589914,5.98,5.98,639430.5118930594,1057.0
456,47.0,4680.693289381536,4153.477810182365,4.061,3.326,7237.783093343534,3616.807903242099,5.98,400653.8767007851,1054.0
457,53.0,24264.005018498745,3274.309293413042,4.046,3.372,24098.357068919664,51063.92270903956,59769.26255761188,884167.490718982,1053.0
458,54.0,33533.15193405225,17765.091138335014,4.118,3.368,26707.232103564915,69015.95128891164,78564.3057402489,937246.6799085462,1039.0
459,62.0,6538.8166814052265,13128.05764576546,4.057,3.388,6623.93712045895,30655.802696976436,41580.076146065265,689458.9616530747,1033.0
460,78.0,39939.86619651964,31798.477943713937,4.11,3.427,27616.562177798303,55642.297750844664,68098.12900824621,950923.7477223193,1027.0
461,85.0,6397.576549829654,12162.770790576888,4.038,3.479,9348.629885630384,14242.35193356287,17626.06845648111,102204.78068597786,1026.0
462,86.0,15884.248257025085,16906.826047274226,4.074,3.413,19362.668621400033,42878.35006395163,51053.10389579896,856589.4135114016,1023.0
463,87.0,6763.753459099291,22301.152715025517,3.988,3.45,8543.186272335855,24565.23288445785,29354.150243614975,564016.1601764439,1015.0
464,90.0,8549.833207462945,10558.17650769382,4.08,3.589,6709.754620665846,33880.403897140015,34232.634770357916,894996.3256399469,1007.0
465,96.0,4491.230219721014,7926.898176401257,4.03,3.403,9951.301722068381,12614.173380781756,20328.486374065316,739078.2259700123,998.0
466,113.0,18668.91747093501,8250.842400524936,4.092,3.486,20136.768529061705,54521.5602137689,59124.487804709475,891508.517460039,989.0
467,114.0,7227.5901889070155,9255.7198428093,3.984,3.504,10781.135532306662,13208.835833149162,24281.139183342697,767440.4186853815,980.0
468,120.0,13054.823271117102,2056.984569154699,4.045,3.43,17111.642832905596,30255.40751386526,19247.90514560904,736911.4316913106,977.0
469,128.0,22274.29521983501,6919.533955115621,4.04,3.274,20934.70607422407,45550.52142746863,49633.108260472734,375322.9409569203,968.0
470,136.0,11181.123524916717,7786.050116123041,4.066,3.465,13681.026397035805,16343.277974669323,15346.79805010673,782278.8780456684,962.0
471,146.0,14886.208696074707,41398.18864051381,4.103,3.466,21664.696737587594,35929.1992631734,41391.81145380037,767963.4139738178,960.0
472,150.0,1775.663021624481,2532.1533351461712,4.028,3.41,480.45649770269756,5.98,5.98,374121.37812315737,953.0
473,151.0,4300.830664781743,7887.2031960284285,4.072,3.547,6426.059395445267,5.98,5.98,738407.6937051781,952.0
474,156.0,4441.786540090038,381.098728943649,4.021,3.473,6454.6083101290105,644.0163965296051,14533.86200829974,825869.4206650563,949.0
475,157.0,7677.14566803856,6553.381857365601,4.063,3.549,8867.80986289511,26652.61826455112,31571.182454822767,918297.8351909213,942.0
476,167.0,524.1117215124756,12030.483223111452,3.992,3.541,-113.58400001004338,5.98,5.98,369976.8947231859,931.0
477,169.0,5212.332463097259,14772.987492516659,4.041,3.451,10263.652468788547,2620.415369749088,6449.57526220695,753350.5061678813,927.0
478,178.0,526.3821398775248,8773.995332567001,3.987,3.563,-113.58400001004338,5.98,5.98,307419.47011716146,919.0
479,182.0,9737.079255919127,8913.196980607943,4.0,3.543,11791.44199278703,29422.542703708248,38721.675219198354,895347.0327131669,911.0
480,195.0,4036.2265453453665,6008.6248390195315,3.978,3.479,4962.047040956373,9125.347042384848,12066.86461962367,661715.6438065305,907.0
481,205.0,1705.6804124835398,2070.0193299900866,3.957,3.469,311.9150862133706,5.98,1357.300750611459,408205.8555665568,905.0
482,206.0,22975.58951071413,14493.515437517563,4.01,3.47,22330.847638950774,35774.727137550355,41234.46277659395,747426.9062797207,897.0
483,208.0,6996.361543458378,16987.537052717482,4.038,3.326,12907.296884050469,16780.512340974266,17408.05444310831,726664.4493813429,889.0
484,220.0,1792.3607379045623,19152.756411501006,4.005,3.478,2343.003777939597,5.98,347.82397159576794,697268.4369382008,887.0
485,222.0,654.6613244881995,1654.732031051639,3.996,3.488,-113.58400001004338,5.98,8108.309784442767,694158.8028362879,882.0
486,224.0,26515.889292930136,12153.472286108892,4.077,3.548,18693.805392634884,55685.38834201502,56396.3516355293,874007.1452971235,873.0
487,234.0,4305.528992654979,20473.51594079486,4.015,3.482,9437.054065290042,17293.39406253179,26486.436362351204,684698.3907867165,867.0
488,235.0,4283.467781363313,3530.451179943911,3.978,3.46,7706.027262468936,11905.465418842305,16651.558517156693,580495.9462394536,866.0
489,236.0,17364.017502161016,7525.917747166516,4.028,3.323,17673.733193752476,61615.98846617347,71250.02072012807,920526.1833282678,863.0
490,246.0,9605.984911214196,10786.740911849432,3.969,3.509,12218.85497734724,23058.97992846829,20048.531534469235,867692.7728771807,853.0
491,259.0,7297.195754011919,7485.198851938864,4.039,3.375,10211.992089356738,17883.132742562593,23722.852762044815,321812.515330572,840.0
492,266.0,18943.925631547598,18731.385997901903,4.023,3.388,16785.896861406294,49096.13752880899,45493.05418438364,765839.3616986232,833.0
493,271.0,1087.8304951617515,4935.446454773808,3.926,3.596,1428.1601930701572,5.98,5.98,78186.07050585072,832.0
494,273.0,11261.970282201848,10200.171759255078,4.02,3.367,13790.179966200003,28907.361626263082,33140.83369259095,861655.3898687758,829.0
495,276.0,6713.576753794799,2653.390273245161,4.014,3.427,12419.559536590603,29007.505366805966,31344.47807074982,669844.2589422275,822.0
496,289.0,12280.261262864688,1113.4073550110675,3.996,3.492,10468.47399654206,29073.631873800336,34351.5206162025,757761.1909156647,820.0
497,292.0,73.10613170389426,5171.778513384854,3.91,3.495,-113.58400001004338,5.98,5.98,29312.101920364512,811.0
498,296.0,13724.954501119257,23470.62498749795,4.039,3.478,17495.089262628393,34560.99134328676,36643.35621860995,839667.5327241449,808.0
499,300.0,10963.623606158983,19067.354359173547,3.996,3.304,12563.176789824645,37408.097378631894,47148.73085033417,598269.9189046248,795.0
500,309.0,2881.2533509392433,5233.038342195413,3.97,3.445,7143.489932693608,7366.607031325613,15696.696478332226,785008.8567252535,787.0
501,321.0,1237.6733375771266,8017.209602326911,3.919,3.675,-113.58400001004338,5.98,5.98,279918.4141307989,781.0
502,322.0,9168.780879756425,22838.824671278522,3.996,3.47,11033.580194941784,21652.70841694054,13290.317427995107,777583.7772496701,777.0
503,328.0,5511.48874168334,13240.005783832523,3.962,3.534,8815.072130265238,4130.441968506488,12368.281657953032,777221.1727319236,773.0
504,335.0,1343.629693450896,2480.8036166411566,3.938,3.644,-113.58400001004338,5.98,5.98,640613.9232884996,772.0
505,338.0,6473.6006796043275,319.0597873147386,4.031,3.475,8329.098802730932,24006.29575171691,30185.537380926093,768631.306120224,770.0
506,339.0,14726.553604860736,27016.652669487907,4.077,3.407,15314.485635846197,37362.631143629085,46528.01305478942,642272.1288307736,769.0
507,342.0,31266.22788668159,15527.586690405711,4.044,3.437,22819.06734517751,50176.89197024066,59660.93473468467,948815.0314756949,768.0
508,348.0,4291.702670364558,11600.292012233567,3.888,3.564,4843.409003358612,3556.1077980529376,8930.525618756054,404581.52325886756,759.0
509,349.0,1263.3279779571953,13424.780532271681,3.916,3.6,1417.5986385978863,1914.6101594707097,7211.63992227573,398505.59936248965,750.0
510,353.0,1599.4138579534233,2159.758214194193,3.91,3.478,1495.652977582894,10746.475684228424,7507.384847655537,640509.9823889304,745.0
511,364.0,701.6900657898043,8999.983692377598,3.935,3.513,-113.58400001004338,5.98,5.98,230134.4624609816,738.0
512,365.0,2777.811908444495,14762.781137768303,3.906,3.562,5775.2655948864785,9646.898265754055,15185.199860637389,592802.1914273715,732.0
513,369.0,2293.1426034270253,9945.865869051016,3.973,3.611,2110.772019620874,5.98,5.98,472389.50970659684,729.0
514,377.0,1079.5122558910882,12661.478378028325,3.957,3.617,72.00939566250963,5.98,5695.974029125218,303370.8628592108,726.0
515,381.0,6669.255765267503,8115.138418173035,4.0,3.569,7239.920836412359,24246.38067103073,25339.65113348187,897998.1444678168,723.0
516,388.0,36.33597318464465,12971.938744433075,3.898,3.512,-113.58400001004338,5.98,5.98,72518.32522077164,721.0
517,392.0,1168.7944503435524,19477.840606260263,3.949,3.462,2599.9252529931377,822.4707039482482,1175.4100962044613,198012.99084638958,718.0
518,393.0,21516.711390491393,17417.90786156567,4.098,3.502,19104.65912502328,49298.757715122934,50674.99289801859,956439.4177053752,713.0
519,394.0,9929.532402482111,14321.982763858334,3.977,3.574,9808.176151281052,27424.31498514299,38145.301248579955,841286.5111553778,704.0
520,404.0,1955.8890110234966,8208.386189726545,3.955,3.555,1173.8332486520776,5.98,5.98,566570.3093739339,688.0
521,410.0,9133.649416495946,11767.756820891133,3.943,3.529,12350.03224058931,30842.96441973891,37598.42879362178,469569.649815861,684.0
522,422.0,9625.883177790718,5745.942017743799,4.003,3.277,9897.271048616345,30849.85914836757,50398.833636157775,433845.40694047685,680.0
523,426.0,627.47215269173,3002.747010595489,3.955,3.54,-113.58400001004338,5.98,5.98,391115.7070654459,678.0
524,430.0,1726.5204973062882,24107.61252210763,3.943,3.591,1799.9042219719456,5.98,5.98,557921.4344630127,675.0
525,432.0,51988.55198839021,32084.010135447894,4.039,3.468,33058.907084401995,87873.7872175078,89809.24391377083,955569.8278967132,668.0
526,437.0,15283.831442746132,16717.455102723787,4.038,3.504,15006.880854308512,42533.69983808845,55756.4922805928,793565.7213474237,665.0
527,444.0,438.0694677300239,5863.379121879828,3.906,3.531,2021.2030658427245,5.98,5.98,168328.17437774627,663.0
528,447.0,3637.5474946451163,420.7463109651335,3.909,3.584,5922.5941799597,9908.585511684116,14406.140756837054,699245.4125416398,656.0
529,451.0,6024.686058868226,7175.84317913543,3.977,3.422,8385.004100831253,19611.337129836495,37103.32760096494,837515.7013642867,655.0
530,454.0,27770.272988093035,36343.19405681575,3.979,3.48,23080.382210258977,55193.69292222563,70297.84309188293,947344.5508834996,645.0
531,458.0,22063.80738934412,6445.977131038464,4.034,3.488,18518.821908637572,38946.623747431935,42708.35621583618,923852.2536464899,643.0
532,465.0,4814.11161016238,39916.80365624427,3.975,3.44,8116.8438824941495,29247.54748303299,21109.879479014082,869016.738392059,642.0
533,466.0,9547.346792020688,23731.732517632416,3.984,3.568,9753.803527615582,7142.545986698756,22090.614010333757,905638.5554338053,636.0
534,471.0,2879.1394705261896,4129.594869982036,3.969,3.595,2371.474025386255,3803.917433538153,2374.6095219584095,715173.91530457,634.0
535,478.0,6998.930544051026,21498.059145724656,3.948,3.599,10063.170413695154,25924.868452738203,36471.3315655047,834609.2976752806,626.0
536,485.0,8249.143466185826,3436.4976414678617,3.973,3.458,13030.097419712225,23360.886876276913,24738.9205193378,465541.3957685207,624.0
537,487.0,10001.998910933207,4175.890705437399,3.964,3.722,10279.183389876562,25447.069278412924,26883.07196360758,796912.3988321532,615.0
538,491.0,4728.738249280833,22881.027677661627,3.948,3.484,10769.180814966458,17731.15190844364,13665.984471872798,339098.3048415185,611.0
539,495.0,2150.0748163589915,25608.86422798959,3.885,3.516,4280.0746003067925,5.98,5.98,251334.26453359018,604.0
540,498.0,13890.174775421237,8626.133235976518,3.955,3.52,17681.064751588,27379.96994002264,35252.161506055345,877986.2333971275,603.0
541,504.0,28700.645098110454,16053.781687874296,3.973,3.402,28643.841266976513,59697.29284421165,64019.79134102482,919255.9309744382,599.0
542,507.0,6600.765501204073,6388.006800245445,4.01,3.447,9310.933650618226,34756.98670720889,40548.622423269415,593642.2939281616,597.0
543,508.0,1090.2736769521387,11861.818856581474,3.85,3.476,174.5291416380519,5413.963227902094,16047.63561742024,434516.51666607574,593.0
544,513.0,18786.363823500546,14159.587198639765,3.96,3.538,18474.712883272114,47739.8329852093,50704.614034378596,892087.7045864109,589.0
545,518.0,8817.170720566095,17382.102494819504,3.995,3.52,8398.898715363463,29205.660025712772,34414.133181893536,874459.0300382602,588.0
546,521.0,314.2596145955909,22903.595930208583,3.87,3.531,-113.58400001004338,5.98,9143.333204715891,401235.62723525794,585.0
547,524.0,386.54115157339135,11041.310728704142,3.902,3.622,-113.58400001004338,5.98,5.98,101336.44344905308,581.0
548,526.0,13411.498349299596,25621.166343311565,3.99,3.543,14639.452253992442,28176.668146463988,42148.34713307599,859266.6463384862,575.0
549,527.0,10844.869836938697,17636.90901723892,3.966,3.516,11234.214257647141,37371.3992513824,38416.34514558554,850658.5722042457,574.0
550,530.0,4335.871284511679,16815.5848601024,3.954,3.572,7036.609193356152,22336.540809533544,35003.25630657072,831414.1916013149,570.0
551,535.0,4150.7085234105625,1524.9493839431636,3.915,3.538,11069.17598853522,11883.233701457102,25641.88021658366,335351.9196909933,560.0
552,548.0,201.65401112159992,6637.326904683694,3.886,3.535,-113.58400001004338,5.98,5.98,501447.83803846163,557.0
553,552.0,1605.0046488385915,10542.904044121184,3.851,3.591,5397.800798749293,5.98,859.0616567815232,292538.9125253824,549.0
554,557.0,2701.1248359512383,48008.680072115116,3.873,3.585,8666.48340750165,5.98,703.7331824633839,800632.5779798441,546.0
555,559.0,1265.105364926713,3826.2337746830817,3.839,3.689,1808.2101001814306,5.98,5.98,349783.0515453705,545.0
556,565.0,29813.95980102387,13627.481642184994,3.972,3.501,19351.192869022096,86310.44832743309,100275.91514417547,936380.7087177184,536.0
557,572.0,1364.2018929513986,10074.43460933728,3.919,3.614,25.0566618286839,5.98,5.98,569820.4532113939,519.0
558,591.0,162.11888541550186,15179.27861196108,3.84,3.678,-113.58400001004338,5.98,5.98,24188.543132558458,514.0
559,596.0,4128.356966547489,12100.488331567678,3.924,3.547,4952.430409335686,16979.426349962036,26112.322970683752,412414.80788461264,510.0
560,598.0,1833.1315625700954,19023.205616918214,3.849,3.542,3013.9466623910503,13251.145462204327,10966.34044663058,257051.8603613266,501.0
561,603.0,1628.139968925026,215.53089722233926,3.919,3.599,666.8900298258523,5.98,5.98,387185.29879314394,494.0
562,617.0,5880.521510377197,5369.1104246338555,3.868,3.613,7629.756808274222,26692.68772172147,32876.83580847907,831592.9331944376,490.0
563,618.0,782.6587554180777,15207.069798721252,3.935,3.69,-113.58400001004338,5.98,5.98,615458.3496099401,489.0
564,623.0,11656.808335949718,18282.26200059936,3.931,3.552,12627.179390035855,39717.27207515607,39840.14916036865,874357.6540811468,485.0
565,626.0,8275.474517270954,8128.818686782429,3.925,3.431,14745.802853286443,32402.935898319243,34786.976568803904,343441.4852422685,483.0
566,628.0,2082.7941615551035,3788.393395833051,3.907,3.669,3219.345981707583,5.98,8667.938638138867,461048.7415301583,476.0
567,630.0,21506.918707279186,20729.16264245082,3.892,3.609,20159.91501878671,50721.08343440034,65176.52365564956,933177.5707249849,473.0
568,635.0,2242.457183784401,13116.780974879766,3.854,3.558,8257.58052509052,2421.3753040793363,7409.2437637329585,203314.64310039958,470.0
569,642.0,5666.005941743987,4312.028727801151,3.913,3.521,10497.525576770533,22545.31128468101,23171.239690465016,443788.63003344426,460.0
570,643.0,1357.4038781657046,11759.385614634884,3.872,3.517,-113.58400001004338,5.98,5.98,698777.7539311274,459.0
571,650.0,557.3443571561626,16763.6229571,3.838,3.697,-113.58400001004338,5.98,5.98,309430.35675491585,458.0
572,652.0,1256.6514238929203,12012.375539653895,3.82,3.586,3326.705400844598,2731.6256561478176,14035.87289196229,489268.5345108957,453.0
573,655.0,21187.006742431946,19955.70388561155,3.982,3.457,22192.502301075325,42867.68174282761,52678.53317250242,777694.9186960831,444.0
574,659.0,3155.9320455083157,8574.924857103402,3.897,3.701,5259.773571434756,17248.5640143267,20054.267015511192,863082.0405050428,443.0
575,670.0,4047.286482814573,18627.71806559846,3.87,3.553,6331.511127557385,27045.749217412973,31866.956641679957,242579.9206131491,426.0
576,679.0,4757.425816705181,10070.36484941471,3.841,3.556,8986.505112008314,11468.8763346212,21284.07502605787,302008.2731583683,420.0
577,681.0,1802.7557968302706,156.80787622506932,3.883,3.534,167.33448504518765,5.98,5.98,324432.8198442045,412.0
578,696.0,8470.776073793424,10899.11862980714,3.928,3.58,11568.032928342902,34815.11566214249,38538.74207326741,757700.8695009463,404.0
579,698.0,3469.8942601921535,5808.258413031869,3.895,3.54,2648.614070071457,8850.486308371304,13667.393583405834,426248.4306184811,400.0
580,702.0,6593.375806699694,9859.67050883215,3.862,3.618,9820.40563317974,21091.21223050449,35570.354043631654,780047.0442196879,399.0
581,704.0,4375.7143195780545,2621.708963529563,3.859,3.685,9630.826916760254,1979.5015364310811,15431.612357026483,591269.8984737608,390.0
582,716.0,523.1797180659539,3867.7277429921583,3.844,3.543,-113.58400001004338,5.98,8711.692691987559,369209.90630519827,388.0
583,721.0,10476.503390493097,7348.462158741866,3.881,3.616,17262.211030099978,35733.44115400122,49899.43011749163,761385.9198439622,384.0
584,722.0,14080.390848362447,9003.45982750329,3.917,3.582,12177.158585653953,35475.903355572824,40357.522950653285,712477.665000156,379.0
585,725.0,8205.056967767712,4011.45246474833,3.954,3.636,11127.500044703263,24075.579451184356,31267.07776084949,630673.0701929921,373.0
586,730.0,1199.7382471951055,10504.619463064228,3.85,3.733,365.87506576990154,5.98,5.98,384895.37168933265,372.0
587,735.0,7704.210894039836,13949.810247835008,3.948,3.647,6660.5345936913745,17371.30781372521,9478.41727874847,288491.4440972911,363.0
588,748.0,9240.00194641704,26683.473573487,3.89,3.507,11149.77929506744,14423.39843721183,17325.252018051513,511349.05939278076,362.0
589,752.0,6363.164597371722,12621.41020178897,3.903,3.658,7592.7255616372395,31413.518877066108,33838.58560900086,663840.6499892861,355.0
590,758.0,155.74775286860344,2368.18888477158,3.814,3.641,-113.58400001004338,5.98,5.98,255406.31330582878,348.0
591,762.0,11010.588783618117,14996.892256299678,3.909,3.596,19168.8972671688,42088.00132436122,46358.41404744413,710772.0462062688,335.0
592,772.0,6208.371419781718,29128.04612544015,3.873,3.676,6793.29526965719,22456.617163242456,35677.309378460195,754657.5780900106,333.0
593,777.0,25187.39118572732,23106.63501030067,3.895,3.555,24184.9169071144,57153.67096795104,65328.40249080379,742084.7730290992,313.0
594,785.0,5029.3323886057615,34514.438480839446,3.901,3.612,7146.912508113461,7463.47606001649,18960.78690106861,795380.1301707817,309.0
595,793.0,10079.769962224034,3979.92734223676,3.874,3.559,11889.062473735437,33022.68879625459,34852.80296941231,893412.4775748501,305.0
596,797.0,22.082072491645263,14175.03331182614,3.795,3.608,-113.58400001004338,5.98,5.98,11194.496032189818,304.0
597,800.0,5653.178523705685,3665.423790644491,3.926,3.684,3637.9425343814755,18701.313712143572,27103.310995945103,774505.8426334353,300.0
598,805.0,1990.4171244481186,307.856824959577,3.803,3.623,4565.0077242528805,24545.616345441336,32767.17797598143,692379.0599789032,292.0
599,809.0,13.147802709378638,14493.726310351845,3.729,3.81,-113.58400001004338,5.98,5.98,284816.12604523846,288.0
600,816.0,556.3293045940436,10626.849766875272,3.846,3.677,-113.58400001004338,5.98,5.98,329218.10741030547,287.0
601,823.0,553.9463813505054,21070.03177491701,3.85,3.747,-113.58400001004338,5.98,8714.818199521755,258346.18720103957,275.0
602,827.0,17282.197344192118,23392.040110159982,3.896,3.704,17181.95348062193,48798.18386530143,52613.56605686185,876154.1239995126,269.0
603,829.0,245.98864998601724,7929.198163682871,3.846,3.722,-113.58400001004338,5.98,5.98,85652.35473194192,267.0
604,836.0,355.97416051563704,17579.694899712034,3.866,3.777,-113.58400001004338,5.98,5.98,296991.0634430087,257.0
605,844.0,4532.098095796084,20532.93138088728,3.837,3.526,9867.436707654302,34125.13586544128,50073.767500486865,815374.6786091714,249.0
606,847.0,39.19884268938329,4843.341392907434,3.798,3.51,-113.58400001004338,5.98,5.98,13258.559000038256,248.0
607,859.0,1987.230318721079,6309.462386123843,3.837,3.689,124.72617391942276,396.887221687346,18100.086907715988,378363.9239198934,246.0
608,865.0,5186.6293647926295,5163.718512606203,3.887,3.609,8561.634874147248,22457.69079325198,24333.729278952203,390980.90709235315,245.0
609,869.0,7838.1279241181055,12602.742776151146,3.879,3.676,12363.817864260047,24853.08133523358,27644.343271689286,441991.04795405804,236.0
610,870.0,9518.53136538354,32586.769659363712,3.859,3.587,11608.907107750229,30558.96524456887,26605.903524195564,370649.22429659887,227.0
611,876.0,7739.281376404482,21049.046959040228,3.839,3.749,10353.62666388401,31854.630714139705,35978.531718660735,865295.5106665061,222.0
612,887.0,3259.702117245507,15549.013543782945,3.864,3.675,6962.66393115664,7142.431604693938,13826.862510006582,843740.5407157261,221.0
613,889.0,1881.4790273854387,3115.7060082501757,3.907,3.584,2914.9554566737343,8878.89697903718,5212.931487855309,362697.86702019663,220.0
614,891.0,498.62142351668285,20250.388103886417,3.764,3.767,-113.58400001004338,5.98,5.98,157893.4164166462,214.0
615,897.0,29354.70447493972,15378.165531006918,3.927,3.599,22080.01458255257,67537.03210179866,81669.99267305776,931192.539899955,206.0
616,900.0,4187.743043498311,16529.73866376315,3.861,3.726,6348.857681946962,34429.694643682145,32966.64281223003,813652.3932145583,204.0
617,907.0,2995.6886559345785,746.1356590936655,3.924,3.697,1422.9614906267593,5.98,5.98,245999.10962659426,191.0
618,917.0,560.2748603119304,132.59157223967145,3.814,3.807,-113.58400001004338,5.98,5.98,316279.94711173675,181.0
619,923.0,3714.0887407453542,7007.401892171992,3.85,3.662,5058.799555908094,481.1481372115104,2813.0914866286657,467382.25319013617,174.0
620,931.0,3012.378229842769,4917.8639782992195,3.86,3.742,2314.6575908212126,5.98,5.98,770057.3100466147,164.0
621,934.0,32.211066916705775,6468.059647985067,3.826,3.607,-113.58400001004338,5.98,5.98,33805.383517406466,160.0
622,946.0,1559.1893887366036,5117.704667204875,3.808,3.746,3579.9289777008976,9430.581570213344,21161.792717645192,568716.3392249532,154.0
623,949.0,1706.474967294879,20896.745519045246,3.817,3.821,2778.4420196725796,5.98,9215.824927931557,476588.15245174954,153.0
624,956.0,10934.28526175153,6178.999556510345,3.83,3.641,13746.433995830808,60370.00574366271,65597.50929341922,911963.7526344393,146.0
625,963.0,12260.358787209725,37948.134089689884,3.883,3.652,15392.44434431423,30471.240373715016,37068.88152139918,838723.5182791179,143.0
626,964.0,559.9029139246826,5395.393820099297,3.819,3.654,-113.58400001004338,5.98,5.98,206544.41216302224,142.0
627,967.0,2024.625925192366,11588.636970409254,3.836,3.653,2561.6972708331336,5.98,4301.9583240221655,244258.45650159247,135.0
628,968.0,21268.663796493373,16313.92270649158,3.862,3.763,20732.955075454833,49948.42987442565,57911.69552523419,934132.1861706582,134.0
629,971.0,523.7199433320861,12620.937411414874,3.838,3.713,-113.58400001004338,5.98,8428.524789021138,489687.751591502,126.0
630,976.0,9739.20337232828,4681.874551722454,3.854,3.657,6753.395986980981,32914.75241607345,40207.8373145521,688330.4677165622,124.0
631,984.0,1214.9827773637264,25018.80058876294,3.751,3.762,2764.923301250432,3789.957409864756,16888.298238611264,336463.93233057496,123.0
632,986.0,12918.073076523397,32328.78324522958,3.951,3.667,14685.938507826027,35821.399785850284,45838.00459100499,921388.5610706887,117.0
633,987.0,133.3045087948576,16640.685646646154,3.811,3.717,-113.58400001004338,5.98,5.98,373654.2118457277,114.0
634,990.0,13471.584435000175,21800.903538445807,3.895,3.554,12995.882547795063,46055.17089877922,56705.28477255686,875968.7237795742,108.0
635,1001.0,7290.620437095492,9466.225689892533,3.868,3.571,6365.567500850944,32221.958707976515,43886.984763715576,844875.0806001613,105.0
636,1003.0,4827.759673940012,2015.1580099951248,3.899,3.598,5267.690364453472,22823.164278120003,36658.90022794258,761260.9406328553,100.0
637,1005.0,748.2440623228831,6087.658840537934,3.804,3.69,-113.58400001004338,5.98,6150.0390560849655,257860.95551918235,94.0
638,1017.0,8799.684962901923,378.1460093377352,3.86,3.557,11021.44745894829,25258.95036134146,31829.621988324332,570809.1609074912,91.0
639,1019.0,141.9776553031455,9881.476289830673,3.753,3.661,-113.58400001004338,5.98,5.98,36198.23404641678,88.0
640,1021.0,8137.061758998507,24895.58585077461,3.784,3.582,13530.616117891615,28014.392182809457,29342.16782460767,621753.8811025657,86.0
641,1023.0,1589.7412646161386,7067.213602795259,3.77,3.836,371.3691555826563,4143.831356774209,13630.733205321403,479980.50753041444,83.0
642,1028.0,4496.678118724179,1280.218833829593,3.88,3.582,4217.665471533857,24154.454049284843,28228.169535305817,566191.5246333741,75.0
643,1033.0,3169.8094289347946,6131.945231265951,3.77,3.611,10193.52062678056,18952.54002071677,23583.359362659154,478476.612723642,67.0
644,1034.0,5036.207027410075,13715.178308207953,3.831,3.636,6875.486311926565,31429.363142158272,33403.303417211144,313422.90091554215,63.0
645,1041.0,4251.966823536276,11039.651244482797,3.731,3.722,9670.349444722577,21871.45736035239,32747.577985998556,733293.1355894994,61.0
646,1043.0,447.82038982146435,28669.30011659474,3.804,3.588,-113.58400001004338,5.98,9890.690231846094,195459.6476240174,60.0
647,1052.0,221.85686561329177,24720.782811869656,3.786,3.744,-53.13851627526583,4966.787291628936,15456.404817134606,356700.6308990318,52.0
648,1056.0,1592.5801729243449,5957.878170327815,3.765,3.796,1468.2170385157688,3730.19340752892,16548.165475162998,254602.10745153166,51.0
649,1059.0,853.0086644497976,8519.046979199069,3.795,3.728,-113.58400001004338,1240.7819748793863,2020.9584265239837,176627.271923956,46.0
650,1067.0,6619.226864327679,24973.49654652313,3.888,3.616,9882.3832114913,20590.336355489642,28432.152089205214,791960.7989191308,40.0
651,1068.0,150.81735558136535,1937.7031011390857,3.804,3.812,-113.58400001004338,5.98,5.98,95051.40887467797,37.0
652,1073.0,15600.510821933287,4929.839654945186,3.845,3.668,15476.191514680679,45579.92746140048,49781.44515893242,826705.890080552,36.0
653,1074.0,924.5997247497869,10631.328338878833,3.819,3.668,2402.530085228108,4509.984465124968,15392.795435406833,514412.42364441685,34.0
654,1077.0,17349.408981723576,24402.910837998086,3.888,3.559,15487.185723247954,42546.60818031746,52773.605012347616,872961.2457247479,26.0
655,1080.0,105.45799472261666,7300.8904419952205,3.75,3.792,-113.58400001004338,5.98,5.98,283917.89331954264,20.0
656,1087.0,12690.884392576863,32323.020782370168,3.856,3.646,14580.510291543404,38655.20338807734,43612.12395783538,862286.9780102135,17.0
657,1090.0,5563.938657639898,1887.1311996386205,3.809,3.59,11429.354931057576,23936.304109190296,29919.55780291227,811417.8197057458,13.0
658,1095.0,401.7636194122727,12373.962545386235,3.811,3.836,-113.58400001004338,5.98,5.98,397240.61768545804,2.0
659,1097.0,8978.94799537486,26596.18182814994,3.864,3.737,10487.66883540307,34873.810841264465,35885.22574947861,762258.631547975,0.0
660,1.0,19492.116407751193,26092.75578689716,4.145,3.369,16892.59013248267,34443.93587259846,27236.409851119766,613952.99987327,1133.0
661,2.0,2171.376886366493,1105.1620480069842,4.013,3.346,3446.923150065676,12494.275806461384,16580.70722700125,457576.7274176712,1118.0
662,3.0,22820.761511176814,40442.362991451715,4.134,3.328,19669.907957395353,54543.421903747294,54597.87690222153,892178.2653174055,1095.0
663,12.0,2701.5484825610974,19285.10456095196,4.095,3.368,-113.58400001004338,5.98,5.98,526265.6937524365,1094.0
664,14.0,7267.077600666579,7991.184446818561,4.083,3.423,9079.158140406409,19694.57154846305,22493.88811142236,911357.7294349727,1085.0
665,19.0,687.3767941447747,11568.65966560222,3.939,3.37,-113.58400001004338,5.98,5.98,178004.46641755334,1079.0
666,24.0,14060.932268458271,3569.6668124400685,4.066,3.358,13602.545386789017,28879.930808379573,34278.23518202675,806594.5736355582,1077.0
667,31.0,25160.33027850208,7671.559142632309,4.066,3.337,20089.277269352075,62321.48688598533,59644.44885138724,716252.6933450927,1075.0
668,35.0,2090.532253101059,13101.81680371016,3.988,3.438,3679.8401083412914,9304.2850849901,13811.181141116744,800206.0794198014,1073.0
669,38.0,8722.634322055346,3596.253334605846,4.058,3.467,9108.044885771695,33098.98760393917,37827.78303551425,854469.134865213,1072.0
670,39.0,5752.940249656025,7350.1687922419815,3.975,3.388,11932.145490321283,24943.710962599274,25937.628153349455,774550.3856180224,1069.0
671,45.0,1817.6131038237809,18779.15772000317,3.994,3.46,2022.6032147615485,5.98,5.98,380198.1289161178,1065.0
672,46.0,9380.764602852716,5383.335927162047,4.022,3.347,10265.42808019116,12751.161698315853,10776.511208336933,712863.2586711643,1063.0
673,47.0,16200.179885125694,12374.441419488554,4.104,3.53,15852.023128086606,34625.2785899854,40794.202685754964,811550.033822954,1051.0
674,55.0,18508.516768877776,23825.721487377024,4.106,3.353,18189.46035098761,45989.57712663979,41057.27239378943,880249.1133827181,1043.0
675,61.0,1634.6718297523673,15206.941277683894,4.042,3.228,3006.6116450104587,5.98,5.98,164355.6242207693,1038.0
676,65.0,2589.9538933262975,11001.92207547403,4.0,3.487,5650.927713128191,10453.140372599912,5226.111563175405,363734.9153069431,1036.0
677,70.0,1034.0587510664748,4044.0653261234156,4.017,3.341,-113.58400001004338,5.98,5.98,562644.836363476,1027.0
678,77.0,12336.66976015011,2658.892790837228,4.082,3.368,16003.644559874152,32705.083923371443,38731.11058496682,872912.7083517703,1017.0
679,87.0,2246.5968557609763,15815.994111616765,3.99,3.358,1772.8024246135383,5.98,5.98,235296.74555935393,1005.0
680,103.0,442.4085820427892,13196.401661107902,3.937,3.416,-113.58400001004338,5.98,7202.188692971402,57800.577540617676,993.0
681,114.0,462.77478177822303,599.5453196000786,3.942,3.402,-113.58400001004338,5.98,5.98,40195.30644599577,991.0
682,119.0,6679.875568623476,6525.658422527997,4.033,3.537,8085.91048143246,14177.304857703552,17127.70156167108,819494.2644445326,986.0
683,124.0,6218.072448423229,4571.568638862764,4.01,3.456,7920.45167191188,26093.51321424938,30928.793559254227,555117.9662635021,978.0
684,133.0,4049.1989606540023,28662.287908418122,4.009,3.492,6067.11254365697,20398.46498887668,16450.464714712387,738478.7844022833,973.0
685,136.0,3312.060396551308,20365.453263248426,3.924,3.412,5349.408729906398,8248.726467625538,8925.439184451714,283360.8046484979,958.0
686,143.0,10773.312017795579,7096.742463988797,4.07,3.408,10376.520723377225,26379.978289508974,38347.23764127069,908621.9132999721,948.0
687,169.0,19118.061856084747,5661.468786918924,4.034,3.497,14488.352407025637,56562.93994576606,60912.82261537581,920622.986325523,937.0
688,171.0,3475.257334210458,6002.134700679417,4.037,3.4,3340.45655486061,12294.680656465978,14734.190260803336,749064.332195626,935.0
689,175.0,2297.4169509081717,12717.859893224024,3.999,3.533,3665.426222411902,5.98,5.98,159186.5414527243,934.0
690,177.0,566.0527334745401,304.5198358218024,4.009,3.398,-113.58400001004338,5.98,5.98,178939.73014963535,929.0
691,178.0,13221.875970679319,15698.9337467771,4.008,3.407,19255.236339203748,34291.66267639356,44260.89393125738,797024.1695836091,917.0
692,191.0,4354.720849203761,8655.718155797818,3.977,3.509,6059.863239618352,9734.694085345207,11513.954991347624,648015.155365184,912.0
693,199.0,6713.67333679455,10452.554317917202,3.986,3.393,11221.381696155107,19114.124444257115,20723.516892457825,345530.57673502836,902.0
694,203.0,12823.793335307602,17509.056065111847,4.047,3.423,10671.785396762749,47761.169519620846,45439.28013800908,943582.0166328038,900.0
695,209.0,338.8572345222471,21054.23141615505,3.934,3.558,-113.58400001004338,5.98,5.98,102933.68989189508,888.0
696,223.0,25762.610855463776,31562.604039090747,4.082,3.469,22817.081135872562,50879.2011168281,41162.03976205516,840828.5482899976,886.0
697,224.0,17852.5342048869,6406.869309401621,4.056,3.574,15460.987299831357,41073.17722656367,40743.831326113446,948475.5494618522,878.0
698,225.0,6758.855864334288,25119.292286411575,3.98,3.454,5815.434806878333,22289.363478112427,27342.353851333,442142.12887417135,873.0
699,231.0,783.4626279125608,635.4908887453321,4.026,3.459,-113.58400001004338,5.98,82.62797056097224,497163.30436426407,867.0
700,240.0,13915.98909813662,27597.334347154887,3.997,3.458,15621.985017471878,29094.204509418396,38794.63765082,845032.5683780261,859.0
701,247.0,6699.423895532626,11835.875452148557,4.022,3.519,9987.831346676156,34226.39582800292,26754.267529784287,327996.73696033156,844.0
702,253.0,6407.869703912248,21734.28598996578,4.023,3.528,7771.210811458512,20231.75413357863,30166.111152933394,898851.261961053,842.0
703,267.0,3419.5424518938594,24682.04157098663,3.986,3.541,4999.823830208522,5.98,5.98,431345.56217744376,840.0
704,268.0,6790.876848197331,18431.155219432076,4.036,3.321,12582.000985113873,14722.322832443737,15741.85457572193,805879.9132550057,835.0
705,271.0,1079.3563025904914,31995.53450261943,3.951,3.667,-113.58400001004338,5.98,5.98,301780.86703512754,829.0
706,272.0,246.85147447484098,1197.8491545936959,3.935,3.526,-113.58400001004338,5.98,5.98,537384.2688909419,827.0
707,277.0,3955.6303259158335,4028.877792130683,3.994,3.495,7112.469489645422,10670.324167230181,20477.213835392897,772614.0806947431,825.0
708,278.0,22981.48456386799,26080.143823558523,4.055,3.413,17660.600828829447,46643.964583344205,57954.1375928889,851850.1639565252,823.0
709,284.0,14374.78873519812,4410.027953772156,3.99,3.552,16537.149691260325,35039.081013288305,49984.09820024454,902119.7262886434,814.0
710,291.0,788.6892498837938,9838.85947354588,3.91,3.476,2632.4530796470563,5.98,5.98,178021.74681982794,811.0
711,305.0,12927.841115102574,8348.606626150564,3.993,3.58,14313.212887606782,39330.43793207829,46211.97461214681,787958.7030505803,801.0
712,307.0,10061.26125160195,17910.674591543902,4.019,3.365,11577.606021618893,15926.9695600104,17071.920682677795,489079.5506826762,798.0
713,309.0,5783.607567091394,15514.445821881953,3.97,3.546,10112.602232826035,24068.320521257036,25514.799522804562,908087.7277614434,797.0
714,318.0,7195.402544803824,4949.102569919567,4.039,3.321,9380.00410420093,17570.645479410883,22001.315887955672,550818.9552273701,789.0
715,322.0,10309.399021768648,15689.338608678958,4.08,3.456,11631.735929437547,20930.058169807977,18268.467179217034,576814.3143149124,770.0
716,334.0,17816.547620409794,16777.745408142495,4.039,3.564,16841.111496201418,35315.510103021516,38107.541567523724,904745.4754818236,766.0
717,338.0,36.06654517006732,7718.483953507743,3.839,3.599,-113.58400001004338,5.98,5.98,38514.43825473584,764.0
718,343.0,1824.1946235893797,1586.6368798096287,3.966,3.618,-89.83332782074967,5.98,1915.3331451646209,693358.750624119,762.0
719,346.0,556.0691238351604,12520.102908966368,3.925,3.416,-113.58400001004338,2333.162366906549,5.98,424798.8179271661,756.0
720,350.0,9305.906434637298,13832.316991808257,3.905,3.592,11933.584552867893,30557.520327959104,29943.19598164814,771793.8128419707,753.0
721,356.0,17089.97704835764,24339.02652404376,4.026,3.419,18668.546214373833,37782.01034932937,33196.70079500157,599887.8639130144,751.0
722,358.0,553.0928876233545,5272.29066778251,3.94,3.512,-113.58400001004338,5.98,5.98,71442.15427604514,748.0
723,362.0,28699.92409844516,23722.02664092075,4.068,3.316,23360.914675344997,62553.88401003799,75697.82323202754,924866.1505173699,747.0
724,363.0,7008.4258953066965,6391.190049882566,4.007,3.503,12711.219411775344,23911.075713852846,31625.30595415485,787587.4140518479,740.0
725,366.0,1727.8691724947607,29252.83114607926,3.939,3.545,848.8718367477227,5.98,1688.6012516465034,215355.07333779417,737.0
726,374.0,2323.480310679203,8327.137399433357,4.0,3.538,6043.041024068707,5.98,5.98,189824.41881923814,736.0
727,378.0,7494.267784239476,28237.039577898177,3.994,3.378,11874.183745393571,15311.133319581355,19697.514340175643,669459.1330242907,735.0
728,379.0,12184.769607922743,2599.1489142216924,4.037,3.497,14249.309227443962,40663.91443272268,40469.56770085312,894489.2089417569,729.0
729,381.0,184.070171551864,2142.774192124005,3.877,3.556,-113.58400001004338,5.98,5.98,260006.9851762082,726.0
730,383.0,7245.7814705004075,5420.994915930468,3.978,3.443,10845.434006894897,29974.417170074295,35853.952769059324,753722.3864385326,721.0
731,385.0,1303.046330461507,24467.969668921854,3.915,3.426,198.00714375126563,5.98,5.98,289605.38574804016,715.0
732,387.0,9426.603351332496,10080.27671735502,3.969,3.593,12345.308109455098,43930.333332361,51631.37522787788,803725.0892498392,705.0
733,410.0,4747.567129275448,29843.746562755983,3.926,3.542,8631.651335027329,8767.834993366121,16157.164940795286,808985.2529742179,701.0
734,411.0,3678.038605114338,11146.077843525582,3.951,3.474,8730.533736666797,21925.276524614063,25197.904692847686,359210.19886157307,692.0
735,414.0,1739.1368937098332,13193.174290869109,3.925,3.42,2000.717336102837,2213.5118850384874,17601.659109764372,519099.34354765667,691.0
736,416.0,2760.7986064314223,14546.19239659407,3.93,3.576,6296.145831788035,15117.810035315904,19762.250928248242,915082.280948725,687.0
737,418.0,10663.380417228165,24050.631736932715,3.972,3.624,9892.831808167686,18742.49398544526,27417.352709443818,720705.4048001812,681.0
738,423.0,8185.001361939196,22848.08948409265,4.01,3.559,11367.487923543247,5.98,5.98,786365.6126784824,680.0
739,427.0,15470.874020439422,5566.479703795647,3.996,3.539,16489.717241546507,45826.39597253977,49114.55695359995,763867.4456027576,673.0
740,432.0,1021.5746226682809,10110.962268288378,3.917,3.596,-113.58400001004338,5.98,5.98,446627.70622774365,666.0
741,439.0,4468.402227411349,16466.395223599586,3.911,3.525,10519.829506310602,23163.017031425497,31083.336312494066,764590.4593081842,665.0
742,445.0,17952.55170666006,16887.1686555715,3.961,3.54,17822.770353788135,62629.35264318912,56518.69938501982,863756.7289980109,664.0
743,448.0,13337.840725586362,13764.369753513234,4.027,3.423,17068.05244517038,50996.490290610614,60478.60061872162,860309.6144360405,658.0
744,449.0,14.116160841065593,1982.8154559616096,3.822,3.646,-113.58400001004338,5.98,5.98,47548.29244800137,652.0
745,457.0,3497.709839304641,1530.741758239761,3.947,3.432,6387.756922803734,1509.8184176116224,5.98,210619.65036709758,646.0
746,458.0,403.75899801943837,9662.011818880743,3.847,3.666,-113.58400001004338,5.98,5.98,139098.34810840653,641.0
747,468.0,7279.533338568416,12565.011610710819,3.976,3.447,10443.27972846328,38050.7783994976,33716.86021445041,562758.4579405602,630.0
748,480.0,9507.023189338237,936.9095820247417,3.978,3.654,12817.815239232414,22763.324331103533,29746.707334589213,859293.6928961902,618.0
749,486.0,7343.948924676976,1490.0667127452052,3.945,3.609,8541.059738121585,19214.502245073112,29751.21148745303,280408.1313826583,617.0
750,491.0,6381.112053228382,1420.1179137475865,3.96,3.481,3599.7858694910838,2302.3293231569387,10500.039235376864,838491.7974909664,611.0
751,497.0,516.7473085713893,1327.1347568632152,3.905,3.747,-113.58400001004338,5.98,5.98,577324.836080904,610.0
752,500.0,12468.044350322129,11391.539698628629,3.959,3.512,18352.217084986718,34745.18845748065,35334.56034526525,834320.4743575265,607.0
753,503.0,8235.295524517163,2278.8152409543827,3.891,3.719,13827.579680780522,27583.297695245823,38822.22278782489,902161.8966653999,596.0
754,508.0,6695.8307744919575,10725.582152376337,3.924,3.504,12898.67190327898,27341.33068327259,24245.557129284054,845914.9591845218,585.0
755,519.0,65.31141432128753,15342.242966920974,3.958,3.513,-113.58400001004338,5.98,5.98,162142.34735384758,584.0
756,523.0,1919.8159701618993,30805.183111199214,3.886,3.438,6610.638906960952,5.98,1292.561429233665,277043.7773878247,578.0
757,528.0,12801.156154671426,13225.578980683047,3.95,3.637,17009.817521566674,16813.221753686426,20334.17721833598,858792.1634283788,570.0
758,537.0,718.7228563198651,34491.79850844135,3.809,3.595,28.438799125585774,5.98,5.98,206476.08314471546,562.0
759,543.0,5057.453872037412,10740.74991870781,3.965,3.375,7239.270099118317,5467.6444274182,15603.543760860532,468185.79752066836,560.0
760,548.0,8336.597414342707,16276.963951324837,3.982,3.532,7259.743204303402,19439.46623020482,27627.96084700866,685837.7839658981,557.0
761,552.0,5068.749901012461,10336.76881835515,3.94,3.555,7064.322606518494,3687.710205822657,8113.590906190947,302013.31995528087,543.0
762,566.0,1547.728064045647,1667.597651208631,3.874,3.698,-113.58400001004338,5.98,13237.479334931968,749732.5681942904,538.0
763,568.0,17161.877866394665,15028.965151042248,3.96,3.472,16184.53124485279,52897.94831544571,55951.228114826576,909797.1143889268,533.0
764,576.0,8979.945594101617,26979.968939998555,3.916,3.468,17419.303502303468,25939.438388886512,35495.499104306655,878067.5017170201,526.0
765,582.0,14315.527144742682,12998.980233959363,4.015,3.575,17444.175306375117,44581.321246936684,56483.652216705435,876732.2377018915,516.0
766,594.0,8776.641925748278,4277.360841567201,3.971,3.357,11646.967088317311,23134.4370071158,34826.33537822662,105816.78803839137,510.0
767,596.0,14868.399588771495,11044.060270440634,3.948,3.548,15286.02785455972,45438.408406039,52714.329740027,791672.8389521964,505.0
768,599.0,970.6006008364881,10771.429147148323,3.861,3.522,241.45659233572815,5.98,5.98,220179.88319624905,499.0
769,603.0,1368.4310954726855,6855.661125978693,3.934,3.625,-113.58400001004338,5.98,5.98,520656.05591246573,493.0
770,610.0,2485.4763508359574,26446.311008930832,3.854,3.511,8463.686010006217,87.00379139807137,3768.029538494926,51175.651878268836,491.0
771,612.0,1357.747790850486,11125.93743607475,3.847,3.621,936.2492293477949,5.98,12079.587552040353,595723.7305216014,487.0
772,613.0,370.84107008718354,15191.636443104337,3.891,3.546,-113.58400001004338,5.98,5.98,169940.45138030537,486.0
773,621.0,1197.781105989395,835.5869570141142,3.857,3.588,-113.58400001004338,5.98,6873.928946875772,360774.77076071274,478.0
774,632.0,439.0873728334721,6127.892440993928,3.896,3.712,-113.58400001004338,5.98,5.98,545460.2355902836,476.0
775,633.0,6887.647303317708,716.9833193323647,3.935,3.686,10264.70112002896,13936.8165336681,27078.546246185295,936246.2397596431,474.0
776,635.0,3150.5834528123078,12433.371137560207,3.887,3.634,4880.80548470271,17992.375230099315,27922.181030736276,676903.6025252708,473.0
777,641.0,6786.306436275602,12972.647064458066,3.885,3.491,11232.347655110625,7043.640249309283,15763.596758289514,670908.2569653136,459.0
778,645.0,609.9265675480625,8030.825166774253,3.851,3.539,-113.58400001004338,5.98,3020.1769487421097,606953.7125652002,457.0
779,650.0,4971.262335770962,1749.5313027826464,3.838,3.688,8186.320693565138,11639.952714196155,21654.523147732474,585500.7539668969,456.0
780,654.0,7446.141452136072,25812.493708694714,3.933,3.543,12366.323983149343,17868.144684031235,22474.05050531045,449948.7118018699,439.0
781,656.0,7495.125744620014,18027.773277825516,3.965,3.528,6885.114857239001,28597.486707575146,37357.752846781594,891316.7385783537,438.0
782,663.0,8217.172863349328,14882.14658225132,3.885,3.569,14098.500709835314,32675.07884656056,42516.40854762164,679540.9684226192,437.0
783,666.0,1162.6455316155043,23173.69632039397,3.918,3.597,822.1318359896991,5.98,5.98,221401.9535959818,433.0
784,674.0,4622.700793375423,9428.183108398684,3.934,3.695,6486.0445020610405,7014.701184309164,12507.38369116071,731335.238952237,432.0
785,680.0,7636.152348755445,20997.56263442112,3.911,3.623,12833.79337210129,21385.425806538515,33301.359228885674,502763.8609643499,428.0
786,681.0,1302.016301959699,13057.321797441811,3.893,3.702,582.4219674559281,5.98,5.98,565204.898905628,426.0
787,682.0,9594.61635415148,10344.170056730167,3.917,3.603,13958.044839556727,19184.986395881388,21741.102113057765,524565.567215987,424.0
788,688.0,2396.7851590917126,12119.939493476057,3.835,3.504,5744.987472574731,1539.3509869614545,7535.187608253125,104081.5629039599,418.0
789,692.0,650.6196490108167,27296.59102798446,3.842,3.556,395.53169236403164,5.98,4557.353707419916,180943.7754626627,414.0
790,693.0,22909.777672746422,28142.596868898963,3.978,3.588,19719.556024394176,54269.620761957514,61065.27223627129,889683.4071792696,407.0
791,699.0,35221.52894937375,19314.888555657428,3.991,3.693,28669.92160807411,51124.56618184352,53426.223818082835,955109.3234604968,403.0
792,703.0,2507.3212587987628,15087.741111527404,3.881,3.56,4927.491894066819,5.98,13966.900017616423,382479.0382203609,391.0
793,716.0,15926.558011415796,36843.17049798171,3.922,3.589,16034.374211972392,45847.06531963224,58051.99966692876,949931.4754391899,389.0
794,719.0,132.52695599596652,23142.187195024948,3.851,3.66,-113.58400001004338,5.98,5.98,323144.5073581951,385.0
795,723.0,2475.860804383876,14508.121006744193,3.891,3.607,6368.711672957961,5.98,215.38343688887107,170896.5924378682,379.0
796,728.0,4049.3948066508815,5535.976235474201,3.904,3.61,6317.454487007992,6348.134816408303,14076.910042452237,552102.3425848056,377.0
797,733.0,7360.716581451167,9487.015247345462,3.946,3.548,7340.284895431509,27783.67888052275,32435.568223072805,552777.3625218916,372.0
798,734.0,365.3612294165793,8592.788087718123,3.833,3.587,-113.58400001004338,5.98,2241.319745139571,333396.5611723869,368.0
799,740.0,39463.512251917426,34164.04199382373,4.02,3.498,27919.30725044607,64441.26265533308,75530.01418997842,835688.4826377571,361.0
800,748.0,5279.4257025287025,29620.041794808123,3.881,3.707,9337.292421933264,12633.890051481685,13380.393306120939,396977.6450588357,357.0
801,749.0,1553.612465564322,14789.625522932067,3.873,3.845,-113.58400001004338,5.98,5.98,479018.1440680508,352.0
802,753.0,47.82056809443615,6937.766407902219,3.833,3.607,-113.58400001004338,5.98,5.98,77919.17417749413,344.0
803,766.0,251.85977863551588,4996.927154437515,3.795,3.712,-113.58400001004338,5.98,5.98,489331.41893963574,339.0
804,767.0,3198.177957320972,5303.892640674574,3.91,3.649,4164.359085620858,15480.371523576534,35696.476859689305,834741.9999958876,327.0
805,782.0,722.1776156628354,6439.120260377996,3.841,3.71,-113.58400001004338,5.98,791.4132161069938,358676.38827751926,322.0
806,786.0,29.096261132346186,8312.549292356583,3.805,3.693,-113.58400001004338,5.98,5.98,11161.653226683897,317.0
807,791.0,10260.775032802438,5766.616487584884,3.878,3.559,12460.504118582923,31451.3384301901,52626.30210531979,726842.8210718735,311.0
808,795.0,13255.611291324318,8843.122983009165,3.982,3.599,15477.683629294492,32294.4145512202,44438.19887531898,904472.8038899427,295.0
809,807.0,3261.0589485353553,20325.857567233303,3.845,3.646,6455.164287927822,5.98,5.98,512336.24962184177,292.0
810,810.0,11941.519440313547,2135.460501167418,3.925,3.601,15655.496912668601,48743.850607215936,58458.18494886543,820230.2193549718,288.0
811,812.0,148.65496656505704,3639.67508877685,3.853,3.664,-113.58400001004338,5.98,5.98,88476.91795052015,286.0
812,821.0,619.4049033664068,10302.617067117932,3.861,3.642,-113.58400001004338,5.98,5.98,192406.88265826544,283.0
813,822.0,1264.917116759164,21689.175755402004,3.828,3.706,1141.140957840003,5.98,5177.438675734821,563128.1737258909,279.0
814,824.0,11360.046684927442,15611.381392933978,3.93,3.61,11170.995184976982,39296.37395452669,43303.23912005911,938006.1854642334,275.0
815,831.0,194.2805964413092,1164.0045286399732,3.756,3.733,-113.58400001004338,5.98,5.98,226577.41362498133,270.0
816,834.0,1803.5203267130287,6613.50856773025,3.87,3.617,4555.261920745069,2712.742680723302,8454.751394566782,236256.33542212655,265.0
817,843.0,8659.362744167993,12241.669061520839,3.952,3.621,10468.48873056076,28586.674036864664,42942.29178099738,927565.167024128,260.0
818,850.0,28.217151234353338,11042.489266496934,3.716,3.725,-113.58400001004338,5.98,5.98,92061.50960980686,255.0
819,854.0,1876.7564265563626,7434.25788589848,3.87,3.553,4754.769012651792,5.98,2165.248374959153,460149.3716803601,251.0
820,861.0,14562.543980253466,8655.51465820878,3.924,3.694,13311.239290360969,51574.011721649,54287.05088807522,905565.1811596777,245.0
821,862.0,83.43121334594831,1927.7349243805156,3.793,3.802,-113.58400001004338,5.98,5.98,276799.6930757369,244.0
822,866.0,266.4236257282036,6455.047619603441,3.804,3.73,-113.58400001004338,5.98,5.98,542066.3584953991,238.0
823,870.0,11428.661764838169,14374.38428390665,3.865,3.649,15751.600763199303,30281.77513900012,43039.203644982634,857091.6843684108,228.0
824,879.0,3493.2252406373645,21003.22544376594,3.818,3.546,5481.2625610067125,18050.492110151994,28605.739374612785,69977.85870810508,218.0
825,888.0,126.15307154949437,13835.627234647713,3.778,3.656,-113.58400001004338,5.98,5.98,274768.35393251525,211.0
826,894.0,4494.522017217503,9187.590805780703,3.902,3.681,6087.186979612475,14322.813172404043,25564.49541937193,820701.3433217745,203.0
827,905.0,4974.149628417824,24003.099916428542,3.807,3.777,6686.650802821543,17930.497990768985,23971.403454808984,737024.4462519266,196.0
828,906.0,2281.7651201148824,39927.23589157441,3.905,3.841,2781.284586166671,5.98,8991.656230994235,889066.1351097975,190.0
829,914.0,190.5813985685978,7987.5726681551305,3.818,3.631,-113.58400001004338,5.98,5.98,56563.78616013327,185.0
830,916.0,4963.15437011687,47149.440281926996,3.808,3.552,8661.683676566552,23549.314294248543,26061.992025713495,149773.42622974832,174.0
831,936.0,20.91636777287942,27554.926344961805,3.726,3.803,-113.58400001004338,5.98,5.98,158056.3105588349,170.0
832,937.0,8649.614073904806,8283.068457980291,3.843,3.597,14457.779932883825,36584.87960846179,42701.16205631053,720103.3340506454,165.0
833,940.0,4728.633781855136,1483.2373246008465,3.807,3.747,1164.9612240175802,26596.16277484963,35058.12623019422,690019.864795485,155.0
834,956.0,15818.634104372917,32371.40700356367,3.923,3.831,15200.94872506515,43161.31343852368,47241.8588558425,932017.0603667462,148.0
835,958.0,1785.7502936688984,3282.833116958981,3.831,3.621,3220.3316975405246,5.98,6259.446039853734,492210.72982821293,143.0
836,962.0,1783.8904580544831,8255.993139029553,3.849,3.603,995.1143121281152,3907.0032312316216,8978.56730676708,80726.47592749631,141.0
837,969.0,7724.85276881662,1365.1909748530366,3.81,3.758,8090.868143770649,34129.538675458214,36575.55808837909,867353.0560622384,140.0
838,971.0,3883.773714095888,20790.887584625456,3.801,3.637,6765.700321252183,13987.368064244785,23722.157343761868,291065.91158032935,137.0
839,972.0,35604.18410620179,10806.43243477372,3.943,3.757,22419.965929110505,54768.86228641801,67508.28147117417,948746.1177437911,136.0
840,973.0,2853.0927575320648,10657.511624316143,3.788,3.782,7120.119425868169,3184.04159121665,10158.99670270027,777687.4117376498,131.0
841,979.0,1150.9399747171933,36492.85127184889,3.767,3.709,2269.6111579865915,5.98,11595.427108896836,838932.1604423469,130.0
842,983.0,37533.08488958787,26606.522073965654,3.955,3.606,25049.459247259678,55056.27077089279,72855.67061890267,860521.1440178283,128.0
843,984.0,4069.5376702735953,4056.1429930798163,3.861,3.628,5725.239964360984,24718.807667730314,31991.255114911874,664116.0125025648,126.0
844,985.0,6234.81129884012,14938.264575278026,3.802,3.727,12082.396652118823,11168.321878580267,40187.32684006175,950313.7027056116,121.0
845,988.0,129.9177504489989,251.82267809202096,3.767,3.724,-113.58400001004338,5.98,5.98,143833.80863711733,118.0
846,990.0,371.4706897907992,15150.25929388935,3.751,3.704,-113.58400001004338,5.98,5.98,122427.22482092273,116.0
847,992.0,351.6476909095084,1319.8810912933793,3.793,3.681,-113.58400001004338,5.98,5.98,226405.90583838444,113.0
848,993.0,14137.8251118277,16747.499351785675,3.823,3.713,17137.457172043665,20725.19954356425,22700.88620134277,581025.6016235856,112.0
849,994.0,1084.0132295123544,13880.609565831426,3.797,3.599,1909.0018716195384,5.98,5.98,100244.69173229026,109.0
850,998.0,7666.706341565419,22935.031740511316,3.841,3.657,13401.966200957258,31821.778609936246,33419.723804693356,464703.22687853425,98.0
851,1002.0,4065.86586322351,10042.804906301852,3.778,3.573,9652.404062605325,27210.212933697298,28268.68508574804,419317.2395066517,97.0
852,1006.0,1316.8463403889393,12594.39391566076,3.808,3.694,2260.615495582393,4355.880761636922,7633.233945715972,515265.97487459326,96.0
853,1011.0,12182.106877992086,20520.89951579935,3.864,3.748,17531.20444722154,30171.621697277264,40417.87717309932,926979.7204417669,93.0
854,1013.0,7923.769926267123,18650.913219226975,3.86,3.737,9678.006730258978,12338.611527129207,24174.957094750316,838307.0998726424,91.0
855,1018.0,4245.227915069728,7810.8355366806545,3.852,3.683,3147.7242118264985,32033.501249988556,46254.77114935341,746277.8894179881,77.0
856,1025.0,29737.371076864336,23294.64152379484,3.937,3.514,20042.427224132178,56641.227234438076,57820.42502395741,944752.8099851949,76.0
857,1033.0,124.44270830037178,2487.1262717338946,3.732,3.85,-113.58400001004338,5.98,5.98,108322.33355017919,69.0
858,1036.0,366.80008324275053,3481.8465247307777,3.834,3.729,-113.58400001004338,5.98,5.98,288165.67504900554,68.0
859,1040.0,6117.804352739319,14732.429619617847,3.82,3.666,13878.655225017592,14612.320371328196,38484.57619078846,664710.750893227,65.0
860,1043.0,1081.2222322526584,822.678993400813,3.788,3.775,897.7348061297989,5.98,2464.0113678937396,520786.897856739,64.0
861,1047.0,13278.863934149716,17196.524226080674,3.898,3.555,17699.395462846085,21484.550542737914,28095.98309582805,627256.4409807163,60.0
862,1048.0,9071.14636603095,6952.723404470456,3.819,3.738,11981.747939543236,38494.00445414972,44671.988527959445,819916.778252255,59.0
863,1051.0,17.10637394758549,7471.66294559203,3.717,3.72,-113.58400001004338,5.98,5.98,19773.142701627698,50.0
864,1053.0,7916.551423924664,546.1792043671845,3.795,3.717,12644.971501878541,43021.646057131846,47131.26687224157,759575.1444686265,38.0
865,1068.0,14.140394782847743,6419.2692060434065,3.731,3.739,-113.58400001004338,5.98,5.98,28470.47173037121,36.0
866,1069.0,1880.6806987683303,9283.620114329748,3.822,3.601,3087.571214690326,1554.051690441715,12989.864157823526,522570.41014673735,29.0
867,1076.0,861.7293658337,12136.878438368138,3.836,3.709,-113.58400001004338,279.3592280584562,7145.693037467797,761107.8283352775,22.0
868,1086.0,20674.418565125085,35270.16484114636,3.848,3.642,18023.18168743508,58184.67022294986,67396.40856030906,788636.6018525808,21.0
869,1087.0,4066.2950644397974,15213.161752442044,3.822,3.752,2872.3570822773354,5.98,8967.559269125237,506525.0665388823,19.0
870,1088.0,13.604101156934817,1389.8395205089644,3.703,3.876,-113.58400001004338,5.98,5.98,19111.976779241173,15.0
871,1090.0,1688.213185254714,21290.900773110974,3.772,3.751,3958.0654720535204,16570.80634817311,11887.03288842336,474356.31646907673,13.0
872,1091.0,4758.15796626161,9983.169656839036,3.94,3.588,8306.17273870233,19632.35546522483,26383.92360513861,877972.633916159,9.0
873,1097.0,3159.8006165633274,17333.06926135668,3.809,3.734,8622.46721907846,685.4673206024981,8393.239561802862,488325.13360290485,0.0
874,1.0,5497.759840091806,24065.928176280908,4.046,3.369,5265.483160858791,14958.448419514665,15663.716722434023,452009.969558359,1133.0
875,2.0,8981.740655409933,18480.779983736735,4.036,3.453,13263.039743725083,27323.57612031321,26992.394171162276,732102.0682591781,1117.0
876,4.0,15970.367762958815,9044.666421601449,4.06,3.351,19381.433648460417,50955.537345081815,55170.739986750756,797640.7797992782,1106.0
877,5.0,4250.098606719425,3698.077403268685,4.036,3.422,8019.659698910096,16292.270092693101,16354.835756513483,342839.3332725246,1100.0
878,8.0,10848.371678054176,6934.763028780479,4.069,3.55,9867.853738066224,10942.120391616823,9954.118641842384,847573.6665226489,1099.0
879,9.0,4185.830212995573,2582.8979784625085,4.001,3.381,7117.412802704608,8838.332188457556,10244.2383448572,374748.00205420505,1098.0
880,10.0,1391.4395081752828,244.49939986939376,4.019,3.384,1574.245143929235,5.98,5.98,117322.83157962895,1095.0
881,11.0,21853.774267244527,24164.422056158375,4.038,3.387,21298.84961653209,46779.119937924916,46588.65134678355,746550.2306889094,1093.0
882,15.0,21227.588926143973,23252.098487272793,4.115,3.326,18469.06917396797,46959.54367873163,38649.78660298095,723026.9883350026,1090.0
883,22.0,324.10855237290826,9622.015283754561,3.976,3.536,-113.58400001004338,5.98,5.98,538882.451680373,1086.0
884,25.0,8796.111086167513,6020.767645561703,4.042,3.376,13318.693463602527,26667.597119250226,38147.10959930849,828797.1661091354,1073.0
885,33.0,7439.371819030577,24346.390380334215,4.074,3.298,9846.42625619447,24666.930706200244,30757.559698088036,542589.9379609878,1071.0
886,37.0,13435.503706823376,9792.079942394357,4.046,3.306,18541.111138850756,38394.77699754873,38851.41873511769,210494.62188003305,1066.0
887,44.0,393.07477636775565,11619.933482634642,4.02,3.526,-113.58400001004338,5.98,1656.283718847999,315488.49268330407,1062.0
888,46.0,1643.0718213827158,5190.867085777086,4.035,3.414,6366.861864436618,5867.665016008318,13778.381467440637,487320.267688983,1059.0
889,47.0,273.04457303600765,4388.405539516324,3.961,3.283,-113.58400001004338,5.98,5.98,127978.43105831284,1053.0
890,53.0,3065.072326867216,2473.0418736512393,4.025,3.466,3362.4914172194017,5583.096272130244,1237.7068435681867,530408.3606322614,1051.0
891,55.0,11889.081856828267,17696.615683735934,4.075,3.298,17290.592449848267,32053.504098526402,37799.256813545944,459330.6245401763,1048.0
892,59.0,3306.584209112176,4738.7899692752,3.991,3.498,5792.703982848786,13720.210303693273,14557.360767565799,801690.5892588875,1043.0
893,65.0,1085.1843920151146,17402.810187353884,3.996,3.533,-113.58400001004338,5.98,5.98,304280.2739255733,1036.0
894,71.0,2986.088427527796,12766.215351041013,4.011,3.471,6244.385402732556,5.98,5.98,257206.49464908164,1033.0
895,78.0,437.8952648731805,3077.575265018847,3.942,3.54,-113.58400001004338,5.98,5.98,662484.9455623961,1021.0
896,88.0,2128.1995458311603,12965.512049359168,3.976,3.523,1142.6800504277107,4636.8921463155875,6105.14466265007,455459.9318777209,1020.0
897,91.0,6189.771397436465,2774.3870780795396,4.096,3.352,11346.633330069511,8602.062776995741,5521.239726508899,204431.30327667305,1013.0
898,94.0,10053.647161022085,5897.771402287386,4.073,3.468,12784.002351370515,8251.613640645008,15693.050777480796,510614.6290223671,1007.0
899,98.0,1180.2629551285665,8614.47019092735,4.017,3.49,1829.1031219704637,5.98,5.98,468185.9122954102,1006.0
900,100.0,19260.406905811684,8234.529211261173,4.03,3.379,20855.85661614,36804.67700587135,42401.6918612211,699380.2101151539,1004.0
901,105.0,28980.344982606435,40384.60403876311,4.052,3.383,23264.27713083425,58442.74565948383,62428.08424589588,753579.3762991463,1003.0
902,107.0,8272.538756473574,8959.983436825169,4.053,3.364,11828.414884687923,23328.22674408012,26717.879629763294,580047.2653073794,1002.0
903,108.0,1556.9945501835189,5830.906196986652,3.977,3.473,2318.934641409841,1869.7109656506786,8190.843116900216,874584.7685074717,995.0
904,109.0,37278.86264874094,6996.149216196044,4.073,3.348,22923.32710875625,56948.03893663471,67178.06024339925,910987.5169735078,993.0
905,113.0,11023.367229798469,12981.425818872147,4.028,3.425,14404.607711067356,29781.32644432591,31623.00975574086,539038.8379578379,989.0
906,117.0,16541.67257659684,24786.529497721614,4.022,3.466,19415.327080617488,31573.21255809727,44835.91167318841,810864.222782339,980.0
907,126.0,19940.186374965266,20835.01483679793,4.019,3.35,21419.26934372562,53517.86729683932,51009.9793809584,881654.9376950446,975.0
908,132.0,4192.06436682446,17785.67026944712,3.946,3.449,5531.607640665263,25147.81810543072,27807.717539701232,554978.698392419,971.0
909,139.0,27273.250817802855,26670.87550600635,4.103,3.492,21746.602997154805,67733.32778945366,63111.592198720355,942452.093741607,963.0
910,143.0,5451.395561989702,10076.436140325874,4.032,3.5,7602.401384665986,20723.99806979814,21947.701620891898,868356.5329649323,954.0
911,152.0,1969.2231190394941,11816.717961966377,3.989,3.364,3464.92008246438,5.98,5.98,377746.896104879,945.0
912,160.0,23529.035641774983,3549.891772140342,4.068,3.42,17189.61730447014,43383.65207751824,40353.033755111566,938722.7820052698,942.0
913,163.0,11289.92112071602,18660.13568108259,4.019,3.52,10755.273811422301,15582.446248608769,24294.832531381846,731919.1759367886,935.0
914,174.0,12046.645524546735,8237.268637713143,4.112,3.348,11662.464948911233,36102.05595886559,48207.59598561759,919396.712152006,923.0
915,184.0,681.1083119403092,8149.187134478791,3.993,3.418,-113.58400001004338,5.98,5.98,146521.31259959392,922.0
916,188.0,637.3323662638305,21829.451572543763,3.926,3.578,-113.58400001004338,5.98,5.98,119346.95311116376,919.0
917,189.0,9555.540148182417,19604.974938022653,4.045,3.406,12340.501899424586,30145.88779780728,33970.4506194411,745012.9537711762,913.0
918,190.0,17345.46689929131,312.0880330405329,4.047,3.38,20627.403035138304,22421.440242267436,26665.410360308386,531775.4809010138,910.0
919,192.0,3619.4329981569153,206.21243668940656,3.966,3.504,4434.1232865487,14485.695290086669,20300.625089252542,752815.7898102737,909.0
920,197.0,8190.863062375885,11801.524157351956,4.01,3.478,7396.480128811503,30957.25206215346,50161.010191734465,914963.2415211634,905.0
921,201.0,9535.12166559388,1038.9348108888057,3.995,3.492,12916.194428915449,29136.834099024967,29533.052356161505,871122.4811483537,895.0
922,206.0,6518.936611343048,16563.73157743663,3.99,3.453,7430.349750141972,21645.517022308333,19443.05092538685,225470.74235700752,892.0
923,215.0,13957.219448406588,25898.642109447286,4.014,3.362,17251.47060183428,45286.52234932047,54876.419035143714,458589.3175927018,885.0
924,219.0,8848.529410140449,12141.142425625647,3.962,3.439,12861.622478326142,42868.66612316642,48181.8056617559,714506.5178970927,880.0
925,226.0,2052.391085711852,21212.348243631735,3.969,3.4,4324.873697020914,5.98,5.98,297963.44548755465,873.0
926,231.0,10400.117516469061,5565.034668990767,4.015,3.467,15310.995056668355,40538.9726171237,43247.97022479094,796979.1043160579,860.0
927,237.0,13595.986277294613,17678.634648607374,4.007,3.365,14777.137710706147,23753.234272388956,33661.077817801175,356282.6851700213,859.0
928,249.0,1457.3898672642435,12484.720721667683,3.997,3.496,-113.58400001004338,9735.131490960384,13601.526814064973,321182.5156819242,857.0
929,251.0,12901.743694506798,21573.050965968116,4.013,3.531,13623.982888175426,35105.27702218805,39918.747733194934,873121.4824771506,842.0
930,267.0,12286.032812456842,12085.906825006932,4.031,3.321,12934.081938829933,31540.181227492336,29908.041311830988,231869.08095176716,836.0
931,268.0,6469.017680481267,5731.769259433529,3.997,3.494,10932.953451601155,20132.308741250137,23313.4561752413,824525.1968420937,833.0
932,275.0,4267.442641134776,2184.3988237501676,3.964,3.431,8879.530027980665,8564.45395328478,14179.999455689102,873838.1430641728,831.0
933,280.0,27429.920528315408,10419.23763104036,4.026,3.397,25683.266538963657,54579.60310904935,68581.08122843389,946639.3197227818,812.0
934,291.0,4933.7325506201005,11852.297396292335,4.004,3.585,6008.513749256994,15885.193392640238,27191.63868493739,743547.4881110041,809.0
935,297.0,14736.106726468402,21305.138776334432,4.048,3.537,15023.424907621813,30464.82643998818,39802.98556697962,722107.8907300769,806.0
936,299.0,2039.583831415901,4088.461857376181,3.968,3.604,3240.911979555227,5.98,5.98,136187.71169029872,805.0
937,304.0,5807.954422639354,4562.27759705136,3.963,3.439,5988.160207401375,24964.18619701741,26910.905056329342,486886.8101061861,804.0
938,306.0,3707.2065534533062,30266.3376500832,3.989,3.566,6773.135280335657,15185.733072928733,15059.504831691607,764282.5510884691,802.0
939,307.0,2025.2232186597928,8072.901039707841,3.932,3.46,220.60838456994134,11972.177859242955,14184.714795441043,806707.802582216,801.0
940,308.0,17310.9297588178,27309.236925522717,4.049,3.442,18270.328865669588,32709.652154246633,40512.06449567708,715098.7748375222,800.0
941,310.0,10380.282944462,3373.3733794383097,3.941,3.497,13548.234190263847,25755.481940582376,27794.430414565002,642092.5904959419,796.0
942,311.0,1265.3640755316408,7345.352898778475,3.97,3.513,-113.58400001004338,5.98,5.98,299820.4788145551,790.0
943,321.0,14458.785788716528,35373.75480786704,3.991,3.364,14864.528454993622,35533.90459816331,34707.163199217895,621838.6878574106,789.0
944,322.0,3522.9389464061132,43212.80709773719,3.993,3.502,2657.4359818046305,1389.0885354330294,9746.78010040435,542379.1733507409,783.0
945,323.0,2784.29730620018,25589.01721530574,3.924,3.504,3677.3063427441034,5.98,6589.2163840050025,373643.48858683626,776.0
946,326.0,6634.046084014406,514.6490419671194,3.934,3.481,9869.518271150358,27112.447205038774,38400.22090451897,603140.4455318386,775.0
947,329.0,2949.401811792462,5792.622415443023,3.95,3.525,6551.07373736867,14509.391438786624,23932.590498210317,867718.4471947183,772.0
948,337.0,3823.1554189485983,25343.09943228226,3.917,3.378,13620.675101360996,22983.15098275433,35228.36036389043,570563.0307022767,767.0
949,339.0,7183.533078572333,19288.321569767657,3.962,3.571,10806.009102475231,17055.783943534625,32115.14619061652,780849.2256650259,766.0
950,341.0,182.12614261165191,2862.1095569183335,3.902,3.564,-113.58400001004338,5.98,5.98,192488.43763488022,761.0
951,343.0,599.9721711905004,2139.197520629659,3.908,3.534,-113.58400001004338,7757.5921497316795,4356.621252282493,692674.9639827901,756.0
952,353.0,12276.193136073449,15889.284471578518,4.005,3.566,13120.516178939497,32302.300844005076,32763.88990160048,927295.933874644,753.0
953,358.0,543.6820523703079,11536.116197767667,3.938,3.449,70.69477135168108,436.2954789675605,3472.650692432915,432969.00232379645,743.0
954,364.0,25704.051718443523,15643.231280936765,4.024,3.478,27760.080139470658,50941.90764148625,52161.659994544745,914554.9989769751,740.0
955,369.0,1080.2273808239893,4544.496469828714,3.941,3.487,2926.4076478224483,5.98,5.98,214758.37482383568,733.0
956,375.0,5417.377820235677,23579.444822655536,3.973,3.508,7233.37393452031,9083.918651934886,12035.413586418666,516151.76491311926,727.0
957,377.0,3752.2995335949017,27832.67868958043,3.997,3.466,6372.348715670627,5.98,5.98,176982.03146121465,723.0
958,378.0,192.4773489177423,12555.92143034664,3.865,3.503,-113.58400001004338,5.98,5.98,124483.55469304242,719.0
959,388.0,9114.26438538799,14734.760916035302,3.985,3.522,10621.29018508308,39191.857569170985,40421.21190519556,428637.73670033837,712.0
960,394.0,2235.203157867663,5526.568970208678,3.952,3.631,5362.182845544505,5.98,5.98,511939.49922952015,708.0
961,399.0,6366.789073693556,26465.47228028199,3.938,3.486,3215.350256090825,30728.917672762567,37705.74138890505,724730.3517525083,702.0
962,401.0,21597.53013695653,642.2060059400521,4.01,3.583,17463.724923327627,44290.18644932854,50276.29728723852,919274.507724636,700.0
963,408.0,15496.272831312039,16496.25952511664,3.968,3.335,19828.030460933605,39145.67788490627,46577.334581346055,550093.4276254352,697.0
964,410.0,1219.2215994007327,12678.163714371502,3.9,3.459,-113.58400001004338,127.64469177705269,5.98,156926.26365681097,695.0
965,412.0,5584.288357464311,12432.711193544736,3.997,3.414,7046.861905389738,28626.079691851806,39483.271679555604,703906.4607739886,692.0
966,416.0,17400.68500128713,16524.779051103425,3.936,3.523,20722.071490741662,39737.01389018766,34709.06157537943,833973.087448223,687.0
967,418.0,5874.252895244698,12101.966429846532,3.94,3.484,8294.81139404619,8901.630722966633,17664.374271407767,464140.96966627636,685.0
968,426.0,25541.32719263037,17043.592739160973,3.965,3.408,21888.13906870916,56190.50993040064,61221.71019844377,835290.5063030785,681.0
969,435.0,12172.834179297015,9102.833853934402,3.985,3.45,13376.667864817464,45593.973108989536,59644.42164991535,908825.7455086289,661.0
970,446.0,5314.779091181647,20377.812072464993,3.965,3.543,11832.859078745001,11596.437092046315,8391.856675100464,727202.1335262893,654.0
971,452.0,5219.860565383505,19625.72127464902,3.94,3.465,7186.894678553692,11209.828523482607,5641.108973010805,438076.72486967506,649.0
972,458.0,16956.456758475448,7115.967302351529,3.986,3.559,13359.754918104947,34563.582460097896,40416.1532090726,885686.8910712922,642.0
973,463.0,1404.519785366995,16463.515220271074,3.884,3.488,3109.9861687688363,5.98,5.98,234103.4152029565,633.0
974,475.0,7880.9491065598095,13597.596890250472,3.935,3.465,11747.9375375631,21881.78947491199,24509.956401628944,601280.8207277752,628.0
975,476.0,12069.8540948281,5703.849426297592,3.976,3.453,17959.341822773575,29326.322606923935,50955.289438934815,728834.0336455301,626.0
976,480.0,7266.902896173595,14775.594796294994,3.88,3.453,12750.41585323294,28561.381152863072,20469.957661430162,426761.2430096849,619.0
977,492.0,8090.358144725744,13006.249945112173,3.968,3.499,10620.596452368209,20422.88808049715,29277.113920947653,406928.9533299776,611.0
978,497.0,11318.707215289902,9579.900165803603,3.935,3.626,13197.205281076795,30029.64207971972,34433.38623932611,761475.6611566177,607.0
979,498.0,673.3411334357713,943.4571208351044,3.842,3.56,-113.58400001004338,5.98,5.98,209158.64676481613,606.0
980,501.0,2259.953360799867,12353.13101533847,3.869,3.462,3310.6062478034387,5.98,2756.4584497188816,254793.9003004005,600.0
981,504.0,20522.763466570363,23776.790866235908,3.946,3.475,19576.41598337108,40917.47554051607,52677.93857460616,857695.4944521136,593.0
982,508.0,4217.347034375,25049.39257811721,3.934,3.658,6443.7827992137845,19827.73203380991,26805.509562312764,631647.6474963794,590.0
983,512.0,1968.8730490379405,20070.853444125823,3.947,3.445,5113.597209697609,1835.4973353527162,4857.52557933432,206751.51822865242,589.0
984,520.0,30894.861799665912,21366.61448609175,4.032,3.415,21552.6168468799,64132.29028365493,64472.3241698322,805013.2146472764,584.0
985,524.0,2306.354668951834,13369.510842561704,3.919,3.61,5159.08933661686,5.98,6661.41742021766,770329.2809898035,578.0
986,527.0,1346.6653735759992,8490.87887346173,3.928,3.671,-113.58400001004338,5.98,2232.2719034961174,534410.0856946349,576.0
987,532.0,7160.809401218031,4320.34378216207,3.875,3.5,15099.930595241522,12379.32277096653,9839.343191131338,509221.6130883302,573.0
988,535.0,555.6425712361811,30351.624519149897,3.891,3.632,-113.58400001004338,5.98,6806.382551886827,421901.9386575219,570.0
989,538.0,1606.7171971047826,10608.129440530996,3.911,3.735,973.1853426329708,2588.4341633096524,6709.32398347064,823078.0447572127,559.0
990,552.0,26705.074574095546,38342.53801897078,3.959,3.477,21695.91666120525,41902.95667492729,58157.37672622404,874295.4247683913,547.0
991,562.0,7555.680001762832,1217.9701101619244,3.926,3.631,10782.479791192542,29795.006728447494,26175.845040230415,580150.2703055852,542.0
992,565.0,2326.408735710335,6997.655576625253,3.899,3.648,6693.499485569613,6904.442815751714,6346.306222861777,465546.68592328153,533.0
993,576.0,7669.658141876804,13704.56828734015,3.923,3.552,9388.594590812248,39275.56870546537,55437.393399924484,809804.8071461236,532.0
994,580.0,22.712418535831397,14902.550688790172,3.834,3.642,-113.58400001004338,5.98,5.98,256018.40418192273,525.0
995,582.0,5276.935069515434,4620.199355639585,3.888,3.643,6131.37147164274,34554.93811588842,37015.8595581239,753407.6500183885,519.0
996,591.0,33.11235894385942,10059.161644808828,3.854,3.609,-113.58400001004338,5.98,5.98,59523.85762696194,514.0
997,598.0,5244.627318002014,25033.77701929086,3.885,3.384,11976.34552061701,17407.35796507582,20955.32017479025,213106.7544425453,491.0
998,613.0,9128.612373601996,19797.945577693492,4.007,3.648,10605.802056854993,30600.584630903868,34517.99356485484,929151.5077783085,490.0
999,623.0,17554.86840580443,12331.305773972752,3.919,3.547,15577.173326014776,27937.05022159047,36107.55887976564,819744.9840271226,488.0
1000,625.0,2288.24261605162,1241.635410407726,3.923,3.659,2994.8353781123583,5.98,7232.936714357977,796934.8125015681,485.0
1001,626.0,6834.441470055197,29131.85653756016,3.938,3.652,7626.7592894235395,12861.46180696704,21419.639315661123,847841.732401066,480.0
1002,627.0,2301.4698523615043,9329.140517239262,3.827,3.643,6190.718602997678,2783.146769134969,10163.094707274448,424705.5669141123,476.0
1003,630.0,547.7293657382885,10649.144551693556,3.896,3.613,-113.58400001004338,2927.2105876924807,2536.230701981439,751633.8819871494,473.0
1004,639.0,14298.836305099929,5067.027085182412,3.94,3.613,13801.883255777533,36105.98676594984,47502.627031888864,698536.8174258717,467.0
1005,640.0,27601.432468663545,33543.130184158304,4.018,3.69,21969.27737749298,45194.178076795564,55968.39990749944,956285.652599286,465.0
1006,649.0,431.677413660804,5365.1199190919215,3.907,3.644,-113.58400001004338,5.98,5.98,320180.856880548,460.0
1007,650.0,1134.9695525718691,1512.9956762226225,3.902,3.595,24.750987737333162,5515.61583861939,8263.939537565166,474675.83450279234,443.0
1008,665.0,18740.349039086846,9910.815495854942,3.992,3.652,17317.63348023233,41904.980149777606,44363.07325808181,952574.9826521049,439.0
1009,669.0,23785.294553028398,29000.76890018215,3.931,3.521,21381.53417520745,45134.53132339862,55695.649182126974,880013.658814082,431.0
1010,672.0,1533.2597906315732,1952.0171713100942,3.874,3.527,2980.6076780760204,5.98,4845.316875007636,697392.2819876177,428.0
1011,682.0,11532.652105134566,5875.004708331391,3.956,3.641,13396.395596424214,37017.31772992492,41621.04510270317,705805.3661622688,419.0
1012,691.0,247.41354735030077,12009.036372581399,3.878,3.73,-113.58400001004338,5.98,729.9218367597095,633165.488900419,413.0
1013,693.0,12866.11724765419,23038.052862896606,3.892,3.602,15310.283708578841,17112.129394735624,24901.288978907738,859139.1109103388,402.0
1014,705.0,194.39134055015893,13945.789853808528,3.858,3.661,-113.58400001004338,5.98,5.98,737028.1031432142,401.0
1015,713.0,7821.6457160436485,9690.986455334121,3.913,3.575,7964.979671529227,30379.53618408585,38693.36115226848,517265.3458365403,387.0
1016,720.0,7890.756680143071,9000.737270584039,3.925,3.579,8786.907413611758,26292.713785008902,32328.238165473856,533710.4556086335,386.0
1017,721.0,12420.301308245946,5158.779941956747,3.9,3.708,12897.167354538702,19630.379273146587,34492.912508871166,890716.3794824764,385.0
1018,723.0,8752.79238196217,34431.101130104165,3.899,3.514,11385.485114780866,22810.553915614368,34239.56918559842,386254.3029194373,383.0
1019,728.0,1039.6276952802473,13461.77550203208,3.849,3.515,597.2198121783122,5.98,5.98,312460.9668270299,380.0
1020,732.0,5854.048765349712,9669.175597655649,3.902,3.552,10062.793817028207,18826.014660578232,28065.544291087273,460364.3095110655,377.0
1021,733.0,18632.090338168477,11555.921833166736,3.965,3.563,15239.99780071022,55076.69404167903,66864.74194556577,905086.3610549029,371.0
1022,738.0,4598.751631103544,8866.0328500195,3.902,3.546,6772.547276440578,17665.4906758184,16848.405683043333,357202.9170293233,361.0
1023,747.0,4667.616472257472,5422.077252523962,3.853,3.678,4186.511228936915,5457.5945867163955,24275.671362751946,75012.07588043498,358.0
1024,748.0,20806.311491658933,21550.75812070777,3.977,3.518,16625.048956094255,49274.61514462624,64056.62263396425,879869.3952757565,357.0
1025,751.0,257.38320422320993,31980.65416146098,3.777,3.671,-113.58400001004338,5.98,5.98,104937.34975608582,351.0
1026,757.0,191.42926525768092,4693.454506733847,3.845,3.608,-113.58400001004338,5.98,5.98,238967.16719669255,332.0
1027,779.0,4750.533471651082,18220.442617907152,3.826,3.607,8980.946427347135,14905.555427317891,17305.979789822133,656799.857282335,330.0
1028,780.0,319.6872924265911,11600.430724000922,3.902,3.663,-113.58400001004338,5.98,5.98,72266.59349021557,321.0
1029,785.0,731.037084480102,11909.072445896945,3.829,3.682,-113.58400001004338,5.98,286.16871169280967,254142.8725985777,318.0
1030,791.0,3835.4303873158033,7043.220626262601,3.909,3.625,5560.530752380992,5.98,13803.326942361,445458.93777763325,316.0
1031,794.0,1685.999841815699,15022.887562861968,3.803,3.557,2645.686397041239,5.98,7361.81346331912,562440.0404485923,301.0
1032,798.0,3707.163917448143,6043.167150124119,3.846,3.653,5737.4871371089375,20202.187685387617,27848.87956723613,288779.5277111969,299.0
1033,812.0,2230.7557716522665,15597.901423896677,3.861,3.554,7635.143040180328,23029.030425469737,31431.650072649674,563099.3780348381,291.0
1034,814.0,3773.095049745165,14503.966582550725,3.827,3.64,10073.343172528239,19057.74516830998,25196.66558912376,484146.9744382186,289.0
1035,821.0,5922.490533111194,7383.649392584758,3.886,3.734,7370.844720286805,4449.679578023358,9233.553994063212,669477.9796329936,282.0
1036,822.0,605.9594756048994,1286.8757380884542,3.833,3.697,2827.99358047275,2292.9886417968173,5.98,372851.48123504187,278.0
1037,825.0,3400.707447378418,6736.285824490049,3.863,3.693,6320.294207379322,9071.707485946004,20901.908916825814,865589.1912709643,277.0
1038,827.0,797.0772688080236,3658.5732633340363,3.884,3.744,-113.58400001004338,5.98,5.98,831705.0818875224,273.0
1039,834.0,12681.957606133024,27970.59288664137,3.912,3.635,12469.083650731563,31040.254102416893,38154.9883963469,826791.5799276237,269.0
1040,838.0,4591.335706753354,25650.794727322555,3.786,3.678,9457.496085018443,17311.34258796107,19666.319494513882,626842.0134555517,263.0
1041,841.0,1206.9986984608474,3145.796140160645,3.819,3.736,-113.58400001004338,5.98,17627.46078230579,420075.9172346327,257.0
1042,850.0,2539.80693854861,5861.064045100807,3.838,3.529,5415.88848590378,7572.179063572389,15747.339148017472,152029.70366255156,256.0
1043,853.0,2985.842852443951,9083.658464095355,3.843,3.587,865.1086996036602,18858.557513319007,23385.121355535834,278214.7249096808,248.0
1044,856.0,1763.529150725845,21094.309658932056,3.872,3.696,573.9447923026678,5.98,1596.3635289951435,646454.8530214512,245.0
1045,860.0,30.72224452807876,65.58426544826852,3.768,3.647,-113.58400001004338,5.98,5.98,206095.40596746939,244.0
1046,866.0,1949.1141283798686,10089.638440220868,3.852,3.587,2715.103433726709,5.98,11114.476298489468,726083.2645164455,242.0
1047,867.0,5205.438094140405,1415.3022680395884,3.832,3.762,9199.48107919442,21674.712626450382,26299.228030805258,693135.8080594847,232.0
1048,879.0,1905.1864962432196,34840.41488838134,3.833,3.711,-113.58400001004338,5.98,17618.782273102403,402834.87188479386,226.0
1049,881.0,5007.824448163839,15284.21831857743,3.854,3.664,4887.307750994278,27346.54933677642,42893.860011933364,777547.9490661588,225.0
1050,883.0,100.80396473604698,2550.3881781433597,3.833,3.637,-113.58400001004338,5.98,5.98,42764.14312690251,213.0
1051,893.0,1685.8216009577343,1494.7969422275212,3.793,3.655,2970.0931958825504,5.98,5.98,157880.21181550773,209.0
1052,899.0,3398.984320528503,7517.094834666747,3.9,3.672,1594.4316146470842,18516.582800806733,23725.513369174805,837560.5299035283,207.0
1053,902.0,22366.34246469663,21144.746155970457,3.928,3.584,19949.792408169666,36277.00685149185,40670.296998509686,883153.3853489172,206.0
1054,905.0,249.00398512405434,3118.074037762369,3.812,3.758,-113.58400001004338,5.98,5.98,324553.534566783,203.0
1055,907.0,15053.266465691,7955.883188096363,3.941,3.658,14658.764791860183,30360.82600897213,38278.27318539577,904171.8311945769,186.0
1056,926.0,3326.3239719576936,5314.304456512784,3.805,3.613,1754.039110220753,31082.635128605863,36222.77403478953,572057.081320583,179.0
1057,932.0,680.6091030934894,6630.720806750133,3.8,3.695,-113.58400001004338,5.98,9551.860051888178,531751.1432420289,175.0
1058,935.0,2895.2645233653557,10994.840536350192,3.799,3.619,5863.078942782974,22031.535796354492,34376.21185221378,691187.4522247202,173.0
1059,936.0,5263.378171012687,34608.96865739953,3.831,3.624,4017.1084952110036,28515.061254334236,37459.11238716103,453510.5375259786,171.0
1060,937.0,18688.581714429427,20335.971873902814,3.89,3.605,19926.015741063253,28046.901606150313,38677.94537060719,831500.1917587732,166.0
1061,940.0,686.5082519126058,19264.706424495096,3.808,3.7,-113.58400001004338,5.98,841.2762178195007,292052.51681678655,160.0
1062,951.0,12514.217965511556,14064.394524898853,3.889,3.651,11421.68640591463,47896.825884033984,59271.5728801741,781582.751156814,157.0
1063,952.0,2797.9082110333884,7728.675733065911,3.879,3.7,4864.157275129192,10274.730908036145,16965.258767252333,360869.74302191153,152.0
1064,953.0,5459.555515678147,21974.179321044554,3.883,3.835,12046.674367219986,8207.364250596791,7075.612035265083,823448.5978120933,141.0
1065,964.0,3236.710527841879,1523.3677947477054,3.807,3.729,8221.889543005203,5.98,10123.57176924741,416620.8119303101,139.0
1066,969.0,3328.411303750571,3877.040155321653,3.845,3.671,10447.534509736004,10233.569625676999,21796.352046751614,595036.2981322939,137.0
1067,970.0,3448.99641224211,11589.194225505602,3.771,3.684,4612.110363494657,16124.58754649244,27311.64923770671,673669.4161351548,134.0
1068,972.0,46.12995421517766,7940.486704784151,3.773,3.751,-113.58400001004338,5.98,5.98,276911.8694354692,129.0
1069,981.0,8637.51418039619,24702.562516199436,3.93,3.666,9035.083974972995,28101.20596207711,42601.10921407229,770079.3864908492,123.0
1070,988.0,2431.478275926033,14051.055338205817,3.894,3.642,1991.6511501854357,11049.027801631366,18590.264880788127,597594.5660949755,116.0
1071,989.0,2194.2240867144046,8654.680287969895,3.841,3.58,5335.370350182792,5.98,5.98,330375.9024187456,109.0
1072,1001.0,6810.691376899254,22303.409479872207,3.864,3.569,8375.58955073671,18073.77157502572,29730.85064535353,645337.1400155041,107.0
1073,1004.0,3340.9130160265436,8174.966286532485,3.849,3.564,8934.304695398287,11906.059437002797,25849.367935858856,305449.4585487215,103.0
1074,1005.0,1373.3754177602264,23806.941320093967,3.874,3.756,856.4849720688967,5.98,5198.961843021634,196566.2297937259,100.0
1075,1008.0,9933.4060717491,21590.217865309343,3.903,3.71,12642.340814310575,35051.756329093565,33648.59898482692,469468.0975509788,86.0
1076,1023.0,8239.70852964018,7206.954316004674,3.899,3.627,6184.7610178455,25735.216431237728,41996.61951716816,786517.0096988116,82.0
1077,1026.0,449.73790088501516,2185.660535799889,3.758,3.688,-113.58400001004338,5.98,5237.366311522202,378789.5786619354,75.0
1078,1033.0,3604.8480499760385,14463.196677705724,3.834,3.776,5005.236926875925,5574.540308739732,15612.02618690691,875924.5295817102,71.0
1079,1035.0,4867.657015112568,10828.867280915467,3.822,3.648,6550.808972199729,21183.188196842835,17515.76121520985,595305.6104174256,68.0
1080,1043.0,12172.256398118905,6698.356931110031,3.9,3.632,15299.384679291476,27532.183094732438,31808.84215557052,798796.0983534051,64.0
1081,1047.0,501.227971699996,12664.53936835074,3.764,3.705,-113.58400001004338,5.98,5.98,118476.39663692216,62.0
1082,1051.0,2615.127187838663,1904.6782712136242,3.841,3.636,8141.461064854722,30434.63038873551,45214.93236165182,806024.7707108352,49.0
1083,1055.0,68.18422619309912,15646.698695347415,3.73,3.768,-113.58400001004338,5.98,5.98,38636.24298081666,46.0
1084,1060.0,14682.086233655391,18586.027502367953,3.84,3.673,16421.620839917847,39522.24671467621,46580.72132960466,743089.6871399651,39.0
1085,1068.0,1573.1067573519226,20668.443911561968,3.84,3.794,1405.996422243507,7787.286427535508,6540.74800941174,741615.1720684019,28.0
1086,1074.0,16037.316648176466,24808.808435122894,3.807,3.567,17702.644305152295,42303.982997877436,45428.136150989965,420862.2665530782,25.0
1087,1077.0,1421.9969723920578,3580.482213842248,3.803,3.675,2057.044489581514,2398.3586267208607,6489.294037219799,693903.8048887004,16.0
1088,1086.0,83.53741822008222,16470.628886145692,3.734,3.731,-113.58400001004338,5.98,5.98,115501.8669487603,13.0
1089,1092.0,382.149393198809,11370.275963586922,3.78,3.823,-113.58400001004338,5.98,5.98,605313.6680317941,12.0
1090,1094.0,30.248118484233487,11681.851075002192,3.725,3.677,-113.58400001004338,5.98,5.98,4255.967768224527,4.0
1091,1099.0,143.64892609289893,16870.913335920202,3.758,3.72,-113.58400001004338,5.98,5.98,213897.08341190513,1.0
1092,1103.0,1320.359985045234,12213.183813526866,3.768,3.713,2395.6612180844113,5.98,4070.7114419010195,225442.26838878277,0.0
1093,1.0,18731.87120278145,21102.017224039293,4.139,3.206,17750.88979044379,31867.98991059257,26130.799994171677,723954.0387105605,1133.0
1094,2.0,21269.477358355438,12103.360704444469,4.112,3.327,19037.327653428172,49314.538504550146,50921.41760223141,843718.1715086172,1112.0
1095,3.0,19454.520326145364,5011.211608759486,4.088,3.267,17654.072893578043,43729.6346520183,40912.14506067263,710125.790886624,1107.0
1096,4.0,15368.04949123611,2219.4095120012034,4.033,3.326,15267.223391069212,45765.52988782365,49511.839421683384,912447.7621666787,1104.0
1097,5.0,10590.322828896224,6912.739553857645,4.004,3.44,12024.301263868301,41492.460662711295,51248.985724686914,343839.71463692054,1099.0
1098,7.0,545.9145605412797,6131.187462653583,3.999,3.391,-113.58400001004338,5.98,5.98,291035.6776902233,1098.0
1099,14.0,34129.9719715653,26685.662775375582,4.139,3.365,22539.00647075766,64611.1572865678,70318.6544229434,926535.3702850739,1093.0
1100,16.0,7975.80595521538,320.43256227870893,4.077,3.375,12148.784983539448,35741.13987319881,33363.472053435704,788100.8259209173,1092.0
1101,20.0,11854.984124830502,13300.219120616857,4.05,3.442,10086.035920625629,19743.959999967705,20622.374622964544,667968.9480024591,1089.0
1102,21.0,11883.431328942408,3830.0454210195594,4.106,3.451,11599.610801729106,13092.135863293064,16041.698475917177,753652.8462433629,1082.0
1103,23.0,3713.530331016983,28655.342484843924,4.057,3.305,3745.701777791868,14298.03677178165,11029.826761139368,602854.9356815562,1075.0
1104,26.0,8393.900108520831,15552.107562411755,4.131,3.464,10204.535782483665,29482.571618134476,35930.8952924317,875239.8355505089,1072.0
1105,38.0,10923.243437424266,29096.92411528145,4.078,3.296,13314.028423225314,37623.23142861826,49248.920844266344,930887.554610767,1063.0
1106,41.0,1985.488544390857,9337.767357625347,4.05,3.394,2796.878627296586,5.98,5.98,229525.11082408202,1059.0
1107,49.0,48820.096654436944,40692.27675624254,4.108,3.348,30898.310019665794,75556.15552367378,79529.92716365242,928024.5202033852,1053.0
1108,51.0,10943.919537877653,6518.291784317763,3.98,3.429,11671.168574141391,32007.084909489167,40440.84114566117,799728.008980544,1049.0
1109,53.0,19644.876352066272,17.831448430450337,4.079,3.388,14844.086815377636,42851.78879947569,42522.74367176496,849310.148034945,1046.0
1110,61.0,28250.769998957938,9166.712708758305,4.072,3.443,23169.859531924925,48453.60990863851,48322.52482298457,756354.2289340002,1038.0
1111,66.0,4584.452133205802,19996.697411209738,4.02,3.412,6752.479869921086,17651.633962605847,29587.966804447067,584580.5642219373,1035.0
1112,69.0,11239.866879906034,9314.75582410619,4.082,3.44,16673.401331721812,22792.21557930082,29468.02311863631,727660.5848095551,1033.0
1113,75.0,6004.063459725642,14039.823168910756,4.048,3.331,6514.432050125439,14451.034370414123,9257.341212339237,546520.3381697929,1028.0
1114,76.0,14140.18645375595,32080.147487875674,4.078,3.42,19754.483352381303,30971.833189101704,41552.30865443808,761900.1545036986,1026.0
1115,78.0,785.1336411915612,9004.194206957116,3.985,3.46,943.994040565136,5.98,5.98,409109.92436974775,1022.0
1116,81.0,24215.683245748634,9237.60612727147,4.089,3.395,25042.64270812721,60143.67992663689,62259.853797672724,932718.1201811446,1018.0
1117,88.0,10405.920916228484,15499.937024851373,4.072,3.326,12363.278925970575,29487.180397733784,27434.33042904362,409298.940649306,1006.0
1118,96.0,16139.633471907247,8961.985933516928,4.076,3.419,13862.9638999235,32341.219482299774,29577.617968457635,854730.3940183785,1004.0
1119,102.0,5583.320153126724,18448.676310535546,3.991,3.475,5909.701922694255,22274.29875400509,31383.495332276972,632662.3240376549,1000.0
1120,108.0,5271.551608312199,2933.2902801685686,4.04,3.516,3045.804233774029,18128.235518460766,22655.02187611335,756907.1654225942,986.0
1121,116.0,4635.625308189504,17696.653493084836,4.001,3.493,6173.123913044461,5626.743121051981,11985.660683308774,777290.3860442023,983.0
1122,122.0,14977.791265551898,15515.445461816842,4.107,3.39,12783.602890384871,34932.095531554456,42290.20372890181,837354.8207477557,981.0
1123,125.0,23751.23898762978,7919.499840895392,4.138,3.398,17280.69733699306,57588.80543229656,55832.27625012963,930518.8414605664,973.0
1124,129.0,10052.98008817235,8399.26789964823,4.059,3.358,11534.446320738152,30335.99154751502,34034.78539067021,287627.76297751314,970.0
1125,136.0,3896.2656692139694,11694.79296506062,4.057,3.445,6393.802985347997,7613.067195338201,17554.183856550007,332338.88469777384,966.0
1126,138.0,11564.793018196406,20078.798802470184,4.065,3.443,12707.940097098643,41190.28067879191,47904.72133668592,829996.3537621462,965.0
1127,140.0,15309.674641900561,17118.873686519088,4.033,3.268,16063.019391687878,30895.864992453295,45914.16995777523,803913.2139173843,963.0
1128,142.0,25513.32159402862,18268.241970177947,4.115,3.324,21275.312604960138,39153.333247280374,40954.89277654898,923625.5844778904,962.0
1129,145.0,6393.44591410472,27304.249388613305,4.05,3.437,7413.255859986156,7273.288481496911,19461.4991713066,590975.663103445,956.0
1130,149.0,11033.906461554185,16399.070802090388,4.007,3.465,14454.142482975098,27694.482619458933,22295.48460595833,622741.3711922645,953.0
1131,157.0,6728.951184830128,27220.691819866144,3.991,3.476,9498.766019995996,23160.10899608551,23026.24321169895,708731.728194894,950.0
1132,158.0,10877.33362370148,13667.141509203018,3.992,3.535,14193.91429293998,31325.281979380205,39519.88513234153,907074.073135978,949.0
1133,161.0,320.78262494831864,12465.159194122753,3.934,3.421,-113.58400001004338,5.98,5.98,64158.79347554969,937.0
1134,172.0,19797.770108890916,19672.700910319643,4.062,3.371,20557.00712754409,38247.86623398807,41479.26309926062,522917.639452159,936.0
1135,173.0,22469.58412468481,5440.332831513929,4.076,3.358,19299.61826960301,45513.383548064565,48683.23626946301,810583.3650444157,931.0
1136,177.0,10033.6031423832,17152.154937164843,4.035,3.363,12249.516189062928,28586.134898475735,26299.63926451729,813732.5968744876,920.0
1137,180.0,3429.5391258186874,21688.4878876229,3.953,3.522,4245.55749975876,5.98,5.98,222736.05856063875,917.0
1138,192.0,18674.502631872176,21861.02295589149,4.088,3.413,14813.237650762265,43271.21634887076,51955.01384467148,907652.4053445944,907.0
1139,199.0,1090.618681254001,2652.1390038569793,3.957,3.354,-113.58400001004338,5.98,5.98,50580.96363885366,905.0
1140,203.0,26063.601694563502,9187.612761116872,4.076,3.464,26315.068781805992,45126.20296626238,46898.159951831476,873119.4348564357,902.0
1141,205.0,6698.672637972433,6155.163719029404,3.965,3.403,10682.455917975727,15921.878057722906,26971.85104589117,639826.0996548824,897.0
1142,208.0,9721.278323152445,172.15400638385086,4.035,3.433,13799.259347662755,22156.98655345202,34220.17598655126,916240.4784595168,894.0
1143,212.0,6444.4240139600115,20917.633440930447,3.975,3.494,8602.196224345387,16207.480662432898,13419.970804673476,661150.5474070708,890.0
1144,214.0,1301.6909096396216,36537.368041681686,3.954,3.443,1114.325170429457,44.96869672925732,5.98,582319.1425209772,888.0
1145,222.0,6648.534568124508,2596.8190937628674,4.004,3.472,10170.711105735538,12389.256470405133,28820.523250495848,514913.61150074744,885.0
1146,223.0,8062.899059820642,20761.67243733107,3.999,3.383,10496.76881109012,20404.989803521697,25018.929741559572,246965.34077483337,878.0
1147,227.0,6052.315460958521,18223.22128631036,4.027,3.578,7134.605916520717,9297.811524808572,5707.054697093056,869525.1649496643,877.0
1148,229.0,9078.916136090624,18531.510709672584,3.928,3.387,12947.36660231048,37581.83508394866,39929.406082372625,349027.4235132383,873.0
1149,236.0,24746.53209368488,22791.53195643521,4.036,3.444,18002.091227021534,47531.962561744236,50131.191916686614,906303.1876523012,870.0
1150,239.0,7154.403571450019,2432.49185795422,3.957,3.409,6528.140269357915,32033.668448301243,39118.97645395557,524798.88911572,863.0
1151,241.0,13266.322056203388,4676.435909139529,4.034,3.633,17081.138050710844,28716.98479799549,27283.19284937311,816358.0509442512,860.0
1152,247.0,21082.960524482904,23786.060097547674,4.083,3.381,17712.378196133763,39544.040274110754,45819.604578940496,829650.3463398002,857.0
1153,252.0,5718.210587269569,8417.025963924505,3.961,3.496,8264.284184617369,34473.681937010806,32114.79638849911,380813.3411491043,848.0
1154,258.0,19108.215726552335,16047.899151933812,4.008,3.504,15089.739168399681,32847.56142715235,27354.86525384673,690970.762252763,845.0
1155,262.0,8322.27950958099,15392.016350686023,3.975,3.549,14135.38101248044,21085.632592974624,10192.590241801676,517443.44636648736,840.0
1156,266.0,2377.692052832107,15212.350547477276,3.944,3.532,2874.315738691899,6930.611573156093,17517.3414971733,721280.5370117456,837.0
1157,269.0,6229.600756980504,12450.77515822008,3.982,3.38,11062.78762646081,17521.320890323143,21671.376644396732,470790.049639464,834.0
1158,273.0,504.40738032029356,2457.280608699336,3.988,3.452,-113.58400001004338,5.98,5.98,33205.615056892624,827.0
1159,275.0,12791.239620137589,1849.4616588167357,4.048,3.405,15438.01351387515,41180.39025327872,42305.521765648984,886299.759499809,826.0
1160,282.0,2936.4846171146605,4228.002982516812,3.941,3.416,6069.981933461165,9938.707470119045,22897.53934266494,373998.7095937733,824.0
1161,289.0,8810.094358114151,11972.680182759155,3.949,3.539,12861.985688589333,25356.631633578105,25467.80962893845,523071.1453657914,822.0
1162,291.0,3111.9306748674244,5113.652348763922,3.943,3.463,7207.382395231474,13924.103180450265,25353.666833573167,338295.2589495693,815.0
1163,295.0,486.55212768034994,2571.0160618792465,3.905,3.463,-113.58400001004338,5.98,5.98,116931.04107674715,809.0
1164,302.0,8549.555905000208,24618.388684898615,3.968,3.375,13920.91225066839,29005.985767848477,20856.147000245182,385271.1092991347,796.0
1165,305.0,5535.508056359918,11178.817860332143,3.986,3.597,6476.537299986267,23723.458228608077,25512.95430276904,818745.309150504,790.0
1166,317.0,966.8269862062788,17354.091278441672,3.973,3.397,1353.0331690026755,5.98,3461.1883829894878,319998.83745728206,784.0
1167,323.0,9613.295203268099,21705.845808323764,3.968,3.386,11563.620301097755,28902.52406678831,34693.16941229591,407881.43774394144,770.0
1168,329.0,4622.546033599157,11213.91454478111,4.011,3.321,7189.767034870414,15493.804852779866,20922.73473055749,418261.07304514444,769.0
1169,331.0,6702.400387607942,8661.205529246981,4.024,3.471,9564.112446996274,5.98,9998.429597187836,884481.0671120567,768.0
1170,336.0,10409.142845712924,24112.121118414652,4.023,3.551,8635.176872942238,19491.316663295078,29760.895663324685,865648.5501498426,767.0
1171,339.0,29800.27483536287,30375.072745356767,4.028,3.418,23329.875566809264,54045.96825581358,59110.79165793702,923108.0996370962,766.0
1172,341.0,39656.74396066667,15067.854319321952,4.082,3.495,24539.914475931724,72710.4462936888,78083.73604294256,930912.68683366,765.0
1173,344.0,1763.6230011526488,7128.390738147634,3.969,3.563,-113.58400001004338,5.98,5.98,433839.9506722961,749.0
1174,353.0,20007.932810677772,17687.635401321408,4.054,3.485,19603.96703776115,46464.21836589402,58138.39794925053,935187.6729178345,746.0
1175,360.0,2524.1392167504287,16931.782345073807,3.971,3.57,2398.6525238365357,8082.3837867653165,13249.076400734637,498198.8214390827,745.0
1176,362.0,13204.152921666484,16671.482807417065,4.042,3.448,14199.49995026699,22408.5505790859,22836.90341986136,547316.6410328564,742.0
1177,366.0,6203.125706299102,17782.1163396505,3.926,3.462,11986.127445150561,18078.62422208996,23439.446695950955,760691.4071890553,726.0
1178,380.0,2948.8490616283334,72.30082523317628,3.91,3.586,4450.280218271168,5.98,2038.3030967235118,516448.22122930735,717.0
1179,391.0,295.13197692265203,25104.078634965408,3.889,3.541,-113.58400001004338,5.98,5.98,320843.1141855688,714.0
1180,392.0,5198.463183111819,10718.216768866998,3.977,3.589,8348.309820744496,5258.633222502778,9670.485268310835,744123.5003203291,709.0
1181,396.0,1292.4847907727749,252.2880257864557,3.95,3.54,-113.58400001004338,5.98,5.98,430936.25468277826,708.0
1182,398.0,7226.475222842273,924.2289500180793,3.955,3.616,7739.892614249306,10248.879248308098,20453.511551138858,899995.012947845,695.0
1183,410.0,2323.938103242829,10091.610595167735,3.984,3.654,1354.2608627749596,9793.928573823363,8796.962904473794,664608.2808342185,692.0
1184,420.0,13806.344094489628,13040.871723174158,3.988,3.305,12766.24510355405,40774.64792881056,39502.43007557346,481237.89382316923,690.0
1185,421.0,8730.93545224143,23251.191720430736,3.976,3.471,11692.254243326095,33411.873648417466,37806.53921262555,827819.7627458111,687.0
1186,423.0,2650.2169402255754,19608.794421076105,3.975,3.463,4312.239504677073,5.98,15426.088277656758,262926.8536394267,680.0
1187,424.0,6830.463761322969,32345.567049165384,3.922,3.564,8753.74643177692,22733.306292168545,21989.698435971753,659188.6422899859,675.0
1188,426.0,751.154004984242,14461.10338396006,3.819,3.557,3398.4941283964313,5.98,5.98,434569.6776617866,674.0
1189,427.0,251.76472536309527,4626.969602084021,3.872,3.462,-113.58400001004338,5.98,5.98,80693.21301949307,672.0
1190,434.0,5575.508717214807,15578.74268355811,3.912,3.461,9209.096519267818,23066.538016858314,31838.616183171194,280378.11462835997,671.0
1191,438.0,1348.3197653841457,6399.388066206883,3.951,3.477,1959.3329242434377,5.98,3187.5316269022633,102344.77513128927,670.0
1192,443.0,231.53696163585258,3486.214655605338,3.893,3.583,-113.58400001004338,5.98,5.98,370332.7403479578,666.0
1193,445.0,1625.3585087118252,10009.716935509492,3.862,3.8,-88.4728470824407,5.98,7912.369654717269,728797.5096063185,665.0
1194,447.0,19808.836799995275,28323.93616849255,3.997,3.48,20891.882440786532,50029.26406820075,55653.40256047167,873889.4300378945,661.0
1195,449.0,1182.7594864658106,14938.02834104645,3.924,3.619,-113.58400001004338,5.98,5.98,229736.41346723793,659.0
1196,451.0,4621.224041174701,7966.891888002232,3.91,3.499,11941.313581748644,10408.033242397854,15309.367856646384,245333.84936917722,657.0
1197,453.0,42761.23990881279,17114.475776057337,4.027,3.484,28179.88971243986,65805.86364879229,69801.90411224357,956827.0420211303,649.0
1198,458.0,1234.828889225513,32519.17504792776,3.935,3.58,-49.35541346089394,4979.478444864886,4276.6620249970465,225288.42556579912,640.0
1199,459.0,10666.308972191313,3573.896181636874,3.953,3.472,16229.52449579136,39748.922147236386,44121.48994587196,572216.2340188005,639.0
1200,468.0,414.31581547589917,8094.370571815023,3.882,3.468,-113.58400001004338,5.98,5.98,396297.7393412696,633.0
1201,470.0,4429.734502142664,9393.472990494993,3.934,3.645,7770.429450318068,13583.44139655413,21223.30058701044,674653.2642261727,628.0
1202,475.0,9860.661871291475,9069.149182637648,3.948,3.627,14824.165295085524,27066.364425276995,30084.613991976476,859672.0842835304,627.0
1203,481.0,4254.74045594765,16192.111283622577,3.934,3.591,6170.206422748816,18194.165096655674,20771.156960274267,696983.9343685244,625.0
1204,483.0,6478.33788527437,9049.392567622152,3.972,3.673,6729.047702320216,23277.131441474354,20403.905038939753,853208.1319721573,623.0
1205,490.0,10396.255360346695,3147.4621096382366,4.049,3.439,13316.852515993556,23345.99162659018,22746.338703884685,489860.97795119754,620.0
1206,491.0,6946.493193719646,8558.131055859672,3.873,3.52,11469.939063570322,23221.15023230739,38123.948181416075,578622.9340498663,611.0
1207,494.0,6925.412656892276,10390.745238511441,3.938,3.565,6600.687058292848,21830.094813106756,32514.940151414332,901389.3292721314,608.0
1208,498.0,301.9253655396273,4385.086789883842,3.896,3.586,-113.58400001004338,5.98,5.98,271891.390810777,600.0
1209,510.0,31624.217551287926,59194.22821519847,4.008,3.583,25927.20305938739,61367.24645214462,73285.03168097523,883473.1780272516,593.0
1210,517.0,1111.1406187795635,2000.1243663792516,3.911,3.633,-113.58400001004338,5.98,4439.196503261691,476229.7290184757,582.0
1211,521.0,231.1907075381447,3413.8070151085803,3.87,3.526,-113.58400001004338,5.98,5.98,10782.492526995433,580.0
1212,525.0,8814.608433223993,20762.516823330698,3.918,3.524,12905.393301972845,17598.106669960856,33606.83680745808,919277.7951125063,576.0
1213,534.0,6315.065172041121,4763.902206773966,4.001,3.584,5020.935398033467,6666.559361033937,11791.485873067544,834833.2222719443,567.0
1214,538.0,1327.015541814527,3525.675872509843,3.899,3.657,-113.58400001004338,1079.6697457584378,5344.955851007016,482385.7088577398,558.0
1215,550.0,3648.7847395768154,13897.30536094524,3.91,3.5,6262.229844829981,6303.675946494515,720.0759151620969,301351.76718746003,555.0
1216,554.0,10552.879051138183,30336.68947097058,3.914,3.611,11766.629220242265,29313.17417804637,41276.84213930501,940341.8149365307,553.0
1217,557.0,9804.169757396663,11106.859822240858,3.935,3.438,9858.55906981799,23073.62455223435,16002.636468821469,234004.9356149937,552.0
1218,559.0,11329.750223240471,15673.720266673106,3.91,3.519,13999.30979947518,31848.059655946396,30953.822405233834,276317.5389869444,547.0
1219,560.0,2959.8862070868267,22325.14524461385,3.91,3.62,5334.165268329148,27757.05832610747,23162.817987668717,799475.8355411397,535.0
1220,569.0,9877.740919229598,17083.962927668046,3.872,3.55,14239.35795355937,29147.74167097936,27762.017064178384,666656.0867564377,534.0
1221,570.0,2064.2976115747474,3879.907131866936,3.959,3.454,4426.156693805289,13070.237559084282,24758.656372124253,249547.7027470519,531.0
1222,575.0,12985.301700001957,26884.431065004297,3.921,3.597,12203.621682712044,36218.36353439628,40274.76532892983,775360.5733311482,528.0
1223,583.0,1214.0129161749073,16543.224547432488,3.872,3.496,3564.6969768401923,5.98,7041.360318055543,266664.39245078556,522.0
1224,587.0,8936.137680164595,5712.761260356011,3.953,3.632,10133.881745958995,36026.27791189022,32765.875796407505,390753.878548599,519.0
1225,588.0,4849.714961542235,21606.884236204933,3.879,3.482,4931.854695581736,40950.53284282255,43347.616033716535,768342.4072307608,512.0
1226,600.0,3731.652857133204,13247.179669785197,3.858,3.555,4643.144351704443,19252.626435624552,13037.614374061384,440755.2592476625,505.0
1227,602.0,11697.71495803947,12280.461940358971,3.916,3.491,13980.608627431397,35395.60781215094,42035.90642793205,321022.7546424614,498.0
1228,610.0,5520.688217496989,6023.4418735310555,3.947,3.568,6622.758346400544,5145.513911398235,13723.583420704243,567215.040868349,496.0
1229,612.0,43.96799142261217,1300.0422225682862,3.858,3.658,-113.58400001004338,5.98,5.98,66929.25291154467,484.0
1230,621.0,27272.77257330803,26735.74283507766,3.939,3.583,22014.486971557748,62862.028151360835,71246.99685096552,862131.680436325,482.0
1231,625.0,6245.34221852601,23644.448392885748,3.874,3.562,11340.801595373181,16163.170847159634,9101.217657735458,539641.573812027,480.0
1232,629.0,138.9205910791662,3052.335198933268,3.82,3.605,-113.58400001004338,5.98,5.98,167547.90613705452,462.0
1233,639.0,42.72033369583521,5947.822866632829,3.822,3.717,-113.58400001004338,5.98,5.98,474098.12547258515,458.0
1234,643.0,6998.5338678871285,4078.1643662791516,3.889,3.544,10678.184366677671,38030.334244705045,49852.436452239395,797175.4834811286,457.0
1235,651.0,21231.81967849614,9353.685872408745,3.948,3.582,20178.66198800596,44550.831099469346,43401.68137760359,769153.7552308745,455.0
1236,652.0,1150.9180118626493,7412.975340045384,3.883,3.648,-113.58400001004338,5.98,1111.3489380340561,479289.1086783903,453.0
1237,655.0,7677.387632208276,36939.621891709714,3.961,3.544,11227.746567821057,28592.995555420486,34260.64585486108,702288.6986989771,451.0
1238,659.0,2585.2766871207596,8103.7632203875655,3.901,3.698,979.6811231744446,11308.762948297237,22168.046149811584,633213.48266609,448.0
1239,664.0,3646.1307444422123,15474.049694504978,3.878,3.578,7570.65641885605,6299.900151209934,11480.336994001684,404205.60786427354,442.0
1240,666.0,2219.232678953757,21291.06837751111,3.872,3.774,2004.6373505211454,1162.5572403030428,12348.499822699845,556658.8803611874,440.0
1241,670.0,396.6565790903594,157.66190009447018,3.912,3.619,-113.58400001004338,5.98,5.98,62607.033731971744,439.0
1242,671.0,167.90206919890284,6681.61136969428,3.894,3.761,-113.58400001004338,5.98,5.98,415068.1893131303,438.0
1243,674.0,8865.362847466591,25651.850964393365,3.902,3.685,11639.545604331257,36167.30191043642,49713.00687902148,948241.9008181016,437.0
1244,675.0,9107.539287239342,15134.46244429599,3.903,3.58,10921.428136655744,30573.28879974868,40636.25373771568,744684.0914700221,432.0
1245,678.0,7861.946639492378,4079.3881723210116,3.927,3.555,12784.52382628282,29193.401104531305,31462.858971546455,545103.4719967312,419.0
1246,688.0,2185.788980270827,7618.581648359247,3.873,3.612,4621.046957748155,5.98,3474.299019844151,656320.4926157004,409.0
1247,689.0,896.9643728699292,11630.758231588181,3.855,3.595,-113.58400001004338,5489.765560491097,22686.631640577114,430443.2695545105,408.0
1248,698.0,324.1737856909599,868.0596945000759,3.838,3.635,-113.58400001004338,5.98,5.98,199596.81798913525,405.0
1249,700.0,799.9892722120758,20394.61532576914,3.874,3.726,-113.58400001004338,5.98,5.98,400135.3701085711,404.0
1250,702.0,3097.63158464918,23778.561714851377,3.873,3.68,992.152792456644,246.2620077371812,8791.352856058376,798497.5271159346,400.0
1251,711.0,12604.124448660501,24944.860291015306,3.959,3.436,15541.948303610236,29582.16261501641,44975.82418311605,481452.7263309234,389.0
1252,712.0,6433.3965152241,18853.244033953048,3.948,3.641,9969.478442325511,21843.357139332667,33086.20668753241,678838.2254991453,387.0
1253,714.0,6203.094501022488,10241.96545012922,3.884,3.677,6150.539559635716,13389.378548013177,23972.207115801983,734614.0514646946,381.0
1254,727.0,8961.725665392345,13478.122554177564,3.883,3.545,12700.708372202174,27602.581046094478,39470.755460566324,412531.1838701696,370.0
1255,744.0,11339.015545690172,12827.93891305782,3.933,3.612,12774.765790632058,46074.14518975896,45424.68911886578,777640.7089001797,363.0
1256,745.0,3938.853571982124,11720.695562809757,3.939,3.461,6014.778297696251,9453.25230101441,12202.342390271922,597651.3172501533,360.0
1257,747.0,227.43273693310584,110.28363237026633,3.852,3.74,-113.58400001004338,5.98,5.98,293396.50111689075,350.0
1258,752.0,118.52302702861643,5230.686648722701,3.818,3.753,-113.58400001004338,5.98,5.98,257849.47451239667,343.0
1259,766.0,40681.973345664584,8979.784781342161,3.989,3.711,28948.881576483367,62148.95275069821,74928.62025705175,956983.7118795445,331.0
1260,772.0,40070.08296367378,7367.0995471954675,3.94,3.533,29860.02343035526,61236.60497054625,64742.060235791374,881098.7521825747,329.0
1261,775.0,4009.411614870988,8798.486304653085,3.893,3.534,8313.504752210962,25478.63650553694,24368.144469397706,625717.1098565409,325.0
1262,783.0,13580.026002487914,46792.78266244916,3.942,3.548,14042.402721369626,43938.81617743826,54380.33598725636,674897.9705539403,317.0
1263,787.0,5367.792527659891,7924.674921011281,3.916,3.609,6473.224613265074,15953.989390995752,21734.77241142223,490408.98525852495,312.0
1264,794.0,768.7286347876782,14270.832896707947,3.871,3.649,-113.58400001004338,5.98,374.32564962000106,152843.34967723984,309.0
1265,797.0,1206.3418965538845,2875.473846119851,3.764,3.78,282.07586704459254,5.98,14029.730427246632,452917.25919882196,305.0
1266,798.0,302.540864249572,3699.256643677543,3.817,3.657,-113.58400001004338,5.98,5.98,324933.8375664486,303.0
1267,801.0,263.91317164148944,17005.885550640538,3.804,3.688,-113.58400001004338,5.98,5.98,154404.90621357164,299.0
1268,802.0,1174.972262888911,20103.06795169784,3.847,3.569,4781.161950867124,5.98,610.3450650957584,552696.0773893376,298.0
1269,811.0,2665.9363631024717,1661.067975733231,3.862,3.459,5545.761522844372,3753.7532052760566,15930.409677978892,408166.85745631694,294.0
1270,814.0,9746.220748919499,13715.064501771416,3.93,3.658,14194.049951582723,44133.83870590461,45000.5473773791,526123.5082815326,292.0
1271,815.0,11889.879686280185,13013.300236553543,3.899,3.57,17437.613867592077,27939.418625755297,24463.353582810047,185280.31556451484,282.0
1272,825.0,47.93484785544755,20133.83895894538,3.775,3.718,-113.58400001004338,5.98,5.98,104775.55372044217,275.0
1273,830.0,4892.851374942663,22755.92704513708,3.869,3.518,6863.440073121271,16572.44146561241,20942.39724403344,434734.1241328231,269.0
1274,836.0,14963.558195888827,40103.73185686825,3.915,3.503,17563.759796667404,40259.65549729773,54638.08438230212,667980.2918910709,260.0
1275,850.0,1751.8767964319989,32474.744221017532,3.897,3.588,3611.2103182459723,5.98,13373.621081793353,583133.2810297345,252.0
1276,858.0,1627.4835658849152,15578.290780168121,3.853,3.707,65.59843085884359,1659.3995577983928,20134.306114873652,800632.5388269589,250.0
1277,860.0,7906.515822439781,21729.00555205089,3.893,3.539,10654.803273933463,27828.71524893952,44301.40692390599,838775.7008439465,243.0
1278,863.0,4360.1111519505785,20483.239661854852,3.878,3.539,4336.455883754344,18711.65819627109,23332.01179270709,620634.3998916952,237.0
1279,865.0,850.9001212838981,16619.17960204971,3.87,3.837,-113.58400001004338,2529.2628411749643,11154.810493843126,737321.3573499484,229.0
1280,882.0,8284.186744253517,8230.860486415815,3.857,3.642,13347.444451557374,27008.831949129082,26601.41631180766,748954.3326361375,227.0
1281,885.0,580.8974448523738,18882.04824391331,3.82,3.605,-113.58400001004338,5.98,3804.826319653278,180423.48454593678,225.0
1282,887.0,2176.3193402285647,2491.8051721015363,3.821,3.701,6388.332109602124,8054.808579257789,17768.41828864023,633166.163197858,215.0
1283,894.0,844.9373749987896,11690.309922915781,3.819,3.671,1028.5339434805378,5.98,5.98,223997.05557704717,209.0
1284,898.0,5084.6602425302,18832.32674078995,3.832,3.735,6802.026985812151,5117.699752780326,21792.227464272393,840109.7660728754,208.0
1285,900.0,24085.05391919317,21070.241751675745,3.83,3.683,24278.87621449309,59580.499333154745,65633.93643275108,907227.4497677174,199.0
1286,906.0,2097.765571668726,17795.187459499106,3.845,3.637,3311.1211369866387,8328.005275149984,10828.360207061218,447754.1110776584,193.0
1287,909.0,722.5649645194727,137.44091301871595,3.92,3.71,-113.58400001004338,5.98,5.98,258517.1985433433,184.0
1288,917.0,502.9394416913251,4715.357317062228,3.785,3.637,-113.58400001004338,5.98,5.98,691901.3497009693,183.0
1289,921.0,23.757936785296607,5004.388433211662,3.732,3.681,-113.58400001004338,5.98,5.98,13828.778658928204,179.0
1290,926.0,31.699539192595452,5925.886017845769,3.757,3.791,-113.58400001004338,5.98,5.98,273549.5925158144,173.0
1291,930.0,10778.694149560994,10810.356312715336,3.843,3.545,16847.209615337513,33805.04513118602,37237.54364167426,291096.5935293936,169.0
1292,940.0,2283.113999574308,11184.649163923066,3.805,3.623,7471.482000256864,591.4638251963579,13449.016884703571,265281.68358837004,163.0
1293,944.0,13549.682913086388,20892.336749473467,3.908,3.5,10665.438819995432,48235.640690297674,54474.05922196518,871751.702998866,157.0
1294,945.0,1110.231785232668,4764.487514614019,3.795,3.688,-113.58400001004338,5.98,4360.746247964037,533206.4940930041,153.0
1295,946.0,11946.895540279533,17485.091219893497,3.87,3.499,13666.284124501219,38106.3353374006,52464.75604166651,517868.7030931043,151.0
1296,951.0,1065.423006752619,1798.0460114299524,3.82,3.832,916.0845151581002,5.98,5.98,476669.35554808326,145.0
1297,956.0,1987.5560907338563,9271.762281746403,3.82,3.636,3385.6219150663524,7673.932330236708,11783.634345606557,506494.4213669347,142.0
1298,961.0,13683.993099491146,34676.98921527254,3.914,3.646,18249.719764371857,47851.62149157877,54851.1443619977,935423.2943665258,140.0
1299,963.0,2888.804974140875,761.7921542483432,3.846,3.742,3359.116522787352,11132.49929062466,17070.085223708986,775380.4566403386,139.0
1300,968.0,3550.0638450465294,2809.5373834079,3.786,3.68,5913.260979523018,18147.900236050154,32667.934229680504,403038.5342318176,136.0
1301,969.0,8763.32068452081,28032.80142615303,3.877,3.64,13726.604392492256,26312.00228784485,49802.76499000924,828182.8467692009,135.0
1302,973.0,14902.282063188537,28868.042384341916,3.882,3.646,17216.62596274697,62177.35888261725,68144.78974492416,860054.0471336782,132.0
1303,978.0,928.1189609819288,9020.20707495953,3.772,3.731,-113.58400001004338,5.98,4123.31680781206,625985.3237624608,128.0
1304,979.0,7255.775784251859,12354.277413179094,3.866,3.655,8657.34169517636,22487.435248866666,32754.071075570493,590005.960062972,127.0
1305,980.0,5433.265507930488,16294.660118696771,3.878,3.72,10010.128839963496,12255.959672131517,12075.125439899384,818959.8294789428,126.0
1306,982.0,1221.078931847788,5953.259918229189,3.78,3.816,2522.191888179411,5.98,338.5064988256436,639166.869535422,116.0
1307,985.0,917.2168597821653,19085.12066699175,3.811,3.701,-113.58400001004338,8276.88537623813,24972.290081665837,698340.7989217048,114.0
1308,991.0,12087.540295091203,11270.631463025093,3.826,3.567,15508.186696694795,44746.48506587597,48387.55201699978,443799.5242999978,107.0
1309,998.0,11401.429035644624,36252.130673575295,3.829,3.666,12456.984282090158,42000.695380369914,57907.07122932149,577324.7062062664,103.0
1310,1006.0,11525.63311876245,15526.736679720303,3.855,3.776,11265.061752936823,37845.58369203391,41201.04428200115,831404.1751297594,92.0
1311,1016.0,5328.508784242198,14044.105789043722,3.88,3.613,9531.749686859752,28921.772379435573,36738.63598468964,253017.7167709947,86.0
1312,1023.0,3197.974157606353,5516.409639423634,3.816,3.758,5109.503739778012,18922.974468144177,29039.57118091941,686372.7491596972,80.0
1313,1026.0,7797.684881077992,16161.115265427045,3.794,3.544,12135.341185527766,34257.353733809956,34691.24370003908,494511.79926099034,74.0
1314,1029.0,928.8487660658499,929.032582070447,3.799,3.642,162.72377332514543,5.98,4453.303355440464,633939.3178081478,71.0
1315,1033.0,627.6293486924575,12634.918414363103,3.816,3.614,-113.58400001004338,5.98,5.98,80427.19834365016,68.0
1316,1041.0,2828.722779550489,14767.714942605595,3.805,3.655,6962.97797976875,10803.172424415707,26769.932785303878,512892.50831717957,62.0
1317,1044.0,9673.024283354796,24828.261170404592,3.837,3.731,16245.71059248595,22456.39723049058,26315.282025816792,895795.6013056259,57.0
1318,1052.0,6752.1302680255085,37724.96383551058,3.865,3.77,6181.503475508676,25439.805578273186,36790.962950018795,742263.1374807433,50.0
1319,1056.0,15973.823243889625,22809.684754362042,3.908,3.704,17145.32457389628,14895.493139813409,33954.39080127586,943972.9987877144,42.0
1320,1060.0,651.7803810103226,16244.264653560796,3.835,3.635,3686.4780047481604,5.98,6871.137353921606,140025.57761939723,40.0
1321,1073.0,1153.9401683528426,18544.246557995582,3.81,3.796,-113.58400001004338,18387.002621691325,25705.18873801652,522131.47175767284,27.0
1322,1077.0,5056.010498300809,12113.785886907895,3.796,3.802,6406.728173270605,13863.58906293014,31527.089554854574,775788.8382930417,23.0
1323,1087.0,3624.8529583187737,10541.561458420769,3.84,3.682,6841.036086652252,7723.638101921377,24200.764745569926,301970.41210076644,15.0
1324,1090.0,2461.3538117111457,23418.827975902088,3.833,3.627,7058.857635002075,4804.193235255433,13818.726093733647,498875.15020329837,11.0
1325,1099.0,3019.1979205932653,20368.755619938944,3.779,3.809,3104.6655649174745,14479.545898673041,24565.88088560771,789609.5628703557,4.0
1326,1102.0,2084.980819003993,24055.44808352001,3.805,3.869,6657.736639105673,1936.9088335944043,11220.668213262343,527433.7245828691,1.0
1327,1104.0,7049.892557422744,5416.843315719358,3.833,3.635,11861.770209808532,15089.116439197294,11825.869242848545,242268.98202595892,0.0
1328,1.0,4925.16230900774,425.96058159010283,4.111,3.293,8218.29067399598,10691.493172251146,9460.575633357137,223707.1108788406,1133.0
1329,2.0,5953.376920695596,12839.886645618011,4.073,3.462,5521.753825442214,24315.64969397574,27503.990792309574,393025.54034424404,1107.0
1330,3.0,12469.738451240064,23534.89123658555,4.07,3.21,12662.063184797944,50005.082576439105,52598.707922531954,732622.1582215057,1098.0
1331,10.0,1292.3619762468195,4339.7694768411975,4.054,3.462,-113.58400001004338,2370.6870740807717,2008.6083215836443,560716.5988755715,1097.0
1332,11.0,1190.5881206966803,10421.632466290957,3.973,3.402,2263.045099277208,3011.1001330672225,3014.8556880598235,537890.8127831207,1094.0
1333,13.0,2319.54769738391,15105.301415527294,4.025,3.321,4715.818880203181,5.98,5.98,225225.4652148528,1093.0
1334,19.0,13602.103568543125,9056.510985426692,4.143,3.428,11225.039779060618,32959.11868340068,39726.56972882498,451066.89575054165,1092.0
1335,20.0,11699.66812412011,29340.830217352905,4.091,3.445,13000.880677130372,19076.628166450944,19424.33157230509,550826.0848109899,1077.0
1336,24.0,15212.835710217276,3346.46926061567,4.039,3.506,15280.895414687275,12147.942094658065,15983.863703484913,901674.4750984601,1074.0
1337,30.0,787.5095746865987,5690.673218522569,3.961,3.486,-113.58400001004338,5.98,5.98,444663.59537294984,1070.0
1338,36.0,6519.023652871257,15069.65104285007,4.012,3.425,12371.839221478913,18563.193221867004,28001.047977524577,874283.1727646622,1066.0
1339,37.0,14309.448681142183,16201.988148094311,4.089,3.508,13325.729753752075,34104.532037691664,47314.7885029533,888949.5339156726,1065.0
1340,44.0,238.47518205368203,2388.668563593861,3.944,3.421,-113.58400001004338,5.98,5.98,123504.31637255539,1063.0
1341,48.0,4643.959748988707,4358.230242636459,4.009,3.477,4679.549394127719,11373.041118846879,22882.266160104802,766975.5563734745,1057.0
1342,52.0,10062.499526953707,10771.409135696485,4.046,3.444,13519.6960055297,33216.14368580592,31144.843613850113,824764.7008746378,1051.0
1343,62.0,28566.942277637663,484.08660196337087,4.171,3.407,20842.926085925254,48438.54319576963,54956.587718137926,954875.7770258381,1044.0
1344,68.0,4613.7729665621755,1109.3652948201332,4.017,3.497,2734.074460169115,13887.4066869007,17904.801856977436,831372.626748901,1043.0
1345,70.0,3179.4856022212043,11032.440585332693,4.021,3.468,4362.1684031631285,2882.4583179965207,5.98,869277.5960631166,1024.0
1346,85.0,13419.32847491165,7416.369340741586,4.069,3.377,13141.648557919994,36605.55921513958,39190.69402893819,760377.4131359266,1019.0
1347,89.0,8957.941681037719,10853.739916896102,4.044,3.493,12548.083365333263,24178.6743666453,25784.415507710342,831303.2016505435,1010.0
1348,100.0,1739.4994476167903,6820.5071808307075,3.955,3.54,616.5478737545018,5.98,5.98,473255.2764969764,1001.0
1349,101.0,2651.45578263393,1768.9964537728342,4.077,3.517,6776.4376963575,5.98,5.98,733913.5144321048,992.0
1350,113.0,8974.304397538212,16306.28751730212,4.013,3.532,8351.385567588452,17066.3147636066,37826.079386708356,940728.4502056722,990.0
1351,114.0,2170.6156559743436,8369.527771476682,3.951,3.484,5937.679768215133,5.98,5.98,340142.45743959333,988.0
1352,119.0,9435.787884725876,9429.097007107766,4.019,3.328,15344.824771637474,21084.545290671784,28146.37482362188,447180.5231236663,983.0
1353,127.0,23608.954190715696,12482.722468496355,4.129,3.491,19478.53418141604,47070.445039901344,46352.48219025723,874282.0353995872,981.0
1354,130.0,307.5762272583432,25.4183857059993,3.987,3.474,-113.58400001004338,5.98,5.98,90205.6617774051,974.0
1355,135.0,22570.61041220603,28850.28455754922,4.092,3.304,19858.260228003477,37640.18899744721,39175.83679898304,783606.23149491,971.0
1356,140.0,8451.892106479809,4555.288526642934,4.047,3.31,13884.407053230241,33238.21557531532,30771.99531152127,737501.3965451192,953.0
1357,158.0,997.967817098312,11089.751229804875,4.012,3.466,-113.58400001004338,5.98,5.98,361865.37688736594,952.0
1358,159.0,18492.836327778936,76.56262977374922,3.988,3.524,22280.014049015947,36682.76364277161,38342.971759550725,664219.2892879266,939.0
1359,165.0,1867.657098342379,7406.883247261285,3.971,3.554,4528.616098725471,5.98,5.98,287448.11236460274,925.0
1360,170.0,20002.898515296532,23285.47707464051,4.016,3.397,18224.67082557715,49292.635008427824,53518.99351174335,816130.9878758386,924.0
1361,180.0,19227.703559747762,17508.938329438563,4.056,3.418,15782.323272106985,35455.926944073566,42618.39075334229,522789.21155614295,920.0
1362,188.0,5917.41701603157,5618.424979383108,4.04,3.535,7734.898378164755,11202.917901749122,11999.002318883087,595434.5094391991,910.0
1363,198.0,26578.5540746879,28720.94874839751,4.054,3.415,19457.309547195422,56305.64450872451,61714.321529781635,942916.0131440808,899.0
1364,202.0,8884.009103492906,5937.602387363161,4.047,3.47,13555.500071234925,23882.02431839026,30702.387926212847,778520.4036786421,894.0
1365,204.0,5202.429998303659,21753.896616195958,4.0,3.479,6432.954292039421,13589.337407533876,11761.263867984238,466669.69764723035,892.0
1366,217.0,666.3841430354951,5212.531564163473,3.884,3.512,-113.58400001004338,24302.59081303372,19270.54757831165,185494.52737891974,884.0
1367,220.0,3605.5288940219107,11390.100959165433,4.061,3.515,3511.6840955937373,10490.923898666639,9495.605781164435,570356.6372270164,882.0
1368,226.0,18839.801391539262,12099.916416337714,4.049,3.552,14483.226308904968,35221.165365119865,30295.867065294195,861268.3867208918,879.0
1369,231.0,16848.01280377374,33473.45270213769,4.02,3.42,19622.140917243112,37242.656661705696,43765.08405628772,680549.165272492,877.0
1370,234.0,8075.488873189533,30217.862410938356,4.03,3.532,10638.166827243325,9118.850218499383,23111.25449246799,559458.3239867601,867.0
1371,240.0,3472.539378774736,18985.514520072433,3.979,3.335,3397.7802873444775,11009.062202239264,5.98,323616.2890517037,859.0
1372,250.0,5614.05239728334,6663.981625232463,3.96,3.442,6823.036864727324,18658.46023327852,19044.411328798167,692292.2154234264,854.0
1373,252.0,13361.524638165625,16030.982096043816,4.093,3.365,13639.702134890127,32593.454278650173,26275.411969930574,422922.65984716604,853.0
1374,254.0,19266.27456536541,29585.4435309933,4.023,3.335,18387.71470856282,57712.668351108194,62196.997331024184,505610.93138316664,848.0
1375,255.0,6367.36272178723,20830.82566694657,4.022,3.46,5739.760485627762,30469.85492599992,30797.099046356227,499441.5656637903,845.0
1376,259.0,25882.158089398974,5556.222574033522,4.046,3.415,22496.93020103991,55998.511796176565,63205.38451485812,935947.8160886787,844.0
1377,262.0,5886.204289600995,8809.886405745621,4.002,3.462,9766.11090946767,747.8712870002819,14761.21968933483,464668.1868357618,843.0
1378,263.0,2082.3162747406063,6357.419974247282,4.009,3.44,475.6067606051247,5.98,5.98,214870.89494896113,841.0
1379,266.0,695.6059738124732,4766.5044093828865,3.976,3.458,-113.58400001004338,5.98,5.98,273956.74260083045,837.0
1380,267.0,20693.595578806522,25040.053692029724,4.059,3.422,23725.835429797895,44253.57570811556,58860.723835663855,911633.0537484036,835.0
1381,271.0,3589.416420316858,10467.60827421796,3.988,3.538,4610.626145508766,5815.381855390067,6581.3645419176455,536252.2769638633,832.0
1382,274.0,9802.451011558584,10782.76239740182,4.025,3.378,16382.358040059575,27569.403083441615,32421.763003793094,511661.16684433667,821.0
1383,283.0,4731.307526130051,8002.24589240097,4.03,3.524,7171.662991559248,5.98,5.98,352268.2028407273,815.0
1384,292.0,11110.373446822741,23711.94909400877,4.02,3.543,12568.973431063803,21207.844328574145,12397.804579194137,683428.1967071376,797.0
1385,305.0,197.58790103447848,6897.011285694937,3.914,3.371,-113.58400001004338,5.98,5.98,28992.06881318504,794.0
1386,312.0,4947.723169826212,4428.681450278424,3.969,3.479,7577.895920394403,3543.628784616082,3669.599259896335,222117.0727860427,779.0
1387,331.0,43550.0648732104,20924.948203452874,4.093,3.535,23439.760869132555,86773.49066491796,90204.55277027968,945156.8557883617,771.0
1388,336.0,4780.895770966912,16955.171524411544,3.958,3.511,9026.184538486428,14030.887424885866,12811.763923456923,516706.0370579249,768.0
1389,341.0,15001.777447851116,13321.66785189883,3.964,3.51,16830.46630436889,38711.14675160484,40681.205539873634,776258.3575653917,764.0
1390,344.0,6397.290317239204,8879.375065395285,3.986,3.546,7383.560592237326,32475.350867478326,44426.84367296114,820615.0288835416,759.0
1391,352.0,4387.48074811117,10440.508748942299,4.018,3.412,3938.4866216703354,27010.055341745163,35897.728391247314,888085.9932581637,749.0
1392,354.0,40727.23418067102,29343.067049891368,4.074,3.352,30453.592778723334,70011.1228615051,69958.46060735715,954144.0661280862,746.0
1393,361.0,2543.691989977869,10606.312362391873,3.96,3.476,6516.267396904743,2600.3014060458336,7480.134112807626,714681.8246131403,735.0
1394,370.0,4357.727718480187,11033.843707017153,3.947,3.47,8417.407821634943,23812.80307749009,17810.314529914147,629735.2587176914,732.0
1395,373.0,7809.733101434648,936.947712091504,3.988,3.576,10905.654926869034,27124.223004607895,23588.809572813116,887346.0602829253,731.0
1396,375.0,3119.1008582034474,10204.433887109037,3.963,3.657,5581.7724455287835,5.98,5.98,453639.8103672851,730.0
1397,380.0,1024.5496984944114,5890.429819640795,3.93,3.605,128.44128221822803,5.98,5.98,88412.7661124472,728.0
1398,383.0,9067.805614482959,31662.28026699232,4.011,3.57,12614.342990219931,25866.15847583516,36294.78603844193,929707.8754860116,714.0
1399,392.0,4441.524666368901,8499.851314654436,3.93,3.387,8016.453273588553,28804.50434959702,30525.664365246485,298358.790386462,713.0
1400,397.0,5048.129782322172,16538.014318152855,3.954,3.578,7274.213778900579,40736.74778036642,37374.33650692652,891118.3804585905,707.0
1401,401.0,1104.0266897780527,13847.31861512554,3.929,3.572,-113.58400001004338,5.98,9219.333502113415,505411.17263269663,703.0
1402,405.0,69.48076921861313,2937.3351712588164,3.862,3.607,-113.58400001004338,5.98,5.98,112019.71397731199,693.0
1403,411.0,68.23772304604694,11928.239657438411,3.864,3.546,-113.58400001004338,5.98,5.98,214095.10648554235,692.0
1404,414.0,14791.764091353565,6714.482612236165,4.005,3.536,16867.283631124654,41086.34480536661,36920.90541975306,885145.4316459432,688.0
1405,419.0,16667.008352598095,12599.71044431463,4.054,3.58,15376.540463361222,38644.753804441614,46097.99329077946,893650.4025746391,685.0
1406,424.0,4152.603122168675,19167.984943308296,3.999,3.506,9246.872018169179,5356.1747711543085,5.98,556552.8031229379,684.0
1407,426.0,424.68811535092374,4622.562973737875,3.91,3.462,-113.58400001004338,5.98,5.98,63629.021118110344,670.0
1408,431.0,11755.94133504406,15741.819653863138,3.966,3.498,17430.635928626423,51347.97645961591,47379.21230627817,842442.5509754536,667.0
1409,441.0,731.3292510569115,13760.233319939736,3.955,3.586,-113.58400001004338,5.98,5.98,229869.72831991236,663.0
1410,443.0,4806.670958919702,4293.548099695146,3.93,3.517,7411.408115836926,16893.635553879354,22915.29115219492,791688.8675620568,661.0
1411,447.0,13759.92012588293,21108.05836092687,3.945,3.71,16160.116702556192,42214.388543197056,56794.98372597923,955926.23775981,658.0
1412,449.0,391.9036703994259,604.2509952879847,3.862,3.571,1389.4993272993624,5.98,5.98,349760.5307349601,656.0
1413,451.0,11351.16996821959,5973.68827217862,3.982,3.536,16382.604624439155,32187.88289215328,30347.62804820828,497073.75409548957,652.0
1414,452.0,12780.89300812276,4756.395338847097,3.996,3.542,12597.39632369605,24381.01295969134,28263.46295316844,639624.184898546,647.0
1415,457.0,814.766260882864,12676.06109716613,3.935,3.496,-113.58400001004338,14063.891153118842,21663.270456136685,489664.4522412667,640.0
1416,467.0,2873.751701224355,7639.816118252963,3.924,3.41,1944.6364230962497,21774.564381050437,37565.55424666149,373703.5309897291,629.0
1417,473.0,5513.356837909829,20171.42610504792,3.915,3.656,7829.886149381886,16628.03940417643,20052.797347384923,247971.21906235098,626.0
1418,482.0,58.79373095938343,6.869692206644913,3.832,3.704,-113.58400001004338,5.98,5.98,212240.7835426644,625.0
1419,483.0,82.04720656365447,1702.697572320617,3.854,3.626,-113.58400001004338,5.98,5.98,43328.02688287211,618.0
1420,485.0,5815.293471357086,22055.135275219905,3.903,3.62,11402.824452624165,30402.273807895606,41997.10273554352,805506.0016248072,617.0
1421,487.0,6841.634405790022,410.1351649032806,3.933,3.537,9910.538194056247,30723.24714836241,26135.240034572744,429355.8082469874,616.0
1422,495.0,13198.589280549335,5227.5609337868,3.961,3.555,13811.017196208375,26781.890600877246,34487.13746749647,386057.07134192955,615.0
1423,497.0,15096.477210417255,14309.279487582557,3.986,3.445,18973.41019548634,33650.49785667611,32707.90885899993,386693.931257539,613.0
1424,498.0,2573.518581777277,6893.832782072534,3.937,3.569,2555.353296969225,6511.30882591963,16262.22721975076,773233.166955923,608.0
1425,504.0,12513.945772512057,10861.406746279808,3.905,3.483,15817.254509328672,53965.059093075964,59281.040653020376,899521.5834122718,594.0
1426,512.0,669.5141931922393,6639.433888945468,3.943,3.529,-113.58400001004338,5.98,5.98,357894.0855304785,586.0
1427,520.0,1518.0290554597373,29545.452069494797,3.885,3.615,1737.6846907187141,268.353572778592,2285.877173793966,530118.1224378542,573.0
1428,531.0,10585.972313031663,12007.559237288115,3.957,3.673,16068.453537725605,20031.12758039555,31260.549657737683,905890.256450899,569.0
1429,539.0,678.5885622456406,2539.0287984347488,3.871,3.63,-113.58400001004338,5.98,5.98,220743.94364404114,567.0
1430,542.0,8164.326288445069,10524.38349790946,3.907,3.542,9957.51524822306,32605.298664016947,37724.45227227389,676001.6394006123,565.0
1431,544.0,4643.711194440592,7361.1963248129,3.927,3.545,7531.259563218615,10142.89495613403,10739.453794876552,275419.7282864939,560.0
1432,548.0,15554.98625549539,20697.32997649172,3.954,3.431,14957.242403438882,39932.309002840935,38244.1997547369,743299.6496956497,559.0
1433,549.0,3333.8531322785648,3521.1946004904635,3.889,3.603,5841.463898721065,13327.194410573282,19223.12729912319,571070.6519800462,558.0
1434,551.0,4878.08323477719,3636.987766417979,3.898,3.524,4936.060528121764,29454.24292931243,32727.107403007423,487920.4478520356,555.0
1435,552.0,1885.693769397972,23060.36758845826,3.926,3.514,2153.4045026993394,4401.469387946075,12754.355440924488,103921.18534530865,551.0
1436,554.0,8201.263195586498,7619.40471227721,3.939,3.564,9931.414077172265,16199.14022727432,11193.082557849217,404845.10195934074,550.0
1437,557.0,36885.55367681619,19992.886684642108,3.985,3.578,24998.96616000392,78560.12589540814,88020.5696874449,956182.7777001733,548.0
1438,560.0,2809.0703394302063,16811.402653526708,3.924,3.592,2753.8320850213654,8232.181684615605,17155.46079082913,622465.8213669003,545.0
1439,567.0,594.0333665749343,5560.729342288057,3.817,3.701,253.00462371474168,5.98,4617.602764259891,420202.1137951285,540.0
1440,569.0,6730.905439094151,6049.241940439404,3.896,3.568,10016.516007865144,30265.60793138687,22435.71764652252,287291.63096171623,529.0
1441,577.0,8919.280731457284,4147.0902677072445,3.998,3.581,11158.28038848209,17433.94885176346,18586.193339136997,861128.2222310767,525.0
1442,587.0,5212.410202157999,7858.191779213995,3.873,3.597,7271.013201246575,15229.98406677127,23948.255274298703,634739.5807007989,518.0
1443,590.0,332.0665157506739,12924.029387137976,3.774,3.562,-113.58400001004338,5.98,5.98,230224.22232237388,504.0
1444,597.0,988.6915914576552,9518.201683238105,3.827,3.684,-113.58400001004338,5.98,5.98,430502.35148206545,502.0
1445,598.0,1795.7899881050039,21434.913976950076,3.924,3.509,4163.878077999811,5.98,5.98,242330.841868245,500.0
1446,606.0,7776.357709983005,21218.054442374072,3.951,3.597,9136.47065559742,12362.600619041043,21259.59243526153,355110.0222801611,498.0
1447,608.0,3438.2565274060075,39876.36973925964,3.869,3.469,4154.006445408358,32420.533123010202,44658.67344546995,548737.428378706,497.0
1448,610.0,2927.1807560768802,16873.57227807165,3.949,3.608,5665.314793199247,894.8494366422483,5.98,569280.7950860444,490.0
1449,617.0,11255.509417166737,27898.747770638493,3.923,3.53,12775.62091655026,29181.425083959122,45976.19893130815,907563.8719600221,487.0
1450,618.0,1759.967972190313,210.57405415696167,3.89,3.543,3481.356759058591,13179.637334562496,19525.960857752343,452388.093191892,484.0
1451,622.0,2908.77692537387,12484.897560416724,3.855,3.639,8435.773554165897,10624.612019418339,14174.324711150994,788383.133275215,478.0
1452,626.0,9019.414763768355,30389.61611870297,3.982,3.564,12956.212444880299,25317.15239176135,25801.76068101485,926447.0820138967,474.0
1453,634.0,12222.794148990793,24301.308972966683,3.923,3.593,15557.739364305207,24605.4341097987,23466.901351389883,522512.95706822944,464.0
1454,646.0,9351.89493688444,9468.878489867908,3.93,3.558,14823.073054414457,13865.29910556295,18308.85866470194,730407.2730045718,462.0
1455,647.0,12163.757454075037,18679.488551446317,3.931,3.507,15944.48667144686,45979.62089525604,46275.390374417955,881146.4386166458,459.0
1456,651.0,4061.203029386909,11763.332420198556,3.894,3.6,12823.581506148847,19552.327891386638,26853.129181891134,524893.3452355177,454.0
1457,656.0,197.7232663642787,7171.195872410538,3.848,3.486,-113.58400001004338,5.98,3913.643921313026,125891.97795736055,452.0
1458,657.0,6099.087564151685,11102.501238296813,3.934,3.786,6176.870736228297,25981.724921870762,29271.424601260936,918603.0953203283,446.0
1459,662.0,335.14482872469534,17401.110293609014,3.817,3.65,-113.58400001004338,5.98,5.98,273741.4373989984,440.0
1460,667.0,12182.082344516295,33953.88093743512,3.899,3.541,16999.78105925125,31077.01250740519,45091.25675759632,806828.7438705084,438.0
1461,669.0,3777.1409169101566,5479.884993534029,3.9,3.52,6439.514471892293,15306.252506550776,22432.614518693008,650997.0295341592,436.0
1462,671.0,4432.6974445955,2444.0158216291084,3.845,3.519,3654.3732830332215,16096.851070803363,23066.74000687802,737969.9127982975,433.0
1463,673.0,2413.844750209087,9931.622726333317,3.864,3.599,3938.6940998495975,5.98,5.98,299064.6480565387,431.0
1464,678.0,6542.610966186125,23603.445333134183,3.882,3.712,9470.581317051498,17409.392688052794,22511.38383008576,379088.26822217973,422.0
1465,679.0,279.75125876541927,990.641895762752,3.864,3.764,-113.58400001004338,5.98,5.98,357464.74994134356,421.0
1466,687.0,9291.201766646745,4186.965161687367,3.904,3.536,12925.841887246821,26748.008227624247,41429.789098772955,866655.6092751748,419.0
1467,689.0,904.6827954829787,21721.067367150587,3.835,3.612,-113.58400001004338,5.98,5.98,254578.82089636222,412.0
1468,695.0,5589.699650624553,5290.604542326015,3.906,3.613,7670.520638697719,17410.74623074891,29745.55620756623,540548.9114650795,404.0
1469,700.0,387.75942865506045,10942.444480574704,3.819,3.555,-113.58400001004338,5.98,5.98,45449.43382510272,401.0
1470,704.0,9359.665594531296,9529.404258697694,3.909,3.498,17813.50040622906,27924.374476893292,29612.581474581566,411563.50386218226,400.0
1471,708.0,2260.560615093995,19283.35648929851,3.908,3.561,2051.4269435468905,490.1952257664443,10613.503147025247,451295.57914780517,392.0
1472,711.0,15115.460233588918,16359.753205244564,3.944,3.599,15761.371283152626,44326.833502270165,47810.219259648424,646251.9071047218,388.0
1473,717.0,9511.718205507752,2713.0078354947423,3.946,3.542,9037.07777460872,39144.93722502845,46000.70957086978,437818.82415717345,387.0
1474,718.0,8489.343188534522,15917.762415011708,3.961,3.572,10400.84070877381,20114.586158924496,25648.822692830916,469495.6747851833,384.0
1475,721.0,2073.1908905321056,14593.643504854135,3.844,3.517,5580.018820569414,5.98,11772.386295734112,174674.5936261795,382.0
1476,725.0,3008.9840512497317,10390.268956648342,3.903,3.725,2734.841077935568,5.98,7849.093316023402,664830.0092852646,370.0
1477,733.0,711.1990079893087,7692.858551469546,3.856,3.62,-113.58400001004338,1913.0156772464234,1535.413514400847,200176.17404850086,367.0
1478,739.0,208.14855704766717,2472.687055341399,3.788,3.697,-113.58400001004338,5.98,5.98,247309.29558855112,359.0
1479,740.0,2392.65305932426,19644.604591507996,3.875,3.634,4282.090380683469,5.98,5.98,630236.2348763582,357.0
1480,742.0,1992.2929226755205,8682.313480574954,3.82,3.607,4652.177102989458,10166.624652557843,8110.347430881883,311147.5620739047,356.0
1481,751.0,542.6223612126391,23254.719651471714,3.818,3.518,-113.58400001004338,5.98,5.98,148421.24846304316,353.0
1482,754.0,88.77829743690334,2358.489080567006,3.878,3.811,-113.58400001004338,5.98,5.98,178371.0158725832,349.0
1483,757.0,11648.905817140721,26285.654454118245,3.889,3.578,13701.335288761142,21643.200081972904,32831.21578952484,655796.4226746258,345.0
1484,768.0,11540.24606769613,1523.237770319262,3.863,3.529,15348.091217724263,42771.50926150975,53003.80391168275,727254.9556386431,344.0
1485,770.0,11295.813565338252,1210.007794087851,3.874,3.586,15709.658475130904,30590.35444575523,37533.69216120633,684692.127838482,332.0
1486,776.0,1234.8410977192336,9665.873304168774,3.852,3.727,-113.58400001004338,5.98,5.98,444755.41505131265,322.0
1487,780.0,1852.1447626771517,13023.764274209556,3.871,3.669,193.2713770486189,5.98,8364.78279931043,311019.9160019783,320.0
1488,789.0,971.0808005657647,9968.154299950966,3.879,3.575,-113.58400001004338,5.98,5.98,463593.1058779089,318.0
1489,794.0,12317.237638589964,9642.34567704995,3.908,3.552,14504.73629901931,24992.388757924364,19297.635822290118,435071.796602692,315.0
1490,795.0,3475.4750789931195,22507.361300631877,3.862,3.585,8973.377962897406,4130.398533827645,18931.003069117112,654928.9402579279,304.0
1491,808.0,251.77753120035578,12569.178163328248,3.77,3.638,-113.58400001004338,5.98,5.98,69988.79198695224,300.0
1492,809.0,31943.78233637088,19771.412217437395,3.951,3.563,24588.64600199214,70678.9960982898,73210.47337252628,908149.5922529858,298.0
1493,815.0,8788.303940808091,24904.10217761842,3.909,3.542,15443.288694554683,8454.030341886428,15083.10587165699,641317.8900584928,292.0
1494,822.0,1238.9535303849902,2048.8852205537105,3.852,3.823,265.6291680639097,5.98,5.98,161777.73643697964,283.0
1495,823.0,31602.3239618455,2653.6807997339447,3.885,3.391,26071.521022672274,66022.65012106512,80592.73866978215,880749.8991220626,281.0
1496,828.0,22838.091877057264,27268.52649367162,3.918,3.571,19832.2748495696,51957.55057146902,59705.93844035342,616145.3940409726,271.0
1497,832.0,501.20901527948064,6358.299400467688,3.761,3.713,695.6038247367242,5.98,5.98,313075.35848678683,268.0
1498,834.0,15271.19857491002,21882.05850715127,3.906,3.563,15705.796131311963,55084.97593694583,59117.82629089594,907431.3898013072,265.0
1499,837.0,19.106136851653265,9206.967049081719,3.741,3.628,-113.58400001004338,5.98,5.98,125919.07256497722,262.0
1500,839.0,1569.7753987628187,17828.107437218914,3.842,3.665,251.96381624450396,563.3145472384931,6673.764378495687,354746.52720859455,261.0
1501,842.0,3217.1991121193373,11425.384842275362,3.861,3.68,2386.4208879333655,8698.958467904915,12190.026518084514,503909.0882952683,256.0
1502,846.0,852.2082491478227,891.1843973708405,3.783,3.709,2131.6467792278845,5.98,1133.2665315481026,376322.4767566545,255.0
1503,851.0,11681.51567175777,30852.184574952185,3.932,3.44,11672.265945646936,34125.34572056032,46855.210007370275,519850.23406985274,250.0
1504,854.0,31259.535766869554,36483.7837237418,3.946,3.549,28527.834165058866,67113.88463452095,83223.53195212795,926222.0517991204,245.0
1505,864.0,170.3342022828346,11622.434029297627,3.822,3.767,-113.58400001004338,5.98,5.98,104413.07359967472,237.0
1506,868.0,8704.968528445317,9852.03280288832,3.869,3.702,13387.759720743792,28220.693713265373,35430.075115962354,550082.080944651,231.0
1507,878.0,8890.398803013557,20363.974296558434,3.858,3.601,16602.729840251697,25560.139447889742,25984.155825677146,699163.0268139581,228.0
1508,879.0,16556.920953529923,24162.22901215374,3.925,3.53,21131.184024418733,39405.17306682926,50766.05237041325,697756.4256506376,223.0
1509,882.0,3237.2871204365724,11763.03954030749,3.862,3.693,3979.94417050209,4007.684668617437,9132.428994026754,218303.6824559494,220.0
1510,885.0,666.7312059143251,6297.067831271037,3.792,3.644,-113.58400001004338,5.98,5.98,97627.63885436876,216.0
1511,893.0,377.1130942004794,21312.807013604164,3.764,3.685,-113.58400001004338,5.98,5.98,377618.4576527126,215.0
1512,894.0,1275.2135087540128,18915.133499290198,3.813,3.652,5998.683728384512,5.98,5.98,253195.09060853114,208.0
1513,900.0,9884.39590105526,6344.212111238785,3.883,3.581,14380.808921066871,37458.44557314142,27431.25689117774,324551.4532189099,207.0
1514,901.0,469.67538672973154,4574.474395974884,3.788,3.646,-113.58400001004338,3132.7882311003737,10756.639613534413,396205.32119825186,205.0
1515,907.0,1245.32732386975,4282.971316243082,3.807,3.695,2376.62090991923,3957.67909034695,7224.818235971985,425301.3151230643,198.0
1516,911.0,10126.91006071679,33932.43721352205,3.81,3.541,12384.078931265043,51768.59580839377,61493.45451066461,771683.2101344808,189.0
1517,913.0,1873.9077371244846,16565.615834596712,3.77,3.705,4348.492050633791,5.98,4151.27868750785,434142.8793507601,178.0
1518,927.0,17944.42374666065,34616.46809555821,3.947,3.524,23386.7914518029,38561.05062082599,50986.585391666384,595336.808353396,169.0
1519,935.0,197.01223828239532,331.342433861734,3.749,3.791,-113.58400001004338,5.98,5.98,426137.47396577924,165.0
1520,941.0,6929.6381963676195,30391.525125620796,3.825,3.696,11908.352545944681,29169.395514804797,43768.84525304799,929336.5525067877,161.0
1521,945.0,644.8476570148274,22281.229074265084,3.866,3.629,168.74583029675478,5.98,5.98,423164.89653469896,160.0
1522,949.0,126.25479794733647,2579.3019742258093,3.817,3.719,-113.58400001004338,5.98,5.98,505904.8715424625,158.0
1523,950.0,7989.189028112413,21135.596522989686,3.888,3.684,10745.871302137013,26663.046902516802,38497.57678870651,860758.0688189628,154.0
1524,955.0,402.86891375755476,20072.284101008358,3.778,3.681,-113.58400001004338,5.98,5.98,290187.39026370517,140.0
1525,968.0,946.5863982223851,19057.099044286464,3.728,3.718,-113.58400001004338,9395.744504511506,27595.36678485597,624899.3852440543,139.0
1526,969.0,713.0056537179172,2067.282826939282,3.798,3.696,-113.58400001004338,5.98,11294.633239254123,40709.97636217269,134.0
1527,974.0,72.16867402925192,6063.438097399565,3.78,3.745,-113.58400001004338,5.98,5.98,254658.75366477805,131.0
1528,975.0,8042.3360057714,27834.906262545817,3.824,3.578,17722.869507454718,21610.947083868094,27644.52361044095,572271.5139884456,129.0
1529,980.0,175.21659947669988,15017.185621746718,3.782,3.639,-113.58400001004338,5.98,5.98,71890.50535685457,125.0
1530,981.0,7148.956050860324,13375.350046503194,3.848,3.637,10467.023215565721,26840.02224206426,31996.835633297967,358035.7287590956,121.0
1531,985.0,1441.8823864137842,11703.750741269345,3.796,3.824,-113.58400001004338,6039.147012831441,16427.517528250046,915000.1126749226,110.0
1532,989.0,340.45226748328787,18776.800430129315,3.786,3.701,-113.58400001004338,5.98,5.98,98960.00275548977,107.0
1533,992.0,7415.182722114625,1128.5156575925953,3.851,3.662,11883.26967365156,30971.93247571688,31620.969183731984,780464.4714501715,106.0
1534,997.0,13076.39859255566,24802.04056660514,3.89,3.685,16279.307582912974,39147.653172226754,44592.290879704575,717151.0439430659,104.0
1535,1004.0,30.81304696688143,6477.250335937498,3.712,3.799,-113.58400001004338,5.98,5.98,123556.79747991043,102.0
1536,1006.0,1826.0324435045438,26604.859383140538,3.789,3.752,3636.0918060788495,4473.022293274402,5202.853372767125,439573.0800831269,92.0
1537,1011.0,22.849486713376237,11073.928054447391,3.709,3.731,-113.58400001004338,5.98,5.98,107835.56908053307,91.0
1538,1018.0,1425.4407870239897,5599.472340203421,3.83,3.607,2960.5149850956414,11246.39331231505,13781.100072439773,227488.43998186706,84.0
1539,1021.0,417.31938676707864,5432.05911153604,3.79,3.773,-113.58400001004338,5.98,5.98,274134.42221765226,82.0
1540,1027.0,62.45850605288244,7383.445177974669,3.774,3.838,-113.58400001004338,5.98,5.98,553472.1097820856,70.0
1541,1040.0,1849.236060431161,5598.074100895115,3.822,3.789,2146.1104800919657,19059.108377043965,25863.648443439437,803568.443735834,69.0
1542,1041.0,5621.51672428614,16643.05945102595,3.84,3.799,7865.767817765041,25442.26995902033,32989.000620289,850190.0243480884,62.0
1543,1044.0,1231.115466958914,13375.547448404628,3.788,3.763,3880.9181899033297,18929.08389988738,31381.159067670502,746967.1991483892,57.0
1544,1045.0,8353.643200298635,3217.455603279209,3.847,3.617,10602.48794184042,23500.20977314118,31579.370798191885,527595.4607019982,54.0
1545,1047.0,7657.315456396215,3538.47236362438,3.898,3.541,9132.874353800387,18681.45804877344,22679.76127175227,360747.60281264246,52.0
1546,1057.0,2339.1236470277586,26169.037595869642,3.758,3.712,6955.371234591442,11724.151440408801,20403.943174070082,570687.9521694917,51.0
1547,1059.0,6231.522508290346,8814.79220337173,3.898,3.646,8205.265671705478,19094.31889951763,32632.754653085103,635175.9438157948,47.0
1548,1060.0,1381.9974065388171,12879.065451313229,3.785,3.806,2583.05766311572,1492.4188531595487,11986.792752590249,462411.4124279875,41.0
1549,1064.0,10122.378034374304,10324.518952062543,3.851,3.534,16144.872778447078,29927.949555713545,46234.10267111598,655846.9807713128,37.0
1550,1065.0,7062.89128860781,19822.38807491916,3.797,3.691,10295.140825324643,26609.707810673783,37079.24489072116,652368.6327502864,33.0
1551,1080.0,2921.4621590396937,12656.109506586596,3.814,3.743,7318.375706891309,6447.165738496404,17300.891230090827,471956.47794399573,31.0
1552,1082.0,2593.1908933142076,7917.412023370103,3.779,3.6,5032.1874966054465,5558.342527672555,5396.3901333879,270339.5764052602,23.0
1553,1086.0,17438.565663060486,13589.174498972563,3.853,3.669,17352.614437456206,48830.22493643552,54083.95518935527,555400.9343008191,19.0
1554,1087.0,2048.325113509675,12933.773812197967,3.753,3.655,3408.705330135417,5212.153230048585,14107.131386457695,254882.17026895125,14.0
1555,1094.0,2149.9082730900673,18590.842350568208,3.826,3.658,2594.676431694865,13458.065672342873,24259.777039743305,478797.4976627156,12.0
1556,1097.0,3294.4042778105586,35200.98822442289,3.828,3.699,7967.685062664879,5.98,16610.86567815835,342707.1789059379,4.0
1557,1104.0,4709.145524365596,15892.417005835596,3.827,3.593,9500.04772807491,7468.923838828378,9041.245373000544,352713.7102648537,0.0
1558,1.0,2971.6744980628164,602.8211823448985,4.002,3.449,3709.2615826714405,5.98,834.7952278201756,256522.98778880876,1124.0
1559,2.0,10748.069605173656,13019.299143771208,4.021,3.404,13346.256603590258,26423.80933648952,32546.92880659018,877090.4651670842,1093.0
1560,11.0,14220.63291828003,7614.688024965072,4.067,3.33,16422.363280183567,31319.984188042345,25684.761824233683,245530.49762053392,1088.0
1561,21.0,108.48724735030726,2462.9900107178637,3.983,3.621,-113.58400001004338,5.98,5.98,568312.5129400202,1086.0
1562,25.0,2895.1267324396817,9134.608037274957,4.042,3.456,4797.0280013984,2200.206613401718,9309.618680768242,823528.5942664399,1081.0
1563,27.0,26101.49587538932,6292.641914720318,4.093,3.42,18632.707448913512,49813.957502047866,57961.79917096862,952510.7170235978,1072.0
1564,35.0,20633.877198041308,23451.028532428536,4.048,3.456,18721.451957658206,52143.38075553243,51074.3151856896,829518.2321146615,1068.0
1565,42.0,2440.4482293814717,8196.668316641422,4.013,3.531,-113.58400001004338,4621.679654207583,12240.557010116361,247494.86406017927,1064.0
1566,43.0,9121.3701767763,4410.155787701286,4.029,3.393,17857.526481179237,20257.03797864032,24701.728938122164,884261.9089735295,1063.0
1567,46.0,11202.258236917434,12996.070866666916,4.039,3.298,14995.769253034472,39375.082113837925,35841.13841117027,853358.9015860666,1060.0
1568,49.0,8003.29516890559,18863.04772282315,4.073,3.407,10330.370252715864,21976.638388829862,22540.371530025554,284616.3347249221,1049.0
1569,53.0,17153.729772199524,25705.7000447681,4.003,3.38,15576.85838624321,48997.912062801304,44813.439762974056,913013.4924132508,1042.0
1570,64.0,40100.1624822479,35750.253654861066,4.096,3.35,27410.91352268425,74567.15424310156,78910.96104849309,954937.3844244387,1037.0
1571,66.0,24204.389245570383,12753.183709918896,4.064,3.414,19520.7135320524,56553.80700111986,64805.32061615341,912476.54068391,1030.0
1572,75.0,29777.958580236605,13863.646454111531,4.09,3.472,24174.30354406898,49024.13240858744,46204.34491519495,765577.0400037793,1029.0
1573,76.0,6218.2524112328,20334.01413732322,3.958,3.398,15019.579362294304,33361.84891583452,35166.82092681004,326423.7616846269,1028.0
1574,78.0,4060.8238623761363,32715.07090744661,3.969,3.337,10783.90809898149,23698.844022979723,20171.613871591668,477977.9616993724,1021.0
1575,86.0,17182.263414951038,21210.374394950933,4.046,3.442,15239.128951038525,44892.07932414557,47049.279000602815,884575.0919291304,1012.0
1576,92.0,4388.634911454284,8178.629435265162,4.061,3.456,6028.515833086194,582.2601607510214,8778.707363224763,813466.4124962548,1011.0
1577,98.0,5697.453248106482,10143.537490619558,4.057,3.513,7235.374628420384,22504.80930742713,15201.557807977613,403372.64407685696,1006.0
1578,106.0,1478.1840763476769,8357.976932144169,3.968,3.5,1268.8843708097747,5.98,5.98,598695.0208417338,993.0
1579,113.0,5303.800338474413,27856.918098792372,4.045,3.414,3837.469399208248,10266.069971682045,14804.001291203866,494276.871007409,983.0
1580,117.0,6659.53192892758,9799.437775863316,4.041,3.332,10060.20308303052,20291.25323019997,19936.247797133805,800063.4081671609,981.0
1581,127.0,6668.716182673671,15539.550984159723,4.046,3.402,9791.082732218823,1294.2415201447557,6054.087036990901,440361.7682032987,980.0
1582,129.0,6660.801068294123,9030.094673420957,4.049,3.424,9784.120957465264,26409.825415995405,32029.817548173036,876346.6801729347,970.0
1583,134.0,974.045166870666,2775.3597045248125,4.03,3.617,-113.58400001004338,5.98,5.98,504486.7995852164,967.0
1584,135.0,7776.785614857434,19997.178591727534,4.082,3.226,11741.213015019106,17262.10613788259,24700.092831349768,540834.5751068566,965.0
1585,146.0,10076.792563086077,24531.734213466185,4.088,3.376,8161.638837108954,32730.969896006136,39748.82680715289,909074.33529096,962.0
1586,149.0,384.295215226107,5517.950901618873,3.964,3.428,-113.58400001004338,5.98,5.98,93403.85257972288,956.0
1587,154.0,7967.7468674110305,1887.4214903001612,3.965,3.45,15526.101884342794,25104.274245572196,18431.911382905368,754086.6517301615,948.0
1588,155.0,1724.511320606551,8772.175684099248,4.003,3.563,2669.185328233956,5.98,5.98,470881.6229256733,943.0
1589,166.0,4101.126407867466,579.4431706513927,3.972,3.569,6565.423240428918,8184.519851604979,13462.304229939844,454000.51138976763,941.0
1590,167.0,283.0782785414932,16718.657441273917,3.912,3.338,-113.58400001004338,5.98,5.98,120601.51872474895,939.0
1591,168.0,20572.456319524208,29082.458515240272,4.043,3.423,19942.823220057577,41527.96070485047,38338.822737491704,829888.8186199003,935.0
1592,171.0,3639.647521684197,6612.243288403685,3.996,3.461,3719.7102760457765,5.98,5.98,257405.55458997068,925.0
1593,183.0,13536.733413180513,20889.61009499488,4.064,3.515,16825.073577237647,39406.11240905286,47793.22746428999,839340.8243166864,923.0
1594,185.0,6016.025515080236,6276.437508437779,3.995,3.44,9817.602924332352,3508.324087144025,8825.645747265844,309245.82134955114,916.0
1595,187.0,4116.139462228521,21246.207671123153,3.902,3.453,6796.984288028049,24184.56928402454,26569.03644218386,693416.9032792898,914.0
1596,189.0,14885.048663731472,4265.048482741027,4.03,3.365,18703.968064571138,36375.708658959426,34045.31975869525,430976.042102617,912.0
1597,191.0,15987.329121892666,13278.386197622764,4.077,3.512,15720.433536871345,16277.063001653929,32549.422663963567,949351.6849515351,910.0
1598,197.0,15206.702127707194,6054.6841666660075,4.108,3.406,15719.616444346666,35615.90677341396,47164.31585654012,797528.5548649924,905.0
1599,203.0,13326.631288499593,17301.52610328764,4.027,3.568,18770.36557071411,29977.052758906382,37425.857803924875,944173.9008748844,893.0
1600,212.0,11366.905608466908,22260.03925978525,3.995,3.509,10428.676484794838,34552.74425508034,33777.64951765693,793286.254390081,890.0
1601,216.0,11954.378182150742,7860.510338527739,4.043,3.469,13014.45708866568,33227.09240927617,36936.79075158174,775888.9729651703,884.0
1602,217.0,1334.4532388069838,9345.068713304878,3.952,3.527,-113.58400001004338,5.98,5.98,403060.445014222,882.0
1603,223.0,2125.1401757289827,8911.23475620493,3.959,3.466,4091.7903547417773,1320.619104221175,2413.9719569947283,320430.8445377671,881.0
1604,225.0,4058.229211118398,4009.095832828762,4.024,3.327,5181.778959258755,4089.0024571732392,2150.8391188576124,213768.9664863418,866.0
1605,234.0,16.61488332009223,4826.003187556116,3.937,3.476,-113.58400001004338,5.98,5.98,38706.98138199254,859.0
1606,252.0,3728.5308636805726,3039.811454606986,4.005,3.447,10144.131876061012,18293.003983321094,20365.763722974276,709818.1790350677,857.0
1607,253.0,1646.2451681473171,3916.9148530121497,3.968,3.493,3772.8894319409324,13112.047065934836,14927.669333575523,330084.7857543865,851.0
1608,260.0,4419.099322785838,6390.58553198935,3.977,3.368,7011.412040453055,15470.622854135283,15230.565861468942,179531.5624188591,850.0
1609,262.0,1701.0520244986317,7152.714596026359,4.017,3.449,-113.58400001004338,5.98,5.98,372471.3373837108,845.0
1610,263.0,498.5626747030133,4686.408266618515,3.941,3.497,-113.58400001004338,5.98,5.98,625173.5991319256,838.0
1611,267.0,1667.639864920942,4164.962796392405,3.91,3.573,-51.89882703891044,7288.3785155574,18088.520017880553,652516.5291503973,837.0
1612,271.0,14231.60633271717,9343.904075152393,4.005,3.438,13380.515190704125,21688.71484601711,22984.236325540165,261524.98389126654,829.0
1613,277.0,475.9599861788076,12234.54045286027,3.915,3.555,-113.58400001004338,5.98,5.98,169543.31173787403,826.0
1614,279.0,13366.371459407372,31397.871678362775,3.964,3.423,14460.730735608058,35743.32820360825,34781.452215551864,507523.99267096457,822.0
1615,283.0,4830.273342906214,18820.225911498346,3.98,3.501,11596.156090316153,5.98,5.98,490526.84043960413,819.0
1616,285.0,4048.898922735141,20530.27028586144,3.947,3.571,8016.66432234113,12927.233996939396,19033.79575778102,640188.918170329,814.0
1617,293.0,10999.169004526406,2728.87615351926,3.963,3.456,13347.652982338352,32130.000322387892,30546.848421641625,859062.7862783362,803.0
1618,309.0,21522.086706458824,30732.497064710005,4.006,3.288,25277.892713763813,45039.33823312768,50129.088462255386,919060.4400201876,788.0
1619,312.0,1845.4163655264201,6183.3882196845525,3.953,3.401,2820.42289885591,2065.494939428664,6261.378723941974,351099.8159398139,786.0
1620,314.0,37993.823529352485,10972.966036939437,4.089,3.503,28338.994206792955,69223.5582245504,85925.39221560323,950805.0934502224,782.0
1621,325.0,4214.443401685307,7366.93209905995,3.954,3.523,6192.191693532235,22052.073109498015,30661.20404038058,668477.1196380467,778.0
1622,327.0,1047.8097196716903,673.0330036022265,3.948,3.585,3676.080513515074,5.98,5.98,68289.44234982686,775.0
1623,331.0,1096.2816408591727,4996.8901484313155,3.976,3.584,5029.474330756329,5.98,5.98,195545.63017948729,771.0
1624,338.0,4798.405263274118,12087.502170152606,3.98,3.608,7565.34170649119,16450.112939602546,22801.281301040097,720273.2531479234,764.0
1625,340.0,739.5656826355886,886.22601333683,3.931,3.589,-113.58400001004338,5.98,5.98,567859.4142612821,762.0
1626,345.0,8447.205408267795,13608.621792191352,3.993,3.465,13261.530036637838,24381.32774881113,31891.77127905753,655856.9936310182,755.0
1627,348.0,12908.734286148863,13759.123668621436,3.945,3.436,16926.30594614362,38601.03237613109,38965.97316873503,895429.4269022833,752.0
1628,350.0,4248.380601327651,5281.589990136218,3.934,3.524,4473.266825055385,21353.935770765453,21576.0395049706,634928.0135962147,749.0
1629,353.0,124.78800508900554,14402.067124349018,3.939,3.401,-113.58400001004338,5.98,5.98,20958.792284655163,743.0
1630,360.0,11167.020024680416,5160.795336312678,3.975,3.541,14868.405152938343,32946.43576791079,35541.9075778146,891078.275778831,738.0
1631,372.0,1498.6416580258535,9894.173212662088,3.922,3.526,2092.34223368888,12694.366817202601,18940.427286935126,386790.8313479935,733.0
1632,375.0,3579.305197388225,6144.308571425087,3.943,3.44,4151.415581912775,21378.951612714478,29881.930505731376,775892.0993827584,725.0
1633,379.0,789.8732689026682,11053.496895785669,3.92,3.591,-113.58400001004338,5.98,5.98,746321.9933510442,721.0
1634,385.0,13409.770566042844,10285.90559658063,4.039,3.532,10393.787393786086,22629.93155954795,29607.722190469278,732728.6408453645,720.0
1635,388.0,12793.097044015954,1616.787855000469,3.986,3.467,14994.331691669307,40140.00896759739,38059.695365687665,795510.3599881437,718.0
1636,390.0,1372.74785366203,1366.1157934205823,3.894,3.617,-113.58400001004338,1525.312141539705,11027.526115767376,578852.4189922077,706.0
1637,395.0,6930.670597471723,7430.813459234673,3.975,3.574,9388.728000913612,27965.606120429366,26314.089000476175,797340.3862349775,704.0
1638,406.0,337.2995978050682,5931.551074970165,3.973,3.473,-113.58400001004338,5.98,5.98,246456.39005986176,700.0
1639,412.0,6125.181336310608,16447.234531194998,3.97,3.459,12543.54247957591,14436.407057988772,19487.274502710643,183435.18826537704,696.0
1640,414.0,22.531667268541142,4389.716206814217,3.914,3.711,-113.58400001004338,5.98,5.98,109827.49015869638,693.0
1641,418.0,13847.022725359397,3904.157841250847,3.995,3.584,11900.03097349371,47482.29833076667,47469.76828968818,912851.5037154184,689.0
1642,420.0,24039.939523990724,6152.459308026568,4.032,3.508,18658.463526131647,47440.45077182811,58069.04576569247,913672.0133953746,686.0
1643,423.0,9711.34209240799,12795.93023624372,3.987,3.451,9648.8429992393,21634.812919121687,17040.08782906238,220839.74907341294,681.0
1644,428.0,164.4755362344416,3265.702649536264,3.917,3.442,-113.58400001004338,5.98,5.98,61285.203219726915,664.0
1645,443.0,10399.599165582084,8895.147313878493,4.008,3.554,11980.938381479436,18575.870453039784,20420.557890468124,646269.2892559764,658.0
1646,453.0,10046.410649064741,29671.330072975907,3.932,3.561,10512.516610398103,29288.01315271265,35683.04931895236,654834.0195297246,656.0
1647,454.0,3940.471175880884,17540.768288708943,3.96,3.462,8044.017127087049,26795.790033352274,35126.78658218355,570913.1093050533,641.0
1648,463.0,1430.0654825243214,17510.740590699665,3.894,3.577,3687.501464854796,12931.854682785324,20271.951087350215,513423.96687650116,636.0
1649,475.0,6873.520011342398,20230.9380057321,3.971,3.517,11032.577704575451,20925.90454402443,29099.651838296115,437916.76644097106,629.0
1650,477.0,680.3023421496179,858.9540893435454,3.923,3.735,-113.58400001004338,5.98,5.98,716551.1991805125,627.0
1651,485.0,99.93287688106724,2179.812792038235,3.87,3.578,-113.58400001004338,5.98,5.98,131599.40983508033,623.0
1652,488.0,15217.534721410948,17880.321913383515,3.938,3.563,22251.74162491603,30237.749566452945,40470.28363525467,632031.2956689044,618.0
1653,489.0,83.75944066419488,3769.2936538821477,3.869,3.472,-113.58400001004338,5.98,5.98,5461.249755165168,610.0
1654,494.0,638.2092520984762,14642.10023788573,3.889,3.514,-113.58400001004338,5.98,5.98,46449.751137534724,607.0
1655,502.0,724.7788486391001,5441.102986599119,3.851,3.624,-113.58400001004338,5.98,5.98,51585.2619989081,599.0
1656,511.0,4537.971731073593,23602.861143666054,3.884,3.461,8652.457084002193,4868.246450954782,14330.774590035167,670946.0926738732,597.0
1657,512.0,9210.634462702348,6858.962896941821,3.977,3.564,15909.639425921747,26073.564531865402,37581.5531547986,838576.1571333348,591.0
1658,517.0,17365.121514269118,12581.77688375844,3.92,3.528,14859.601538972207,29847.193721875246,38822.757191935656,849404.7416268976,576.0
1659,528.0,6366.3692379641225,35858.37877676222,3.884,3.47,8832.800021278023,41476.16167636606,50001.87577561732,787554.9317683676,572.0
1660,529.0,17416.19593927258,8396.593909360843,3.961,3.56,16079.904701038495,26422.651608580356,38981.80010278664,879105.0965959703,565.0
1661,537.0,9297.665546191702,6413.417032677894,3.982,3.674,12215.012502358519,26741.395897027065,28410.33402791713,943171.9761720888,563.0
1662,545.0,3211.7379986999817,17178.150172980993,3.919,3.476,5831.359870304907,2522.9029108795826,1484.3839542813676,274889.48309041606,557.0
1663,554.0,11908.054074641566,26891.64720117615,3.941,3.524,16503.38859523128,40564.17097482974,43881.192380746455,531532.0417263906,556.0
1664,557.0,2694.7355878215776,16640.13397718694,3.868,3.596,6242.304198505282,7382.619428742382,22025.961155177596,335313.15502701374,553.0
1665,558.0,5869.969210457562,8808.425866312238,3.941,3.579,11846.733687907936,10366.619434120566,15426.783965660648,575227.3957559445,540.0
1666,560.0,352.27840893434785,11621.71087049324,3.836,3.642,-113.58400001004338,5.98,5.98,293613.9448273866,537.0
1667,571.0,980.5807729554897,11448.300354031318,3.91,3.573,-71.7044038862673,1575.9450080035544,10231.162763843206,638343.8606368494,535.0
1668,573.0,24071.836858405517,26547.08911781241,3.944,3.693,21083.648067744776,63351.1810427851,73677.41994633987,850743.9486645319,532.0
1669,574.0,23364.64258821256,13430.290856644424,3.995,3.5,20713.84679398567,56144.29470807176,59306.18492858319,933230.2165323748,529.0
1670,577.0,11828.997799412446,6096.263542089313,3.921,3.501,15603.908188386624,15543.271507741576,24723.803861288525,596623.7971219354,524.0
1671,581.0,4712.128979893813,15865.673206914416,3.959,3.522,1711.9887335127078,9578.327458041389,14617.981470950548,614238.913827853,519.0
1672,588.0,9205.8723667023,22831.470661473402,3.978,3.501,7541.550112897761,36864.31681667635,42746.25829896782,900286.5753637956,518.0
1673,593.0,8920.234316950009,16411.92367843951,3.955,3.53,10082.476716604531,34528.010667137336,46049.61228644358,747585.9373251797,515.0
1674,595.0,1901.2987181012913,8525.714505357828,3.917,3.645,3031.555346520564,5.98,3495.9364763073118,716412.0529388658,510.0
1675,598.0,1653.771078361821,10410.308470093994,3.882,3.481,4094.233088677743,6689.354541837349,14751.74334514976,262700.52816344186,506.0
1676,604.0,825.4946725215302,1176.3388193069447,3.801,3.65,-113.58400001004338,5.98,5.98,257731.03593650187,498.0
1677,605.0,23402.24618490405,24665.78805903219,3.911,3.656,19164.54680271809,57566.38798157204,67808.68836128982,925825.8795578518,494.0
1678,611.0,6258.588739807627,1776.4153449320147,3.905,3.51,11139.71659743805,9255.78476213298,24162.753823916057,713334.0879274942,485.0
1679,615.0,1908.8951054310478,17173.84949866213,3.903,3.67,2995.0309018429452,5.98,5.98,438638.45267037046,481.0
1680,624.0,5436.385446459703,11060.638366811982,3.934,3.538,11344.444208662313,14417.385436147497,11987.885910402629,808503.8787962486,480.0
1681,625.0,3625.278469572228,19303.325811701936,3.903,3.589,7628.81779583231,464.3040053559207,6905.259459052797,471014.3215554342,474.0
1682,632.0,7209.390998378159,20466.019054491248,3.895,3.485,13033.823134233166,35160.86540904237,43343.91491050912,712291.0207947801,471.0
1683,634.0,7582.1902695191775,11262.626413673155,3.902,3.629,9108.907070221772,26620.823948363795,38891.85599012062,872203.2261633582,469.0
1684,637.0,4263.237106119316,6026.668639973012,3.922,3.541,6382.8808811724375,19706.04201701309,19618.042521059397,456745.65256332804,467.0
1685,639.0,9193.052040323815,14934.391543068868,3.871,3.563,12309.068920411666,39433.15990301994,40343.93571890896,739937.8937277155,461.0
1686,644.0,3802.461712716681,1648.3962057340245,3.866,3.655,5268.459820266793,2835.5518065042265,3500.2015998024744,496200.08482381987,457.0
1687,645.0,6491.473761437324,977.3053022117901,3.911,3.594,9590.401936466795,18970.60375780217,24593.841441751872,535469.4704909414,455.0
1688,653.0,265.6500365239622,22259.391406164385,3.834,3.587,-113.58400001004338,5.98,5.98,60064.34792731236,448.0
1689,659.0,1389.0753680946364,16299.434765991555,3.869,3.555,1385.4039450348273,5.98,596.569142537368,226939.24124642377,444.0
1690,662.0,3004.296752470777,11452.598518427243,3.911,3.667,4944.3954612141015,9616.215660870497,12207.001240435364,728591.5342874407,438.0
1691,667.0,422.2148585202934,12127.651894231803,3.886,3.683,-113.58400001004338,5.98,2745.2131771999075,661074.3093609215,435.0
1692,671.0,3340.0718141241823,1579.3920703136396,3.885,3.71,4455.954229801884,1425.7110463535428,11819.289691217888,787706.7985006731,434.0
1693,674.0,4745.353922755281,2751.4343706660593,3.933,3.713,4373.253154896047,24538.470655507386,20166.317292248314,890639.7873216188,429.0
1694,676.0,2559.3125654941155,18397.963937811237,3.87,3.588,5396.266577545953,17090.542984645348,23158.14753152542,451476.3200767772,425.0
1695,678.0,14785.462374685125,19068.08261576998,3.952,3.55,18447.769617100545,48372.44824063766,57749.41545326425,851982.6521067951,417.0
1696,687.0,2584.667357039041,14656.362367342866,3.835,3.666,7462.875949077235,16329.221955866971,22189.540191701926,638093.1424820365,407.0
1697,696.0,3830.301789056329,33787.16946961543,3.939,3.463,3856.5819973055945,5.98,12483.925074695526,234921.24331061696,403.0
1698,701.0,4828.174821812438,21572.973900834008,3.916,3.446,9500.819515856787,29749.305237205568,37649.69011503058,616052.3951984465,402.0
1699,702.0,21292.634622250214,7562.6152852116165,3.945,3.576,15944.566958866431,42495.84545318474,57345.367061661265,855366.530564754,400.0
1700,703.0,586.0447525906926,19892.725827306374,3.847,3.702,-113.58400001004338,5.98,2805.325031435719,391397.53348197124,399.0
1701,707.0,3916.188572369255,12512.695559770298,3.85,3.539,8134.768950685799,5.98,10444.137290025848,245176.49227274387,397.0
1702,708.0,3070.845791957605,3791.732524187519,3.885,3.619,8618.004759669262,11484.971028795137,16962.64322812961,709739.9778173721,394.0
1703,711.0,21660.30149548047,6715.957915957448,3.974,3.508,16384.191002739703,46100.578903724425,71906.4968070832,875363.8055134865,393.0
1704,713.0,2720.7154443002046,41639.43200778316,3.859,3.7,5613.056336083862,7526.486591975536,16941.133451280017,471798.87814545445,391.0
1705,720.0,5300.37499556525,1215.3091337876756,3.899,3.631,9686.15827386821,24185.01041305673,29239.334770499765,524791.2463313534,377.0
1706,727.0,4157.914625478075,7998.83592774458,3.897,3.631,4601.789470690299,16497.16429328976,24655.977174452164,679249.6722967331,356.0
1707,752.0,13254.56133503318,7479.294866388443,3.938,3.615,13958.577135037478,36966.321833261085,50593.55821525319,885321.8228560799,349.0
1708,757.0,3610.602995815535,2432.1091067132775,3.883,3.623,5532.024148866296,8295.441317308589,15797.291236082165,495097.43970033503,348.0
1709,762.0,114.89755323412695,4359.791947204333,3.811,3.698,-113.58400001004338,5.98,5.98,242339.66300597423,341.0
1710,765.0,2702.053146262313,3749.378130960445,3.919,3.709,5254.270856962028,5.98,8406.383876992006,448770.52264378866,338.0
1711,775.0,456.8878346504038,1612.9156151794311,3.784,3.579,-113.58400001004338,5.98,4285.246760081081,249018.95962203672,332.0
1712,776.0,505.0609735783069,2266.061263905166,3.834,3.705,-113.58400001004338,5.98,5.98,164515.7635688088,330.0
1713,778.0,4513.523020714723,11580.373477510013,3.918,3.48,2235.4244376001743,5.98,3110.1356451197544,216692.60678168447,321.0
1714,780.0,788.6917911737995,872.5861498710713,3.829,3.677,-113.58400001004338,5.98,1775.3401517067523,133255.30967763648,318.0
1715,796.0,3100.9321615154654,4165.967955465228,3.781,3.617,7089.586681883611,13808.75792368761,26963.896272180806,348573.89182617934,315.0
1716,798.0,4707.221008106629,6616.2793603511345,3.892,3.527,9394.434001938711,18985.57969634939,26197.101553711836,666214.7311360199,304.0
1717,801.0,181.01525039746733,978.1469203753982,3.834,3.719,-113.58400001004338,5.98,5.98,118882.05932847045,301.0
1718,804.0,3791.3110188557944,4587.3170486399085,3.91,3.745,4090.067963262927,3310.051821330802,5.98,441382.31765567604,293.0
1719,810.0,2167.9538806809137,4169.561339498116,3.903,3.605,3206.087186534734,5.98,571.6071418885513,236706.99453456918,290.0
1720,819.0,1518.71603474944,25072.03481015114,3.85,3.737,1062.1710332754142,6977.882701054241,18306.292964205302,819885.932607086,277.0
1721,834.0,332.9037391528476,5308.17761485229,3.778,3.673,-113.58400001004338,5.98,5.98,270818.7839023649,258.0
1722,842.0,3190.132908044869,5247.796118487308,3.883,3.709,4273.398615008087,2861.6771548437678,9411.518410159919,319555.1868247493,257.0
1723,848.0,6810.546758594105,8309.31995613586,3.836,3.714,8397.780421144775,23681.349171112815,24097.540513626955,503434.3105770351,255.0
1724,850.0,898.3733837720529,8157.309559111661,3.863,3.684,-113.58400001004338,5.98,5.98,56969.322385021136,253.0
1725,851.0,142.3955500694994,2904.112587056272,3.784,3.71,-113.58400001004338,5.98,5.98,373556.0630313511,245.0
1726,860.0,292.4524795029709,11880.845021184487,3.88,3.659,-113.58400001004338,5.98,5.98,490388.1585593528,240.0
1727,866.0,270.1818163886871,6935.052202819194,3.822,3.628,-113.58400001004338,5.98,5.98,47079.04996053773,237.0
1728,875.0,1129.7656209137626,4503.309268353429,3.802,3.599,1520.9400740150882,5.98,5.98,115614.02502881017,232.0
1729,876.0,17175.932006128103,15713.62167314774,3.854,3.645,13353.002287444953,37755.19309631241,54730.3686859054,830906.5615600132,229.0
1730,878.0,442.0062149375283,28048.937451366968,3.851,3.623,-113.58400001004338,5.98,5.98,127564.37525419473,225.0
1731,880.0,7477.900310836796,5262.348208590116,3.845,3.575,10935.254273318405,39070.855589488594,46391.47869436378,295145.50481089344,223.0
1732,882.0,24318.225840408108,839.8098811818124,3.911,3.676,22652.16272393427,58833.3133335709,66016.23300089227,917230.9710354644,219.0
1733,884.0,15419.08983549985,3921.596071679774,3.898,3.656,18466.296318581968,35894.460286684945,46451.19308692783,894212.9999128184,218.0
1734,889.0,929.8269741301733,17067.286307332153,3.786,3.639,4752.488049163078,5.98,5.98,248268.01508836134,211.0
1735,895.0,1121.9399970426373,5978.109567333073,3.782,3.788,3535.8496052396545,1020.5527301042093,11577.938094962348,440137.5512500492,188.0
1736,916.0,7612.717458958031,28196.298277932285,3.805,3.623,10942.357187804522,32862.47983677307,38426.60292543409,705545.2874602542,181.0
1737,922.0,5019.441487714367,22542.39212544428,3.808,3.693,8241.786003158428,27759.205083513363,34533.51562587623,856913.9890259721,179.0
1738,923.0,16227.272161904493,26970.01006690254,3.9,3.535,22196.702734918963,43650.38923269542,45345.223109769366,320538.2050876353,176.0
1739,929.0,2935.4928780119517,14084.739642983415,3.859,3.663,4340.224827454491,3276.927744882054,10488.75639442813,289775.9248989938,174.0
1740,934.0,9781.975609385041,12513.295702006835,3.868,3.619,12653.926880171239,21785.745751041868,28789.201378036574,606143.6072180881,166.0
1741,936.0,232.66011248179774,17.71141973460317,3.753,3.719,-113.58400001004338,5.98,5.98,265344.9561730268,159.0
1742,947.0,6470.7399149983,596.6402881117567,3.853,3.609,6909.225115395626,21947.64247789608,17385.210060498397,790649.902156426,156.0
1743,955.0,8174.639637243079,21081.31385221199,3.914,3.517,11451.783706717713,32677.504990752273,39342.630818303325,788567.4465686558,147.0
1744,962.0,4961.715995283898,5297.4916209278035,3.848,3.812,7053.986237583422,17624.815027038487,30387.3767671498,883846.5509880178,138.0
1745,967.0,12785.598337963831,27772.953258170903,3.921,3.641,13761.606276254255,33730.811514239744,40128.95270097013,430941.18515924684,135.0
1746,969.0,2114.6736278107683,20597.25329295415,3.843,3.842,2826.120793320206,5.98,14723.53949160255,757164.1620921366,134.0
1747,970.0,7841.2531676068975,2031.5591608937007,3.827,3.709,9248.357288961299,21656.44736480008,43005.81565056471,805933.627935569,131.0
1748,971.0,815.9447668917261,13668.07633709952,3.794,3.658,1264.4321819066731,5.98,5.98,65115.890855907026,121.0
1749,980.0,12878.68860018661,30322.492283772946,3.948,3.728,17538.19007230548,42513.63867711529,48284.1212419921,780032.4311455087,119.0
1750,983.0,2813.3612910502575,3216.9832196420416,3.81,3.755,-113.58400001004338,12555.717955137969,19355.525884278446,514728.79275662615,111.0
1751,992.0,9459.593095970045,5487.783689427308,3.87,3.73,9386.704895429166,27050.335413360695,26905.67670409454,731491.7259337014,107.0
1752,996.0,7694.220921718174,4697.890535244474,3.811,3.681,6969.631558007487,16618.26523763751,26648.77206434135,460352.3439778029,104.0
1753,1003.0,2285.8002567432,737.5887156611896,3.777,3.845,5371.933901251681,22156.03417199699,27533.944191031973,771279.4140200869,100.0
1754,1008.0,17651.613990765713,18757.40910615043,3.854,3.649,16228.74502746046,64064.10346384432,77559.4344632191,925017.4721953211,98.0
1755,1012.0,1674.7151905673113,39.327496120375145,3.798,3.527,1480.5304399071729,4644.230356766929,13086.577697446604,336789.9649900689,97.0
1756,1013.0,114.3936175072394,2958.3596346282247,3.733,3.623,-113.58400001004338,5.98,5.98,159917.88187765822,94.0
1757,1014.0,1912.7370383297134,17924.16002422121,3.776,3.752,4342.175962070063,5.98,3609.57285622975,757914.1087453136,92.0
1758,1015.0,3041.2438172986467,8266.532027911653,3.879,3.605,5550.050394233731,5.98,6714.737311238758,641418.1697882412,89.0
1759,1017.0,2958.137806470947,9135.902661447024,3.834,3.782,2977.499630401669,6052.179447739289,10706.856213137675,516405.47654837125,85.0
1760,1026.0,4563.635022479157,14659.6568731693,3.807,3.739,10195.053151797987,18990.577240905663,25083.773585928142,754844.2717044969,75.0
1761,1031.0,377.3668261634816,26190.494014812033,3.824,3.705,-113.58400001004338,5.98,5.98,419991.27435747924,73.0
1762,1036.0,9096.32501080143,23967.0774505346,3.867,3.636,13056.248279754785,24142.440815596183,34843.48614474475,570353.7005850994,68.0
1763,1038.0,7744.477421529706,9119.241271996994,3.835,3.79,3195.4396053491946,32994.7300123414,34368.320337366415,813688.0156519732,64.0
1764,1039.0,362.20744868862016,12568.079794432146,3.772,3.676,-113.58400001004338,5.98,5.98,77821.4646189733,63.0
1765,1044.0,717.0135878092268,11709.673120839409,3.751,3.667,1581.8651655073327,1493.423301591431,11582.999081584207,92785.93362185916,60.0
1766,1047.0,10282.702639461848,11068.733563599097,3.905,3.613,7075.391126505663,30382.078578755674,26967.00772386053,670971.7585294807,54.0
1767,1048.0,4641.9993029633715,22646.64338064385,3.816,3.678,6625.001462168744,23492.09961678974,36476.407184400065,814756.6052728291,47.0
1768,1055.0,3140.143128335166,7506.372987222952,3.833,3.684,7393.391892323875,8302.754579026805,14927.636680614054,602929.6907939417,46.0
1769,1058.0,11707.992558650969,9344.381322562485,3.837,3.618,13497.749150616046,49737.15807883766,57289.793097465146,823939.22124282,41.0
1770,1061.0,2522.1422176472506,13386.781658324868,3.817,3.741,5110.342070181691,12897.247077801634,21248.742464045878,693648.9491096807,39.0
1771,1065.0,860.392130397755,9372.736927699907,3.793,3.689,-113.58400001004338,5.98,5.98,77170.18345939579,38.0
1772,1068.0,74.60253964981814,15531.194006814512,3.719,3.82,-113.58400001004338,5.98,5.98,253551.78023272764,36.0
1773,1075.0,1397.5015546795787,2309.143749695403,3.779,3.768,3746.8717560989567,9538.157472141564,13571.004156398521,771236.0297570612,27.0
1774,1081.0,10868.437350020155,20896.38099071457,3.85,3.772,12633.19046972061,35896.44242250912,45401.19047216395,863243.7756861621,21.0
1775,1085.0,137.05308345857765,2133.4801519308267,3.695,3.696,-113.58400001004338,5.98,5.98,292207.4800869186,16.0
1776,1090.0,3905.915870433222,27176.55487814633,3.761,3.652,4950.024301644208,25173.180797616176,33681.3012918438,371700.9685015755,14.0
1777,1094.0,1309.2313110833381,8862.071285887598,3.794,3.869,2212.538834335644,5.98,9243.933440485094,315775.4372641275,13.0
1778,1096.0,5859.382610935925,13484.33267828196,3.871,3.692,7413.079287244455,23659.25465191566,26086.014141468637,719353.2475595681,0.0
1779,1.0,173.551691260416,11045.678988285345,4.014,3.403,-113.58400001004338,5.98,5.98,242956.917217936,1133.0
1780,2.0,3526.293190214659,4808.288382088969,4.028,3.44,4791.23407048812,12067.811687482983,10976.00620935475,522614.6785030696,1099.0
1781,8.0,1821.6116128728033,5670.150160260209,4.008,3.344,6051.082311280601,14347.281182138171,13885.655011071656,352252.79386090295,1097.0
1782,10.0,1961.7865151503343,583.4812862784461,3.972,3.465,4362.232427671284,4167.782192211198,5.98,405006.8451816101,1092.0
1783,12.0,9962.304151400636,7370.849626231664,4.034,3.596,11123.11593264497,14901.632248851358,12554.227375742075,617857.8601668241,1091.0
1784,14.0,2655.2742084153533,12344.790424417224,4.028,3.463,2740.7164288308068,5.98,400.31224845995894,199380.23894786974,1089.0
1785,17.0,1562.2340658165958,4532.617058492475,4.001,3.362,1253.7742835084155,5.98,5.98,290653.4944947144,1083.0
1786,24.0,9560.709370239412,23413.93112527713,4.05,3.436,12825.456293673147,36486.22059744239,40110.35256113419,797418.3693624643,1080.0
1787,32.0,7785.558252306404,26844.088202995586,4.078,3.456,11990.285195872932,30002.078037966374,14534.564546460879,561743.9230759483,1070.0
1788,35.0,64612.760678203915,50369.555186367084,4.174,3.349,33324.49226727482,79954.82941860215,89589.40245212025,948712.7262220395,1058.0
1789,44.0,2555.0965755423686,20906.861327713334,4.073,3.45,3473.3767802209463,5.98,2320.9987789489305,791548.6057928257,1057.0
1790,49.0,3318.600662058633,2181.3175246574506,4.004,3.472,5168.712784933954,5.98,5.98,349041.04403998377,1052.0
1791,54.0,23975.996732750642,15885.256734467665,4.124,3.305,24897.00290945715,58400.280258674335,58611.5189086341,852828.2231660666,1051.0
1792,56.0,1051.0214387032752,2130.492815492241,3.959,3.625,-113.58400001004338,5.98,5.98,412092.8831987007,1043.0
1793,64.0,1375.5430894175715,8269.26180251869,3.984,3.485,2951.945352135925,5.98,5.98,512195.6450332322,1035.0
1794,73.0,10322.235113336657,5694.466954125603,4.098,3.437,7815.8571105551255,13077.373188274283,12662.709386168948,596941.5743478641,1029.0
1795,82.0,7418.535128422678,11908.488145001327,3.977,3.482,10997.427819024715,12823.766272385046,18615.743397242273,552753.5350730262,1027.0
1796,83.0,3323.583886050764,23143.69870008542,3.974,3.314,4618.813942547474,16858.27048379301,18907.32705093064,369508.3630730612,1023.0
1797,86.0,1103.421471901601,3895.5172363441197,4.025,3.526,-113.58400001004338,5.98,5.98,298919.64887288254,1021.0
1798,89.0,2401.00378352227,3574.6104125553875,4.002,3.434,4122.40048605222,18566.85898065065,18177.072747917304,427454.8155037648,1016.0
1799,94.0,1230.3459682599428,3809.4789685373075,3.98,3.445,941.918852380787,5.98,5.98,440633.68233030644,1015.0
1800,95.0,2604.6014553972295,4696.232231020862,4.051,3.491,2616.690140691582,7945.167084229355,14841.636804415113,748991.3072243611,1011.0
1801,99.0,390.71769648948657,4583.938424272582,3.977,3.53,-113.58400001004338,5.98,5.98,14451.268543331827,1003.0
1802,105.0,37317.51102921421,38839.78446790848,4.071,3.383,24098.917306154748,80710.76263977955,85188.0600181387,936138.9548950788,1001.0
1803,106.0,6878.585306162796,11637.468135479397,4.038,3.587,12716.941913584307,16792.942334027888,15526.087543420304,836785.063297234,990.0
1804,117.0,1680.7859101157424,2466.1696423024664,3.949,3.595,1285.3065007022642,5.98,1586.3363830244798,629018.5914622635,985.0
1805,118.0,346.0449864899053,11173.719369220504,3.941,3.545,-113.58400001004338,5.98,5.98,171249.8574325388,984.0
1806,124.0,1985.396162889575,5028.493506784092,4.013,3.38,2899.2845505595565,5.98,5.98,225626.57142509898,974.0
1807,131.0,3267.449753131697,5402.804307501945,4.001,3.474,7245.795361956493,11704.550048119578,19230.549063320836,706402.4878036444,971.0
1808,133.0,60830.09224796478,39421.10169641947,4.144,3.471,32141.75293378471,86885.62363555258,84467.1763013961,958316.06413426,970.0
1809,137.0,4532.68104142336,8123.359954929623,4.029,3.442,10257.323422019086,4278.46554257875,4043.945527873432,791637.7733967586,960.0
1810,141.0,23017.896569276156,6497.879564644318,4.052,3.378,19761.89293415987,41895.977719327595,37541.02237117961,880920.7501831761,955.0
1811,151.0,6028.736498809237,3759.7851487647713,4.027,3.388,9587.194000368132,33941.46571950098,36915.58041925252,336370.21814249444,949.0
1812,157.0,8911.559124025378,4103.718523828946,4.034,3.377,12829.886511332534,16756.84869346554,16428.041783539767,592284.6079823645,947.0
1813,158.0,49068.81966598128,15473.616846191795,4.142,3.379,30181.865950455944,73667.68770309043,87104.5334128901,947626.4545417094,939.0
1814,162.0,11194.252910225367,19362.80509392865,4.079,3.586,11585.3538989882,13660.774640487474,20234.925208649096,854245.9985545592,938.0
1815,164.0,14446.385798350895,12132.53959251188,4.012,3.458,18422.89431745606,22807.30770541619,20812.83515811552,677706.6373517831,932.0
1816,165.0,8961.186278410853,17375.175077585725,4.014,3.465,10732.171865906943,15745.994574043385,16968.561224392462,715519.9510663635,930.0
1817,170.0,6220.829407501079,13582.59721200911,3.95,3.487,12309.558718849208,25563.35627825998,31791.804808481123,504576.8740287077,929.0
1818,174.0,22336.458882787265,11072.105557082843,4.077,3.434,20411.614752965805,47371.105193031835,48308.50982466231,838995.8030964697,927.0
1819,178.0,11277.201517848956,14125.983409075117,4.034,3.32,14964.49867903308,35991.65711746902,37230.469059373,586005.3188478573,918.0
1820,185.0,6263.489577978595,23440.650056738665,3.994,3.399,9158.824364738595,30057.575541304002,33401.986790679926,579961.4066629184,915.0
1821,192.0,8815.790930812764,30774.228582771702,3.971,3.387,11487.98138094995,18904.97068923252,20351.22627168797,749401.0316527704,899.0
1822,200.0,15626.601338478891,931.0376331168076,4.065,3.536,16553.11603044551,29068.165386398017,33137.00828550229,804692.5902512409,897.0
1823,213.0,1879.360277033206,7215.5033955223535,3.942,3.452,4806.010883026947,5.98,4992.730603389666,455391.0429321387,889.0
1824,221.0,3143.789421039268,1591.517443104981,3.94,3.47,3997.750839917965,9703.677409426182,10851.59126689384,658181.9394056734,884.0
1825,222.0,36459.15469603702,6305.792759043763,4.038,3.344,26555.767555312766,78350.91431099312,77467.52794786985,916080.7273870123,883.0
1826,227.0,1591.611637207531,7335.669829541557,3.923,3.437,3609.6062798381663,5.98,5.98,459883.6264744649,877.0
1827,228.0,11327.859629367626,8264.4971750603,4.004,3.484,13339.593002389836,32413.085213421236,38832.532901943974,554521.4294185534,876.0
1828,232.0,440.07945446167747,15674.890041792605,3.871,3.747,-113.58400001004338,5.98,5.98,494449.6253187254,871.0
1829,235.0,6949.18108922455,17275.14140652858,4.027,3.548,6375.638102351813,12812.795609689443,13577.768960932952,811124.9509125812,862.0
1830,237.0,3993.29832160871,16729.44010444829,3.943,3.587,4696.189770037958,5.98,1492.3743516441064,577349.5757204512,860.0
1831,241.0,3714.2505481609883,5461.755006765399,4.026,3.535,2019.0794509324119,8635.161004728816,2465.4959693155124,583512.4784841394,859.0
1832,248.0,1491.1434885150989,9299.542009150842,3.974,3.494,-113.58400001004338,5.98,5.98,163160.14036160288,857.0
1833,250.0,686.4056496132714,2720.534825296135,3.995,3.483,-113.58400001004338,5.98,5.98,584575.3590504086,850.0
1834,252.0,5017.137602023248,4706.456397976311,3.975,3.484,9320.67472872997,7194.453039005424,15049.450344985187,538263.2616228104,844.0
1835,263.0,1375.2228641476247,8131.503850494634,3.891,3.475,2744.4863794500766,5.98,924.8113700627218,184525.24880222182,841.0
1836,264.0,5548.79949156302,1766.829015998389,4.008,3.471,9521.868458066107,10705.286391217212,7124.800195611083,367821.041724389,832.0
1837,271.0,22851.904417687747,1441.838780199647,4.057,3.382,19317.57608707062,46598.41285744417,49966.35332100784,716505.0021911181,829.0
1838,282.0,10004.79150637125,26858.34058343698,3.968,3.483,11050.857676396137,24938.782888909842,28153.386565026027,903065.7000177723,825.0
1839,283.0,1273.9540852900482,11539.53405025656,3.972,3.387,3273.7745526694184,5.98,5.98,266919.62152633374,823.0
1840,284.0,4444.154643341107,1878.483678062537,3.928,3.429,5735.360356331514,5330.2434076852605,19369.785167685746,785922.7047044082,819.0
1841,288.0,84.02360057476753,5670.425345581488,3.943,3.432,-113.58400001004338,5.98,5.98,206459.6083983041,818.0
1842,291.0,2732.827306509728,4862.40648155338,3.969,3.349,6135.602329020776,1009.7327054059988,6581.998429326135,256531.10930922753,808.0
1843,292.0,5453.502789439253,18765.27556135433,3.965,3.529,6750.882311754719,10611.135757669643,9926.054352601252,294252.80344192294,799.0
1844,313.0,6894.152643974156,4080.5297801526967,3.976,3.419,15142.017415823962,17480.079242229225,24084.14541900195,823924.2831561341,797.0
1845,316.0,14798.35150838519,15703.810686224933,3.974,3.359,14638.77527388973,57755.636915706025,56151.641286790305,623770.8738379419,793.0
1846,317.0,4447.303897404301,14923.931144366517,3.993,3.455,8870.471267377372,11693.520470098689,16538.67768106192,574826.6636346478,781.0
1847,325.0,22317.941998210405,18244.2204045318,3.985,3.524,24893.364422501723,43555.48000332115,48317.91617479658,834870.594129294,777.0
1848,328.0,4194.548351798659,14373.468755944286,3.971,3.257,5353.683923848103,27410.133151105754,26529.585985858772,72571.62794855826,775.0
1849,330.0,4709.482536203299,5884.253040020787,3.954,3.503,8771.770294126301,3343.6938385627664,2101.6425052859895,294742.1122962739,768.0
1850,339.0,9508.875035886758,1789.2464992888033,4.042,3.454,13644.463188169262,17601.278140092523,18754.027842325115,662555.9393745165,763.0
1851,341.0,4816.949063039999,15835.952808531889,3.989,3.505,4299.158244432824,7029.630750659898,15469.226853582495,561425.0105325264,756.0
1852,347.0,20896.77286190494,15106.877985356641,3.99,3.52,20706.15708550462,31351.371677968444,51665.4502301369,884072.942729647,750.0
1853,348.0,17786.05148551889,8154.899400574007,4.019,3.444,16391.42117530439,44432.193814270155,45362.46723267272,699240.5249400829,748.0
1854,355.0,16861.37594462695,19180.67568080011,4.045,3.492,15127.147353875946,35103.60576508507,39625.111976101594,836055.3576596288,747.0
1855,361.0,9337.245424958315,10199.91847284976,4.042,3.506,7424.099924589083,13692.532839393316,21206.01308111559,739999.0046352347,741.0
1856,366.0,24840.073516128658,4561.31438291744,4.098,3.557,17629.770132640762,52303.69605698186,58670.553894058314,957608.50336469,733.0
1857,376.0,9653.728568333643,25557.762130995092,4.023,3.361,13964.733287601592,21330.848084311267,23961.504596423645,670102.1307553956,719.0
1858,381.0,5659.030878890372,19368.06077188262,3.923,3.613,11194.648732265854,19178.001431302102,25322.770337893264,663180.9541020893,717.0
1859,390.0,6993.54382290091,19691.132282243303,3.96,3.613,7701.059354530743,8523.773672923999,16270.778537784765,869438.6325086916,713.0
1860,392.0,5438.693151639171,6414.433321627205,3.932,3.553,9768.34399897834,26806.817054520627,46866.03979886518,669821.9765677942,706.0
1861,398.0,2386.0834699799584,4548.932909419069,3.97,3.542,3911.2686479194963,7934.605862459315,14693.063311679547,463521.63310021476,704.0
1862,402.0,868.6492409517988,12621.225552311436,3.903,3.599,-113.58400001004338,5.98,5.98,285666.20379971026,696.0
1863,413.0,2665.810562504165,15945.58969211522,3.869,3.632,4211.060406319766,5.98,6159.673187815202,484840.2404630956,691.0
1864,414.0,12445.751709152604,7286.481578527757,3.975,3.515,16787.863134006075,28234.865490007807,40252.81271133449,866572.8772831906,690.0
1865,419.0,15905.515986552202,18966.72692225015,3.966,3.505,17811.94660490143,35235.82087599918,49458.99200719187,954231.450773016,685.0
1866,424.0,14743.01377249025,21726.89836358485,4.059,3.465,16628.010989041664,31096.91185837519,38528.83415258818,827917.9413473969,683.0
1867,426.0,38716.468009810604,21307.626474246154,4.088,3.394,27220.044534408786,66136.0657152442,73439.36381149788,934724.2551021177,675.0
1868,431.0,2198.449656532212,1305.976060440276,3.9,3.497,8420.289474230865,3872.732257294769,9227.12507987873,209405.2164137644,664.0
1869,441.0,7874.390630921776,28985.40725436421,3.979,3.53,9917.250836971129,30854.62212306179,34658.44065875693,590861.9476981757,657.0
1870,451.0,3000.1655533844396,16859.37015362008,3.954,3.534,7885.828264550706,5.98,5.98,182428.68333619265,654.0
1871,456.0,19038.102484129566,13572.802474305725,3.989,3.518,18562.21819938823,35397.69920163097,40146.46299034147,855962.3919022555,652.0
1872,458.0,6326.438769885811,18255.74392410455,3.949,3.597,14052.155452420802,19080.708525107053,28676.9807776339,766292.0111668401,645.0
1873,461.0,15749.442415952048,31515.62085688209,4.035,3.54,11869.987930570709,42255.97436382025,46950.601226208426,890529.2113869004,643.0
1874,464.0,2538.4841806917707,5308.896900146117,3.938,3.5,594.5481638153742,19536.953564569692,27131.457056476218,466911.8207938055,641.0
1875,468.0,26348.19831734648,8518.581154377138,4.009,3.54,19036.169100780964,38762.95377584784,53667.309012250436,901971.6996027088,636.0
1876,470.0,6763.028771617026,23748.596966763762,3.971,3.591,9520.312593491755,28600.581310467274,22725.555801008497,382751.5312120621,627.0
1877,475.0,12871.957230981357,21566.35770130081,3.962,3.502,18375.08609893017,59575.259468764925,61533.1085693203,941370.012064158,623.0
1878,479.0,2450.230216495117,9857.81498983279,3.957,3.508,5923.72527541467,5.98,5.98,535907.2694609636,618.0
1879,483.0,1594.8119162061134,6947.233385246036,3.853,3.657,1825.0870066882137,7493.522905576779,14626.1148899976,163157.31772798282,614.0
1880,493.0,4371.0051788377605,17509.035669400295,3.867,3.532,9344.681456037317,32913.1071794541,38920.93653151522,403694.8755356432,605.0
1881,498.0,3853.2463113145586,4872.3405229150985,3.923,3.587,8430.139801032936,24208.827651174914,23143.823139194792,654909.4954652197,604.0
1882,499.0,6705.8114262589315,2759.753483421807,3.878,3.498,6762.467302523539,26281.92074897745,29769.415147859887,712111.0712229925,596.0
1883,501.0,3267.93361017324,12211.169176918698,3.998,3.481,4398.072077789728,12162.676332568622,17808.259881968883,722669.2786401127,595.0
1884,511.0,10463.244721797739,15362.458353140995,4.003,3.531,13987.72653380594,20267.938595213625,26460.924887481997,844574.0083474937,593.0
1885,513.0,16420.95165153112,8668.163013850903,3.969,3.511,18278.319345738608,37860.27740791766,51177.143899381736,924456.2054273733,592.0
1886,515.0,4619.643425320939,31165.919085455676,3.924,3.417,13395.846684318574,18228.01183237428,21894.06549288139,237660.57966099583,591.0
1887,517.0,1444.6921865706734,21540.189628311397,3.899,3.482,1185.4195530545271,7168.709579883422,12123.40801760872,67003.16876369715,585.0
1888,525.0,2991.6505034989937,8284.233813844967,3.92,3.491,6116.4973161840335,8215.365953111845,9902.94444317526,710629.3508660414,584.0
1889,526.0,2951.138284623632,14716.500899604165,3.894,3.522,6046.0264870849605,26770.73596293257,22341.11168251317,556669.320762315,574.0
1890,528.0,3106.465317535307,10120.05639374136,3.892,3.507,7727.5171207283865,10382.378895144113,14028.793393913205,330989.8856588106,573.0
1891,530.0,7582.091784706461,24844.48307405631,3.951,3.508,12454.828561211436,26985.36696454321,31764.80799940889,342627.5832754386,571.0
1892,534.0,2184.4322241198593,24166.43028640278,3.881,3.594,2890.2176858740413,20053.725862491425,25700.046938812542,699444.6632603519,568.0
1893,537.0,23697.596111982006,4592.452086524881,3.984,3.464,21975.5978785653,42410.752972442846,53959.93297170915,643292.0879503003,565.0
1894,544.0,2034.8956695312615,19140.102520817876,3.928,3.569,-113.58400001004338,416.53767017233076,5.98,422706.6815990196,563.0
1895,546.0,20125.415068039005,4608.0319237572585,3.994,3.541,19847.689565551198,42193.522583321275,46689.34900510552,935377.4878335539,559.0
1896,551.0,8342.462184393795,2225.5152837347273,3.974,3.608,9237.309909260204,30030.82319495628,36989.65887998848,542517.0533020432,552.0
1897,558.0,11532.174245726592,1217.2388019369891,3.962,3.626,13327.727883023315,38518.03992365305,47511.33907770795,906359.2852410136,546.0
1898,560.0,10823.449870558728,11637.116896229028,3.942,3.619,12275.50648612113,52393.065660828564,52834.09402955508,935403.3125379067,541.0
1899,566.0,3259.761918127864,22205.990062053523,3.865,3.568,5819.067641322905,1282.959777314315,9039.713692170499,128756.03239580044,538.0
1900,570.0,1257.0315395489154,7850.252807779884,3.854,3.722,-113.58400001004338,5.98,5.98,277393.13777295256,531.0
1901,573.0,18478.695209673613,23581.136824585064,3.93,3.472,19730.082187633867,59298.418168960605,53883.95682765317,839365.7911192293,526.0
1902,584.0,240.70550514351902,4901.109123216515,3.883,3.604,-113.58400001004338,5.98,5.98,164109.6732874534,524.0
1903,586.0,5770.9652460015695,7083.614163817604,3.945,3.594,5665.741801652928,13149.782197381272,12822.010871388733,483882.77310359123,513.0
1904,590.0,5207.808037155525,16974.917416741373,3.876,3.579,11522.311530577419,30041.62037341149,32793.48633882277,688377.2348136874,509.0
1905,602.0,9790.006914645257,6747.034963002185,3.97,3.641,9016.241454292925,40283.43727297755,45880.24239886598,749679.9592753415,502.0
1906,605.0,1284.3300012897555,17054.264207207114,3.847,3.758,4218.71449090286,5.98,1682.6529199991874,485997.34935595,500.0
1907,609.0,5049.291286724394,15426.746483553023,3.93,3.55,5985.247444848637,21680.782256339808,21725.861545603937,736644.639811684,494.0
1908,612.0,15054.681566117426,17670.521854449034,3.977,3.618,16139.563274899907,35012.265944278355,39226.12539471022,875129.7335130404,489.0
1909,613.0,4450.94504673263,8796.720071225905,3.906,3.659,2692.301561097039,5803.6297145985445,22991.979130009713,940746.7693438348,481.0
1910,625.0,6154.514568147611,4555.522479418969,3.879,3.5,10880.783713718512,5407.280985928506,7986.018586639346,277297.4904319823,477.0
1911,633.0,6913.845603367069,6124.427223770882,3.914,3.589,16425.819527429285,25258.84484461304,29748.00562621731,810259.8795559779,476.0
1912,634.0,3858.41479112659,29147.579449112054,3.895,3.65,4836.29649071147,8405.940323523137,5054.322342672583,701865.7562303779,474.0
1913,635.0,40.05331689576326,1929.8361922444371,3.854,3.628,-113.58400001004338,5.98,5.98,95403.1262931034,462.0
1914,642.0,8145.15743978184,8306.749461721112,3.887,3.706,10275.712285670917,32306.374620398892,35909.2095736439,815887.5330421055,457.0
1915,645.0,6648.808957705812,10585.351028408382,3.979,3.646,10108.211089396083,14477.747102674364,15757.736454641981,756146.9595049288,449.0
1916,659.0,1445.8677394868894,7332.009759261109,3.867,3.634,-113.58400001004338,5.98,3285.896473585288,476048.04176092794,443.0
1917,666.0,14596.650247473648,10934.239907316482,3.993,3.55,12308.698098474391,44023.22762728535,44855.10273853293,737083.5090590076,434.0
1918,670.0,4246.296319796339,18705.12841631094,3.922,3.634,5171.767369861689,6542.304285072757,11085.355286697357,799276.1358045045,426.0
1919,675.0,2562.9314581153953,6978.958389412997,3.913,3.548,2687.6662690688636,5.98,15499.487205115925,120990.92526459545,422.0
1920,687.0,5886.898023822662,15317.592779801202,3.928,3.555,8632.215987198944,28658.907447940528,47208.12742002249,649278.260785651,418.0
1921,693.0,1092.8715999155165,16669.49173259003,3.865,3.621,661.4602504100758,3080.1244752378366,2954.0447501202034,699648.2388141681,414.0
1922,694.0,3222.2425563749052,25081.04318995593,3.862,3.694,5913.65727152466,16586.038048961906,33480.07943574914,554565.4726572003,411.0
1923,696.0,9912.18419786292,3687.171187872759,3.866,3.647,8975.960269105664,28842.62176700386,37128.05208205082,552934.2922466784,399.0
1924,703.0,9832.004233270194,17672.55870922192,3.915,3.608,10840.948212306299,23657.56361165373,25383.238522369993,703572.1756214439,397.0
1925,708.0,3464.5223725752976,5902.144199025389,3.964,3.735,2527.7701939852295,11072.135321272595,23564.463257829608,730766.2707237846,392.0
1926,713.0,2000.5015426582959,27882.310466285697,3.885,3.566,3962.4675249247775,5.98,5.98,607855.8244491536,384.0
1927,715.0,16880.242873142408,2711.1087259976193,3.979,3.516,15935.443582515954,39800.22185074579,39281.49466363407,648107.1111155322,376.0
1928,726.0,3880.831226064266,10984.569291298703,3.816,3.682,9735.737060974394,16196.299268195407,31112.259691104307,647357.4820398726,373.0
1929,728.0,1090.2828391533271,16746.787045614947,3.903,3.606,-113.58400001004338,5.98,5.98,236559.6052971251,367.0
1930,736.0,1252.5658196235624,13005.936301667596,3.856,3.651,4950.46495493767,5.98,5.98,219987.0731788136,358.0
1931,748.0,51.28857106925143,375.92430166672716,3.802,3.691,-113.58400001004338,5.98,5.98,417989.56292816927,356.0
1932,749.0,2225.2511168258884,5550.316845576245,3.812,3.555,749.8525040716327,15960.420188699924,31106.705136773693,221044.40508705517,354.0
1933,752.0,2958.283654396401,1154.7547412729732,3.803,3.592,4137.21585374605,18580.711964028575,33119.603852364824,382435.73373456753,352.0
1934,753.0,10281.475191897522,15870.589731285105,3.856,3.733,14687.812179403545,25117.07372957619,25325.924382237274,746864.58329218,349.0
1935,754.0,385.0823289657062,8630.927724003668,3.794,3.682,-113.58400001004338,5.98,5.98,650357.2203768737,345.0
1936,760.0,26998.316141116968,30184.087871743297,3.973,3.561,21225.81062883377,61656.20915521101,75343.94820934713,936811.2140235686,344.0
1937,765.0,4419.608180459121,410.30123957305227,3.884,3.557,6535.734806288088,20788.176488864563,28048.41481758209,567694.2445619946,339.0
1938,769.0,177.86098092215872,2181.9584105079725,3.762,3.654,-113.58400001004338,5.98,5.98,103827.43855866232,331.0
1939,770.0,10688.413194506249,36844.49232195692,3.934,3.594,14304.22422484298,28862.84709794923,29777.50701954332,583942.4193275557,327.0
1940,780.0,47.181359764150656,6284.263523524283,3.758,3.676,-113.58400001004338,5.98,5.98,64250.72330926501,322.0
1941,791.0,496.16731020848874,7677.270077834889,3.858,3.646,-113.58400001004338,5.98,5.98,452047.9643914454,314.0
1942,795.0,548.9791102774913,1167.3389330538232,3.803,3.588,-113.58400001004338,5.98,5052.230812105456,127834.28006924326,311.0
1943,798.0,685.0591394250313,2457.3577637858766,3.843,3.643,-113.58400001004338,5.98,5.98,238243.59508661655,301.0
1944,800.0,13110.376995540035,8509.433378268397,3.887,3.702,11644.549441006628,42445.69562389195,55670.195820965084,942777.821389761,300.0
1945,811.0,150.86394069108366,3694.313255771474,3.791,3.571,-113.58400001004338,5.98,5.98,42494.72007239689,290.0
1946,816.0,3843.2287852022437,21716.295182338858,3.861,3.637,7022.901092666241,5543.001445801935,12877.035352510153,367791.4229593144,286.0
1947,820.0,564.7361239471672,6427.282555846747,3.839,3.574,-113.58400001004338,5.98,5.98,53793.96323474336,277.0
1948,827.0,6862.233366882342,4302.681960224354,3.822,3.633,6052.5853843185705,40839.66546714332,40963.41700156264,248549.8222516267,273.0
1949,828.0,16046.758405061579,11057.96111569283,3.85,3.493,21250.740777880266,39586.153601447295,48386.330314631196,343271.4945648241,272.0
1950,831.0,9097.723769748576,21009.170819521132,3.864,3.695,11300.998904832959,32870.005933956025,40686.51359962793,747092.6259098459,271.0
1951,837.0,45.348124150764,10696.267436281076,3.833,3.751,-113.58400001004338,5.98,5.98,433154.39973242243,257.0
1952,849.0,4391.376074404773,12454.829858637742,3.827,3.583,5239.44981543502,22412.665060423216,30907.705866563258,154547.59401979973,251.0
1953,855.0,14609.030493665576,21799.432907525377,3.935,3.527,19553.90250610823,49124.01551705539,63452.81233477758,696635.9166190494,250.0
1954,857.0,1269.5472504324453,674.4057544617052,3.876,3.752,-113.58400001004338,5.98,5749.699225745643,605118.625340448,238.0
1955,868.0,1372.523082220277,432.9734195292971,3.835,3.683,3377.4223221919365,1596.6834545024735,4150.593758461939,311762.4203015115,234.0
1956,872.0,76.20014803024995,10162.898603297417,3.739,3.594,-113.58400001004338,5.98,5.98,71895.25559077034,231.0
1957,876.0,2123.015086109882,8295.88844353863,3.852,3.616,6141.495290420735,3793.4627028442674,19660.495702358166,499815.97063485754,229.0
1958,877.0,28.542041191120475,5652.559357243907,3.769,3.774,-113.58400001004338,5.98,5.98,135826.49788605527,224.0
1959,881.0,11381.113975049966,14203.926937216802,3.873,3.576,9266.208047167562,49214.39435846011,55276.49791768882,908144.4953692004,223.0
1960,883.0,12770.23547091505,2451.883023280753,3.958,3.669,12593.859551820642,21646.921640505552,23371.321865646154,821154.7008892681,222.0
1961,887.0,7468.631078730122,7189.5987122443985,3.864,3.591,12884.370278250304,14245.417528156146,36816.54872912756,625591.3178387566,215.0
1962,897.0,781.0130710736202,16011.41286005186,3.728,3.688,2429.134205794311,5.98,3584.6065788915757,197161.395050428,200.0
1963,909.0,8820.184439825718,44918.803552399244,3.893,3.731,11591.592630975238,21864.42243863602,31870.78055982347,718572.2178140484,195.0
1964,913.0,16300.78196488275,21450.077450907644,3.907,3.628,19141.083254056968,36548.26000095661,46142.2080498437,798812.8681060838,190.0
1965,918.0,659.9151329185818,18085.82285559993,3.782,3.606,-113.58400001004338,5.98,5.98,66483.51321600754,183.0
1966,919.0,5089.110628898312,6390.588634439034,3.917,3.646,6586.875416747305,7903.231036932299,22863.86603318039,807552.1018201818,172.0
1967,934.0,232.50990046874338,5136.09580523087,3.786,3.818,-113.58400001004338,5.98,5.98,336255.20228294254,170.0
1968,936.0,111.42691659601844,7832.027388793844,3.745,3.733,-113.58400001004338,5.98,5.98,110009.01857922788,167.0
1969,940.0,77.02709950773318,10336.647577638829,3.769,3.715,-113.58400001004338,5.98,5.98,33615.77311472284,161.0
1970,944.0,344.4678176752143,6838.964225838889,3.806,3.681,-113.58400001004338,5.98,5.98,295020.979044056,153.0
1971,954.0,14131.076576184518,13012.440105851725,3.873,3.667,10502.551124758022,40676.37534074696,49401.844700582085,923239.166715632,147.0
1972,956.0,1708.8146199201128,12460.868275909186,3.866,3.814,-113.58400001004338,13061.43513425424,11722.077695435111,854648.2615973493,145.0
1973,963.0,1581.5500578885785,911.9744597817244,3.822,3.663,3012.110515363432,5.98,5405.935363088533,220594.0931560627,141.0
1974,967.0,6295.47239283471,12283.271733503534,3.823,3.714,7510.448609381776,36981.65634471066,40221.64678910073,764818.306562441,136.0
1975,971.0,16535.241602176196,33733.55915021327,3.895,3.51,24428.948614750174,42837.07868384436,52511.5596978717,472445.0912116271,135.0
1976,973.0,183.7023655052128,459.4222301983814,3.769,3.696,-113.58400001004338,5.98,5.98,142057.0846625341,127.0
1977,982.0,7374.412119791524,5316.285165233943,3.809,3.785,10158.929044089002,29545.609741371885,42367.132977360634,821710.6017595807,123.0
1978,985.0,4926.074674742465,22532.184837645455,3.782,3.76,9368.115957914999,4533.460086863921,14909.448647061028,519773.6638593075,119.0
1979,988.0,17211.229050457096,27614.81484400291,3.837,3.657,16531.478501561225,61177.136884213556,65456.62228407843,845271.6675700885,115.0
1980,989.0,6955.643194021356,29430.098991522438,3.853,3.701,7282.920101292359,20010.148403857325,39231.26508657062,665283.9900239969,113.0
1981,996.0,214.02459651446077,28754.85561986035,3.788,3.67,-113.58400001004338,5.98,5.98,465517.99890481663,106.0
1982,998.0,114.47544779869071,15693.682314882277,3.792,3.726,-113.58400001004338,5.98,5.98,279638.31221664825,102.0
1983,1007.0,3124.0418716350905,2827.0135930199253,3.817,3.766,5124.159621913856,14750.098285182576,27670.88104014544,540247.9601929834,97.0
1984,1013.0,44.68616947567008,12892.097194507838,3.74,3.726,-113.58400001004338,5.98,5.98,80889.03324360547,95.0
1985,1014.0,2578.778927142673,809.9639452396545,3.848,3.701,1409.0082716388129,15873.926824126536,16446.12491202357,556788.8648131565,90.0
1986,1018.0,992.5281542657102,6247.0485668973015,3.842,3.684,-113.58400001004338,5.98,7837.226789600114,286170.5202633047,78.0
1987,1019.0,1340.5622103841565,14183.765289644045,3.803,3.687,4931.194479056664,5.98,1045.1662911958301,251083.49677730098,74.0
1988,1032.0,267.1500186672549,1359.8299566622254,3.794,3.812,-113.58400001004338,9576.463154006753,25461.493024517746,502019.79353956546,59.0
1989,1046.0,12845.18137999398,25103.918565661086,3.887,3.831,14407.467461251983,48126.181456219725,60686.86667742502,729904.4169290322,55.0
1990,1052.0,641.2760363617948,5687.119542614181,3.783,3.772,-113.58400001004338,5.98,79.8848756004736,356912.65819482825,40.0
1991,1067.0,897.304663115418,1660.3042415354398,3.823,3.837,1568.2747941577927,5.98,5.98,583871.5753358447,37.0
1992,1070.0,145.27279706290446,3815.3425831284,3.765,3.67,-113.58400001004338,5.98,5.98,441379.86380617396,23.0
1993,1079.0,6567.358904610109,12687.382059671298,3.793,3.644,11063.757007100387,28695.846427072196,28101.89210580635,554346.6051284879,16.0
1994,1090.0,18701.851919283938,11533.190401501062,3.913,3.676,13197.898984601257,42113.740004609135,55150.70280985214,902277.4287605742,14.0
1995,1093.0,4096.538247613257,11501.133556575165,3.839,3.665,10532.730953510658,9279.230701668508,17037.04310076928,479077.865956508,5.0
1996,1099.0,2746.6647748037153,12713.352616393266,3.799,3.748,7536.5695366827495,16295.68339858251,29100.490807483744,681939.8047213928,1.0
1997,1103.0,20.116074913417478,22323.31813159992,3.712,3.84,-113.58400001004338,5.98,5.98,65429.02796136386,0.0
1998,1.0,19437.335836169343,19036.551736598023,4.156,3.41,15618.197007976734,16993.472909905704,16120.624898944017,790962.6915265945,1133.0
1999,2.0,3629.733683606769,5459.438112411484,4.053,3.336,8562.98341297226,5388.670873528372,5.98,107665.00440324254,1111.0
2000,3.0,19636.44138090291,21450.313282670097,4.017,3.375,18224.4763508028,62435.08412996742,66158.28869951682,938722.8859637722,1107.0
2001,6.0,687.7400288890609,7561.963762292355,3.96,3.392,-0.7439550916001281,5.98,5.98,158820.23225254528,1097.0
2002,13.0,35679.42627256135,27779.107180904193,4.113,3.197,22594.777283127845,56918.855905080156,59470.53419298246,795099.6417475266,1092.0
2003,14.0,2154.1238387955473,15652.157222797781,4.075,3.405,2756.1498319869497,5.98,533.6488646371326,288212.3567659664,1082.0
2004,19.0,17147.853646603562,12171.181510671755,4.116,3.39,15200.081370887057,33070.94643020227,33508.3696961938,712769.6710384426,1080.0
2005,32.0,7121.2365862801125,13697.317078338627,4.084,3.317,12163.499327076,28200.76155456254,27799.437117277266,923742.4334750873,1079.0
2006,33.0,10354.713108743026,4914.21126709447,4.066,3.426,11611.491332477297,13205.26942976044,12147.27722382936,827236.4132357695,1060.0
2007,40.0,16893.103816224357,4404.01730703637,4.059,3.451,15726.993581204255,40459.48011943823,48213.64146853999,630813.4708929763,1058.0
2008,42.0,1680.7482860060052,5374.766527799105,4.006,3.386,1842.4765127281205,5.98,5.98,219397.2742302585,1046.0
2009,54.0,1129.1063375569427,9217.312334495296,3.961,3.398,2492.6870875217373,5.98,5.98,138375.40355791603,1041.0
2010,57.0,16808.60272252097,5598.058232246792,4.051,3.275,15312.868242872464,37346.9097807855,37727.25361317808,451491.48614155035,1036.0
2011,67.0,5572.251621380678,20844.256982369247,4.017,3.396,10402.46272523973,9651.314742064113,9342.102245365348,503684.0875766519,1034.0
2012,70.0,11277.837928218896,3927.9076428342332,4.016,3.394,14085.941380232553,29260.080557221972,29712.610040935433,707566.5967000951,1032.0
2013,75.0,3766.205821879552,548.9123795781452,3.995,3.359,8207.31022317397,17824.82107172063,19342.852302799824,673920.593322406,1026.0
2014,81.0,1475.824039514448,2136.7203678553997,3.998,3.452,-113.58400001004338,5.98,5.98,193855.86343098065,1024.0
2015,89.0,26995.84178788105,19066.108710345605,4.066,3.38,21601.44049864858,60426.394422454105,59042.158254563576,831518.9866208803,1016.0
2016,94.0,8509.980646962611,4740.652168860788,4.018,3.529,10897.225540422984,18355.53294629138,11464.33386735521,651553.2955996306,1008.0
2017,95.0,4321.827134800854,8676.037175458598,4.033,3.346,5045.147662920255,11938.896279615961,10975.524427839418,364076.48807871627,1007.0
2018,96.0,20963.31503951443,10960.544229534207,4.094,3.495,19440.11884499219,41997.01966848437,55677.74398162401,949262.8821981488,1000.0
2019,99.0,9386.41343669158,5159.602718760396,4.033,3.432,10951.186536595222,40055.06528538924,31436.823499556835,829203.2275796122,995.0
2020,112.0,643.7901745924737,16265.257076736278,3.941,3.42,-113.58400001004338,2166.197913023452,3889.309898681234,400357.888050817,994.0
2021,116.0,288.6821251820031,5641.574558095056,3.938,3.468,-113.58400001004338,5.98,5.98,132324.57098715074,992.0
2022,117.0,6276.025174311017,11009.686369964995,3.973,3.412,14225.924904931428,12225.068485120646,19482.95471225802,406237.6625054617,985.0
2023,119.0,3284.7206028406813,10346.553184571763,4.0,3.49,2666.9863985153734,12676.69577519103,25350.067652715825,354919.43800808955,984.0
2024,120.0,3680.0710069628403,17637.95555633083,3.985,3.521,4284.687011850857,12405.955083703993,21038.3305399575,612123.919122696,982.0
2025,125.0,6145.9202859749985,9206.399057305884,4.032,3.651,5464.661304788473,30595.68821921056,26424.905809645534,890722.0802147137,978.0
2026,126.0,967.9018047166834,16995.455665178953,3.979,3.469,3727.723367836508,5.98,5.98,83135.53946484487,976.0
2027,138.0,5126.842482110734,6016.44335324467,3.956,3.488,7892.743481287947,14934.084800767436,17169.39047748403,880213.2465387088,969.0
2028,139.0,3293.4513136716823,3843.432175606237,3.975,3.51,7706.346106375013,20861.41382050506,20483.2648802355,302509.32355087966,965.0
2029,145.0,1917.3865891547182,36982.80274582114,3.957,3.427,989.5289592559975,22475.082317392276,18825.447223326482,444925.64447068825,960.0
2030,146.0,11641.377308829038,31185.216843364273,4.024,3.505,13804.704319371303,27097.43188637972,25739.866342251553,851500.2256672155,958.0
2031,150.0,9414.913015318514,7124.829459091691,4.04,3.317,10540.2900124577,29876.796838409104,28814.992139657872,594580.8671325818,949.0
2032,153.0,18339.348539694125,13783.915372497613,4.037,3.451,17601.47056658977,41198.46697291752,46963.96829524227,903406.8880494285,944.0
2033,158.0,16597.642813835995,24986.87924708622,4.045,3.512,15506.729698085484,29758.747176511282,39932.72807882334,916878.836640003,939.0
2034,160.0,11268.088675386409,13672.61099703675,4.046,3.419,10386.377889255915,27748.678028019807,27241.475275778248,533620.1927411519,933.0
2035,170.0,12262.616401571615,7414.19809959121,4.068,3.45,15384.406395036613,41982.810980289534,49623.82186030394,786528.273072048,926.0
2036,178.0,15006.494230141607,8383.039240034175,4.002,3.438,17351.87860792217,28074.544182970338,35571.20953639094,844021.1014813844,921.0
2037,181.0,15829.563545585825,39229.949958421734,4.03,3.501,15423.110299922539,38967.833134946006,45384.17636855031,905522.5413594946,920.0
2038,185.0,10922.025519630663,5447.7418577300305,3.988,3.512,14690.15497210826,27980.617391890304,27715.000508722704,821351.1659919437,915.0
2039,186.0,17558.169735400726,9017.578889673448,4.12,3.374,19825.331075786802,36889.820623143576,43485.31547203393,921109.997839382,911.0
2040,192.0,2990.1800794195815,2602.599827000565,4.045,3.564,3786.283670890575,5117.943082095685,6929.675466306775,630253.5380073038,910.0
2041,195.0,487.1752128213439,2640.9495661383953,3.968,3.553,-113.58400001004338,5.98,5.98,753812.5165017137,908.0
2042,200.0,1876.1641430443988,4014.070503982953,3.931,3.503,3533.4293380613612,4352.3591873642235,5.98,245272.65612306056,906.0
2043,201.0,938.0706518609472,3117.6295925345144,3.971,3.461,1067.9778544083606,5.98,5.98,103005.46300233559,903.0
2044,204.0,38325.06750937331,15168.186954292116,4.093,3.391,27891.272207231377,53841.41115497127,62099.1438274557,948340.7878996392,901.0
2045,207.0,1525.4983374138005,3837.144238505371,3.97,3.588,1518.2130034712154,834.2581794750131,12095.50322926688,775260.530141449,900.0
2046,210.0,14089.018142601519,23903.507440951085,4.023,3.45,16466.128797659912,34961.379030984055,32439.898465881066,902149.3091822143,879.0
2047,224.0,2289.40962543176,8112.710982563098,4.01,3.559,-113.58400001004338,1904.093593004999,5.98,904403.9484438965,875.0
2048,229.0,16356.823849433218,21064.307860598976,4.018,3.466,14343.451178497457,35283.24696073555,53629.144874471865,929817.975212505,872.0
2049,238.0,8649.32937701602,10698.958128343544,4.018,3.569,13144.982207819878,34748.54689976893,42799.91910909571,936731.321633476,867.0
2050,239.0,548.3123549426998,5943.39206359585,3.945,3.473,-113.58400001004338,5.98,5.98,189815.3030466715,863.0
2051,243.0,6347.974126384169,8460.410801473448,3.935,3.524,10966.59739603352,22779.199875008548,25664.836536635565,561961.1334972313,858.0
2052,244.0,2504.4701725216805,23099.909500254074,3.981,3.402,4207.888940009402,5.98,5706.833492331173,553973.9178056279,857.0
2053,252.0,509.4976686268105,13570.171110297866,3.938,3.469,-113.58400001004338,5.98,5.98,254437.6900668642,853.0
2054,256.0,2473.4464311598063,14750.977220769066,3.979,3.392,5470.909835916174,1598.287172517094,2491.7058025126234,451720.9623929019,843.0
2055,268.0,18652.22100780252,38302.5319295669,4.045,3.556,19914.856289439682,58192.64950057419,62828.72887941613,933628.6670073073,835.0
2056,273.0,14787.87850355509,22134.09649596487,4.016,3.576,13552.295035231857,10507.880368614442,12976.838096670159,774146.0141642432,831.0
2057,277.0,29495.18730330407,23271.820511925085,4.03,3.444,19380.905487413293,61527.2902947408,52639.01813413534,683571.6753895808,824.0
2058,282.0,389.42016967902816,5881.411645194909,3.953,3.57,-113.58400001004338,5.98,5.98,395636.37598903914,822.0
2059,288.0,19193.118113956254,19255.764810276072,3.994,3.423,16131.341960473103,34187.632570238056,47479.875813406994,722050.9319939929,818.0
2060,289.0,823.0970415022741,5835.757469800515,3.896,3.471,-113.58400001004338,5.98,5.98,371058.61934895645,815.0
2061,294.0,6761.685913921076,25268.57519582979,3.996,3.517,9976.824347926822,15796.033683681831,15331.554603707009,388898.6702738236,813.0
2062,296.0,3796.7796201381666,6373.436888275639,3.995,3.523,8064.236831743294,7918.394535755143,13568.650518877943,678881.5383000439,811.0
2063,297.0,3362.3108929911937,10028.119517341416,3.951,3.502,5046.208427075384,8746.733392855216,3813.5639949302995,521891.4269434829,805.0
2064,307.0,16032.248956453477,7280.51867419714,4.013,3.271,20471.875679361634,35343.17969785682,42697.511644004124,465141.46461035754,802.0
2065,308.0,705.8281220861332,4001.9821100259956,3.931,3.553,-113.58400001004338,5.98,5.98,316946.2006278386,798.0
2066,311.0,15820.96276384204,33319.59456619977,3.988,3.461,19782.68284915795,41975.35045154081,43160.58665333937,631640.9960074909,795.0
2067,315.0,1236.8099994225113,15859.155494434188,3.883,3.528,1421.1185825838243,5.98,3347.973936286292,467749.47954722715,793.0
2068,316.0,2922.664869034996,10581.604372500868,3.907,3.47,6989.62220350451,5.98,5.98,164784.4152717679,781.0
2069,320.0,8088.145351532187,33510.06914753116,4.002,3.596,7633.5842806287465,17034.132033200127,15745.12425859817,839725.9717912731,776.0
2070,324.0,213.39478861195855,10971.767971498128,3.884,3.63,-113.58400001004338,2203.9294196105348,6775.411368936351,696534.7594760332,773.0
2071,330.0,40328.796800664335,27507.418651179258,4.071,3.406,32514.645968353223,73048.31479625894,80250.7004434681,951572.9869650216,762.0
2072,346.0,2574.8358281311625,662.3575499194109,3.861,3.586,3325.250679455551,21876.868531811742,22834.786235216197,482070.0959235856,757.0
2073,347.0,4059.92149508897,22751.512897081655,3.928,3.485,6984.051893633032,20352.29539836423,25334.546599322828,767891.5920192356,754.0
2074,352.0,3695.285410551305,2359.5143056987963,3.891,3.475,5272.568086449594,6802.073315018424,17340.700891485958,112179.64273064787,748.0
2075,360.0,1346.8989701147807,5532.418190733249,3.898,3.492,3458.9898869344415,5.98,5.98,133538.07370817516,742.0
2076,364.0,2383.2827456373175,4010.3555046339934,3.948,3.628,919.4769461443275,16901.347356228864,10349.381330885397,460527.0801767677,737.0
2077,374.0,15151.973995019045,19194.619877805046,3.947,3.371,17566.095080105508,46826.004668295776,54572.33092418714,534223.4113994053,735.0
2078,375.0,1986.448723203388,21793.03569204785,3.909,3.714,3152.4683885530167,5.98,5.98,422604.06179871445,731.0
2079,377.0,12271.788618092129,17252.027538007438,4.006,3.506,10085.72315002086,35035.675013533895,49212.42781849289,900334.958983689,726.0
2080,380.0,2783.539149680665,24045.51816051992,3.912,3.537,7448.154430984086,12703.104900700097,11847.959994888757,589177.3874708724,725.0
2081,384.0,12908.732457555565,12107.952376987017,3.982,3.343,15100.827887802598,40836.06384840404,53131.32293094998,743512.0856771431,715.0
2082,390.0,468.446088238241,2644.739931593332,3.893,3.511,-113.58400001004338,5.98,591.2616627764655,147711.94836849926,709.0
2083,394.0,1784.503749307702,1023.1731431709055,3.999,3.467,2804.496357589168,12733.422150650002,15818.427357597644,466789.08354481234,706.0
2084,396.0,3095.5164589618407,19786.4514729475,3.943,3.435,7654.206352121085,13488.399861320198,20320.23379973977,217238.29613019852,701.0
2085,406.0,6241.351947392913,18859.120135763827,3.923,3.559,9703.40498922511,19657.98700188311,20720.541603032423,403090.7621034656,698.0
2086,411.0,4834.066682756009,214.07590939945794,3.921,3.574,8801.052150714342,6299.395270363128,12453.493888638459,379920.4156405307,692.0
2087,412.0,8169.0619636091005,3016.6902037033997,3.992,3.474,11090.716145039552,15044.375841356354,21636.03309513857,534873.9446457832,687.0
2088,415.0,1367.6627761901143,8224.059864846457,3.924,3.55,535.0199349152103,5.98,5.98,611050.2727403826,683.0
2089,418.0,9566.5652585036,3991.0796706752544,3.954,3.317,15971.044943787863,15739.747379559509,20634.362816990055,271020.9888170404,682.0
2090,422.0,4030.6692414649137,9231.023847637898,3.925,3.453,2438.288672285142,15089.599058904292,18065.349901613023,172407.94777172073,679.0
2091,427.0,5249.252255716961,251.07052097352687,3.938,3.634,5895.56041169377,9589.29186938622,7338.412345200961,555227.5899968816,672.0
2092,436.0,1256.8907698620792,774.3486955854335,3.946,3.502,2001.1405278381765,5.98,5.98,772784.0991545416,664.0
2093,440.0,12427.7785406968,3427.9979053647844,3.95,3.55,14592.784999296446,26734.37114101659,33003.796191994654,706485.9346813412,654.0
2094,445.0,1510.343339273411,19620.202646942093,3.945,3.605,5195.472190650395,1521.289928129031,9637.407446305617,573799.7605835472,647.0
2095,460.0,30249.067636812208,2065.5032693563458,4.02,3.617,19494.883486246206,71021.79250012155,79294.83324859713,941971.6013571925,640.0
2096,461.0,764.3272951152276,3401.3627229188587,3.872,3.64,425.5475932692184,5.98,5.98,87988.33272071187,638.0
2097,469.0,379.73285905992884,5679.7313694505065,3.868,3.609,-113.58400001004338,5.98,5.98,43558.740650572865,633.0
2098,472.0,1271.7928822078238,648.6244271047724,3.906,3.675,-113.58400001004338,5.98,5.98,234193.48386202988,626.0
2099,484.0,2708.0070041761833,19520.349620892262,3.914,3.513,3568.4260083406116,5.98,5.98,155879.32211182098,622.0
2100,485.0,22706.83688819886,44512.423658137144,4.008,3.494,22866.747378246677,47992.142572549026,59966.905951781904,916722.1537455032,620.0
2101,492.0,28134.785013974644,37166.55727137749,3.987,3.616,25240.364959253147,58404.59624732123,57694.575851697184,956105.0035444696,611.0
2102,495.0,18133.07510974657,24556.490640532957,3.997,3.513,18163.149192312747,44623.960804302784,54829.47862027942,861285.4310598213,605.0
2103,499.0,8739.896524583806,9356.821499602389,3.992,3.475,14484.664142400035,13744.99322669204,21945.70753745862,791055.5977792809,604.0
2104,504.0,148.29230784460356,1487.9309098647118,3.835,3.542,-113.58400001004338,5.98,5.98,542315.5198350665,601.0
2105,506.0,10183.210699018638,21635.84500221719,3.989,3.627,10887.905184793159,30345.75482918319,29768.288685942753,892178.3153302652,598.0
2106,508.0,8519.015900319027,12780.24380086242,3.974,3.419,9429.63620485409,37944.81712541674,40830.66258948476,582515.6759255544,597.0
2107,511.0,3081.8733821637647,16702.996016840716,3.876,3.636,2831.3964279175534,3292.3692198319673,11817.379165596321,531367.7202443519,590.0
2108,514.0,677.438646918098,3110.2792033989317,3.943,3.526,-113.58400001004338,325.0019264832217,502.42188867175173,603928.5013240387,589.0
2109,520.0,3768.9131040209277,24375.47585109122,3.912,3.491,5624.816318723037,28201.86405003425,30357.251195968747,420786.9934987302,587.0
2110,522.0,15829.719580868441,20578.429596510618,3.913,3.477,16612.70366820199,50275.82167459642,69176.92205142838,483340.86350985884,586.0
2111,523.0,5108.067126675504,13491.650154529816,3.957,3.613,1873.3083156065516,9488.585487668535,12263.013878518981,491775.78453867,570.0
2112,538.0,28682.831607059095,40496.306489384166,3.977,3.45,26920.121391778197,55418.13215308868,52082.56378286519,753891.4510142334,564.0
2113,541.0,113.78046864987587,9075.885138455635,3.886,3.751,-113.58400001004338,5.98,5.98,430843.98729462374,561.0
2114,549.0,5707.361114084605,4239.1356940759015,3.893,3.604,9113.6540994441,21847.276214880483,15333.784734444393,572260.466357284,558.0
2115,552.0,6024.249424357031,25778.12785775059,3.952,3.495,11347.838759174072,9594.72809021214,7319.540023041604,608383.7103150609,549.0
2116,557.0,277.5283973835899,421.277741612363,3.878,3.845,-113.58400001004338,5.98,5.98,719380.6782006819,538.0
2117,571.0,4671.666307481627,6248.355457832521,3.928,3.599,6397.306265451074,6159.05574020006,15366.301627556822,449879.5633189131,537.0
2118,574.0,4888.6022330807955,8175.865281748828,3.915,3.513,12206.37699900855,13275.567810264012,14743.496917838738,600327.9005556471,534.0
2119,577.0,5243.580105178077,2458.5097148765462,3.922,3.629,9436.262849359731,10743.620713319386,25112.70855916694,511496.1227970088,522.0
2120,582.0,2221.361038780465,10610.240759180291,3.924,3.702,7041.052563737187,4077.1658797408463,14741.5417120353,637536.3619773731,518.0
2121,585.0,3318.892855456318,7842.325669684906,3.945,3.67,4928.961792998547,10621.697006711856,13609.497899994642,595468.3763835524,508.0
2122,596.0,454.8409335730092,1732.1362211835965,3.879,3.554,286.14960832506995,5.98,5.98,93774.15795409604,505.0
2123,600.0,2821.148437279273,15525.661347987982,3.924,3.607,2486.702456547102,10915.02031626891,22740.801270571996,606809.1792799378,502.0
2124,604.0,3478.530108635003,5671.38222323748,3.94,3.577,9932.012689284717,5.98,5.98,150788.90761396874,496.0
2125,606.0,18788.688091521264,3069.2266806894895,3.95,3.485,16812.77281730322,56106.71717272808,61483.18524377779,855196.3036208823,495.0
2126,609.0,486.30849967051125,872.2917787444853,3.849,3.742,572.3409327261243,5.98,5.98,556080.8145274393,484.0
2127,621.0,2387.2911497479195,38790.01565009624,3.906,3.791,3356.0652323842896,2441.829119881777,14972.963306514008,842136.1725495672,479.0
2128,623.0,4312.575568488621,27848.807384001735,3.851,3.621,5924.103974865382,5.98,7231.570601317542,157474.8869916018,471.0
2129,624.0,1942.457367264178,6016.892985860464,3.907,3.599,4085.5626503319654,5.98,12586.486443399603,620211.1694242543,470.0
2130,625.0,8059.387677341745,38459.14893123093,3.914,3.509,11083.766893122785,36786.18025921927,25498.121185657925,505849.0017323334,464.0
2131,641.0,5691.88741553492,15950.210762521721,3.875,3.506,8402.673036874172,26459.430488912054,32293.78435209179,496858.4635991212,454.0
2132,653.0,862.4773039972897,14296.333249263727,3.884,3.723,-113.58400001004338,923.8214757430487,5970.184035911664,435560.4960709702,446.0
2133,657.0,9412.92378817826,5772.642111522072,3.905,3.547,11552.288070171346,25336.94494216893,38113.20111954833,661814.8878792782,439.0
2134,662.0,4364.493687679312,10942.630380426326,3.928,3.598,10097.501692241558,16019.339929775471,18843.398676691097,610956.5652767334,434.0
2135,667.0,3672.893504965198,4205.1661825979445,3.845,3.604,7572.821037867401,4424.893981098976,17155.54138506619,248038.36186739634,430.0
2136,673.0,2818.15692767185,13514.519640008722,3.886,3.614,3897.955237498227,7992.182120260044,22080.733206519697,656633.4647174533,428.0
2137,679.0,19040.004843124283,29525.425066963482,3.947,3.585,18967.356464777364,38445.969516806945,39224.33092234288,879693.3084848486,427.0
2138,684.0,12136.912586033914,29554.314290546426,3.925,3.726,13657.991603002954,21024.79946399659,23414.364921387976,671537.6950010688,417.0
2139,690.0,868.0334966240722,9182.288476275851,3.849,3.556,-113.58400001004338,5.98,5.98,152867.21632936355,412.0
2140,699.0,7413.457428556944,42268.12553435474,3.914,3.63,11607.9161750789,14676.972944014406,21736.40138522295,615054.0083384264,409.0
2141,701.0,883.8005459029831,4444.882681177125,3.839,3.601,-113.58400001004338,5.98,3668.903902262843,117263.08891695176,408.0
2142,704.0,12209.836573982182,11838.8535348648,3.933,3.557,13230.450147138914,53292.81161314034,50829.48078918888,608254.3186686046,401.0
2143,706.0,130.86921005290668,23823.95364566395,3.862,3.726,-113.58400001004338,5.98,5.98,306390.3527722384,397.0
2144,713.0,790.5960708625263,7970.859344424864,3.875,3.566,1356.7210495570862,5.98,5.98,36649.92406092936,395.0
2145,714.0,3090.410706036488,26577.08201765218,3.897,3.631,5960.45521915813,6137.239970914938,15869.377548018929,533432.7733921567,393.0
2146,715.0,27946.28543873503,8646.924786545545,3.932,3.573,24188.346950566538,60061.81709391963,70207.55182035352,930232.0355873262,390.0
2147,716.0,3428.5771010556737,166.76736954794183,3.842,3.608,3442.254228335409,13183.162307422323,34148.01234311215,624330.7188399133,381.0
2148,728.0,1025.3439770884843,11453.162113134415,3.907,3.586,-113.58400001004338,5.98,5.98,158611.7818226761,379.0
2149,729.0,4833.410315303736,18955.417991359904,3.873,3.687,10692.675468860263,23258.82048082115,30729.22027072168,895001.6733337971,375.0
2150,735.0,8439.424263122364,19139.755966100176,3.808,3.679,14786.824364644797,36790.40263234656,35257.423886158496,786039.7727867117,372.0
2151,736.0,5163.269518050514,19008.530981693544,3.913,3.594,7916.999490500162,13826.350049189581,23051.319603301,748039.5056821202,365.0
2152,744.0,2994.927353949513,8099.887678364056,3.876,3.759,4987.59169448497,5.98,2440.1750125562685,559486.3420669459,351.0
2153,749.0,9329.053979293249,9395.825921403899,3.996,3.572,11477.10434104948,39292.66938489629,45464.212825774055,735998.0467255572,348.0
2154,755.0,20937.589982231264,1072.202598444157,3.971,3.565,13685.724997498102,47865.8296360525,55502.47784678434,924722.122534847,338.0
2155,768.0,878.9855113607472,3224.6368797624,3.817,3.687,-113.58400001004338,5.98,5.98,206691.74614405673,337.0
2156,770.0,3070.500853327921,12856.531496814754,3.801,3.576,5256.55067048962,10694.28611195699,16087.043422850675,261630.78797020653,327.0
2157,781.0,2185.531115105779,7137.254041803435,3.817,3.638,2778.6900282112174,1522.9091539294977,9321.808580021225,765092.5260125211,317.0
2158,790.0,1440.829278214871,6518.797637169313,3.923,3.586,-113.58400001004338,5.98,2552.1159082984514,698778.3483665725,309.0
2159,791.0,3242.789043595367,1945.929666663506,3.879,3.571,4882.566884923344,5.98,3691.291622969109,299926.6363402241,305.0
2160,799.0,13849.644768683149,12436.972024493607,3.974,3.525,15527.229284964704,38834.6718256172,48531.74716477466,940451.3747507456,303.0
2161,801.0,3242.7366780541342,2760.006313255584,3.906,3.619,7566.756028981177,5152.386269120759,5429.517527824844,466033.52894126205,300.0
2162,803.0,698.3588108691501,15479.869348344255,3.791,3.673,-113.58400001004338,5.98,2029.3309206986405,251917.52290438625,299.0
2163,806.0,3271.788747158945,26364.445806967593,3.871,3.718,5507.888307190482,10438.011260911626,20121.33126914544,873869.1464889452,298.0
2164,810.0,9317.558870582403,2740.2825176601564,3.863,3.628,14379.095438351535,20697.46434438359,30763.37200959603,810929.7068439696,291.0
2165,818.0,225.79852462698588,9392.295992580672,3.806,3.666,-113.58400001004338,5.98,5.98,64784.87253275688,288.0
2166,820.0,10626.260259649835,24381.4883985266,3.911,3.571,11223.91106780848,16655.96741549324,38602.41823744465,876349.0622457751,277.0
2167,825.0,8424.392145124271,1115.2794227984668,3.892,3.621,10666.063810776515,46779.36831906097,54543.15164704693,752931.984160885,273.0
2168,829.0,478.8944069170757,692.1969829229355,3.765,3.744,-113.58400001004338,5.98,5.98,343876.1919834649,270.0
2169,837.0,4393.654101222766,12602.597809166931,3.802,3.708,9249.16192615433,17081.135286059973,28465.41179735054,443835.63892976014,267.0
2170,841.0,318.9643588221005,22886.397483049597,3.809,3.66,-113.58400001004338,5.98,5.98,239457.77142490563,260.0
2171,844.0,4509.442874926347,25014.591922008203,3.885,3.68,6125.247381961333,24043.618051975598,38578.462718787705,586120.155686606,256.0
2172,850.0,177.96690548400025,4188.809094635073,3.781,3.769,-113.58400001004338,5.98,5.98,434469.2541356086,245.0
2173,855.0,8097.688540011811,3199.272697480126,3.846,3.727,11928.12998929466,13193.852551744669,32877.648380181665,504794.45618051453,238.0
2174,867.0,4694.430600179181,10071.40286756415,3.858,3.545,7566.575471773071,28335.970561175465,36187.26464163628,619713.0232669329,231.0
2175,876.0,4369.060057378421,4620.117571005652,3.798,3.746,8522.880779545005,11163.676317894886,18474.237042293873,687091.4988307169,230.0
2176,881.0,3824.233535858342,5489.189101903487,3.858,3.694,5560.548276552887,7658.613781090393,18172.177532631613,755060.4702915951,220.0
2177,888.0,6270.79553703006,38130.9190658673,3.881,3.686,12147.690928647158,20879.355464057553,29203.768398914377,845129.0182477402,218.0
2178,889.0,3092.0147624367573,10232.22071591541,3.878,3.663,7685.619659511818,7658.3238093826985,3742.005697297489,384411.73118182464,209.0
2179,897.0,7668.606104172916,2320.1357909792696,3.8,3.79,11878.374719100268,34552.64574157391,37197.97641350828,902403.337151712,207.0
2180,900.0,16818.3319117299,5445.1397129984525,3.911,3.639,18777.357885753743,28509.441847385388,31767.765938553006,787343.3539900159,204.0
2181,901.0,326.34885856090864,6441.300135126001,3.842,3.846,-113.58400001004338,5.98,5.98,537564.1302538061,199.0
2182,904.0,8690.747435041263,8143.72428455028,3.871,3.545,8671.323095922082,12107.67705512486,25719.22883393674,454413.3495106321,194.0
2183,909.0,2322.942806541864,7018.118235483238,3.836,3.705,5091.7785712008,2760.5322581882892,11820.983371229328,704011.81210039,192.0
2184,912.0,7591.072773684335,10075.194160047278,3.846,3.649,14093.479278255823,40664.17439518242,50182.077468895885,801282.8508628801,190.0
2185,919.0,13535.11716798658,7367.264526340562,3.894,3.626,13448.27454101617,40817.1252663545,47688.88560066869,751669.893237227,186.0
2186,920.0,7165.8668656573345,4046.469906138156,3.92,3.502,7535.903218031068,29472.599152724095,29620.551392848356,537279.141767905,184.0
2187,925.0,796.6581222400114,6634.134982543881,3.845,3.784,-113.58400001004338,302.10824744748516,12668.84970369515,629598.8855227007,178.0
2188,926.0,7481.242911503461,31540.097676602785,3.876,3.742,11278.008620937384,18883.3095531696,21942.93883850777,885616.9139264631,176.0
2189,931.0,129.7428254521882,704.5583459740122,3.706,3.692,-113.58400001004338,5.98,5.98,115083.19431282772,173.0
2190,938.0,4813.332541923885,11203.72804752757,3.938,3.672,8859.149843821668,5.98,5.98,644799.6395216988,170.0
2191,939.0,1946.7824601341324,2547.29260947318,3.757,3.697,817.8678330845983,8758.284348650679,17230.921724019157,432125.2681135053,158.0
2192,949.0,558.7002247045365,3745.5895710079394,3.794,3.77,-113.58400001004338,1816.236883978086,2291.557941965186,349631.276231333,155.0
2193,951.0,816.5333984707273,2419.267181951398,3.765,3.816,-113.58400001004338,13305.74613256423,26940.00749715569,643099.1507685976,150.0
2194,955.0,13475.079565244838,10117.90874445871,3.921,3.587,12517.896304373719,35455.48688195592,43553.207962423374,847559.8885748569,148.0
2195,957.0,5465.208059143912,5355.413982147872,3.86,3.677,5258.95177018707,23698.472507608127,30095.787945035627,737604.4245789123,139.0
2196,963.0,626.098058204394,1715.8622035813303,3.882,3.684,1242.1575015884405,5.98,5.98,486250.5206972317,138.0
2197,964.0,1050.2592503060966,7708.878512930053,3.835,3.798,364.16861193728437,4163.070396867584,19246.214043584216,547770.8881628752,136.0
2198,968.0,3761.474191987142,17790.466201860425,3.828,3.66,7721.749664535103,451.9781733593418,7198.942745307908,188847.24707230917,128.0
2199,971.0,4794.760135159444,13579.38501031441,3.809,3.841,4894.832784777929,27619.484974622108,39145.314903140454,641389.2322125493,124.0
2200,974.0,16737.875643055264,12248.768021203203,3.889,3.707,16939.319656655643,48054.555044850495,43756.69203636356,942961.5865599902,120.0
2201,986.0,7403.32423219045,4994.374776103023,3.807,3.712,13142.095534868417,32390.778726648015,37627.435351376946,899568.2645088707,117.0
2202,988.0,4214.112014738775,10996.824935811863,3.845,3.627,5296.833886038945,5.98,8106.927238008619,802534.3266838444,106.0
2203,1000.0,1053.4769745667331,13440.4179119135,3.776,3.842,-113.58400001004338,5.98,5.98,508509.8053858988,96.0
2204,1012.0,1968.172372469816,16374.438506977229,3.799,3.647,1223.882440846021,1592.3082317789058,12217.240452993796,521784.9896265967,88.0
2205,1014.0,14535.14489944841,16469.954478479947,3.822,3.76,14426.004371961752,30112.964411993817,50833.04462744284,909870.4132715939,81.0
2206,1025.0,2951.5061280455793,9117.87304149305,3.773,3.815,4807.195534353226,17063.47890888468,27893.467520876264,662260.0077475124,76.0
2207,1028.0,8951.61072927079,14729.668332678659,3.878,3.778,9707.450870499732,31985.38444425142,43649.03566069601,838539.1589484984,74.0
2208,1032.0,35924.316386449165,33061.42449347784,3.955,3.615,24773.939249097853,66221.8881227506,74606.03949259188,920892.8940725042,72.0
2209,1037.0,4602.023042807617,1053.1323642151176,3.823,3.715,6080.256485785549,20342.41387845672,26971.07537713227,657644.6868677087,62.0
2210,1038.0,12330.688550916782,19009.753670537822,3.795,3.616,18629.858907824942,33292.18596900622,39017.931374516884,370787.992837311,55.0
2211,1049.0,2353.907340490516,16687.77176941472,3.774,3.661,7441.105891209265,10231.339510781276,14022.064493143956,710124.4230826255,52.0
2212,1055.0,1578.6850645439845,6065.512726765935,3.803,3.798,265.10042543830104,8062.961692638763,20451.04527417614,758159.8044030579,49.0
2213,1056.0,12627.429532563714,18795.51757963676,3.87,3.734,11133.725333877113,30149.147982007533,36105.51341286085,827604.5813428967,45.0
2214,1058.0,670.1864972618814,5257.880178168973,3.779,3.787,-113.58400001004338,5.98,5.98,210659.10750992387,39.0
2215,1064.0,15.216055679342093,3657.118107479344,3.694,3.847,-113.58400001004338,5.98,5.98,110908.41368737155,35.0
2216,1067.0,8356.317900180858,3984.6633863336483,3.855,3.685,11297.00742717027,32008.139314448854,37745.48829962812,858772.775616998,29.0
2217,1077.0,5466.319607276075,749.4509650117877,3.776,3.753,11427.085890021503,11803.327865820198,21096.401293172574,594229.6758630851,17.0
2218,1088.0,191.06243717781663,15259.694123328667,3.763,3.838,-113.58400001004338,5.98,5.98,410081.9291899437,16.0
2219,1091.0,238.23732713260503,14110.211399453223,3.708,3.684,1410.8201492355056,5.98,5.98,36128.25279805434,11.0
2220,1094.0,6177.429938098312,4634.159839807575,3.792,3.657,12496.426613301961,21842.355133218254,30417.064677723545,211172.53333543942,4.0
2221,1109.0,5305.549876831303,28393.812948820992,3.768,3.878,7954.372906030327,30579.28347320586,36929.83321573375,846917.0978130477,0.0
2222,1.0,8917.924550910495,1661.1015226087147,4.028,3.347,14551.587422388318,20716.111015215836,11317.334213670476,585902.231599742,1133.0
2223,2.0,22902.287204680568,20863.879304890885,4.069,3.435,17681.914129348508,40678.68719866338,48218.25943842843,946396.6535816683,1118.0
2224,3.0,5391.180549884723,10292.302508251338,4.078,3.417,6496.9368067303985,16441.748392365094,17370.25412942054,658500.7884227209,1093.0
2225,13.0,12914.522664483984,33285.0428174263,4.026,3.456,18637.766331744508,35105.98833413313,41879.27454316304,900114.1476479396,1080.0
2226,18.0,12093.302200578395,6234.448301932443,4.075,3.422,12432.064104216686,26810.21650188294,37998.540788698476,777129.992745184,1072.0
2227,30.0,3133.595886571349,8712.795436480432,3.964,3.409,7030.477612511361,3629.0502316245115,12978.939326708234,369020.29120240454,1071.0
2228,36.0,5086.408525185464,25093.55132430598,4.042,3.514,7541.807622637232,21953.581919133994,19820.788400440128,674289.4930114312,1070.0
2229,41.0,4414.42023710265,18130.920735963366,3.974,3.419,5963.478558370469,27582.467347019137,34733.35916296595,788320.1742119831,1059.0
2230,42.0,4326.8580577150915,5010.878970507963,3.989,3.425,3960.48525333489,19095.194491359947,24998.994412092048,736868.6821373478,1047.0
2231,58.0,1502.6861105615178,9326.196639369191,4.049,3.369,2324.0071116623662,4310.310843040545,5.98,75823.35190518583,1046.0
2232,63.0,24114.511969197956,746.7628812561529,4.081,3.292,21232.34374696234,41616.8647845684,41540.68552768723,808452.2053469692,1044.0
2233,68.0,6034.506418926022,629.5913769517929,4.079,3.448,8730.775387757578,18978.414851002173,19797.333808075462,646221.9295994196,1023.0
2234,73.0,896.064047562739,18072.388921302772,4.018,3.473,-113.58400001004338,5.98,5.98,119031.32732390914,1017.0
2235,86.0,1852.3721071497969,9333.678993015728,3.974,3.465,858.7929812221341,14114.41980782998,14812.177335133816,485087.803884652,1015.0
2236,91.0,5700.069339052123,4253.474330591704,4.025,3.492,7740.791849558389,12068.096203162573,11042.561127791556,885946.7595054614,1012.0
2237,94.0,5342.816529083388,1702.2940247995436,4.032,3.492,9457.910050070403,12682.520914837052,13142.098836400224,537726.664880019,1011.0
2238,96.0,13384.32994443659,6909.907626073729,4.101,3.402,13202.437707332127,34403.298618851244,40870.182262635186,878188.3695212933,1003.0
2239,102.0,378.56337999288684,2418.0034958443257,3.989,3.515,-113.58400001004338,5.98,5.98,212033.70445906546,994.0
2240,110.0,10970.993245811334,19644.226033048577,4.013,3.532,12386.04814479238,27485.010472285765,33999.27220576186,878315.9148224784,991.0
2241,112.0,9405.179167070557,24226.541086569858,4.014,3.513,11953.463593085049,25955.942118220395,35712.26805173952,575094.1089797769,985.0
2242,118.0,8620.9239906892,4465.389573277775,4.002,3.413,11647.434418695122,25992.786660522677,28925.1013870705,530589.8195526488,982.0
2243,123.0,6732.571522414396,3533.6029109745673,4.066,3.323,8071.655345235991,7456.521597015948,9405.567449924498,105670.12606522327,975.0
2244,127.0,21472.982006492293,16133.507515040626,4.049,3.211,25178.31116222273,46904.3015387754,46503.13333653186,656646.4799290947,974.0
2245,133.0,9307.63025129518,196.17076539315804,3.936,3.414,13312.716992718488,28011.67265868198,30159.267822238762,795433.5651906445,968.0
2246,137.0,4452.365626037176,14422.635209413456,3.942,3.602,9180.531692445364,9959.560598975728,17458.940054830964,900195.045032585,965.0
2247,144.0,13656.245210103958,19551.3939991476,3.978,3.502,14277.704447774828,39290.29284250252,40573.00185963724,919534.4663110089,958.0
2248,150.0,2374.2757098855536,38680.88423440067,3.991,3.538,18.578211214986368,5.98,5.98,386500.8861004226,955.0
2249,152.0,15140.803593902667,11408.260840972347,3.934,3.305,16207.994272523609,40249.594696073545,45484.46328941563,563615.6600651048,954.0
2250,157.0,25549.42477529908,4731.846638761591,4.072,3.271,25359.877941300187,42565.11079487912,39795.98068024527,546979.5251476109,953.0
2251,158.0,8647.60147020862,6992.186564338234,4.049,3.516,12278.034232648986,32256.881902373192,31835.564043276914,370467.7562252567,948.0
2252,161.0,5741.4651059885,17085.71580891188,4.008,3.551,8167.827513781496,17473.693088827007,25062.0366318604,754022.0353022114,944.0
2253,166.0,2961.199216705789,1792.445775079519,3.986,3.536,7389.555839131928,4126.09455516655,6043.9469119318055,503263.5632585102,940.0
2254,167.0,27786.70671883475,20559.713415675593,4.045,3.27,28343.84443992704,51271.525433892355,58002.29819340051,923635.0415409943,937.0
2255,168.0,23556.992009687692,23932.67017120134,4.029,3.459,20594.24379855578,50285.534178479094,50970.75047303549,857455.7937860995,934.0
2256,170.0,38378.889525896,40092.517053976386,4.033,3.318,30313.370686341827,70829.25171156097,77916.99621366622,953468.0496059638,933.0
2257,174.0,16343.308280862611,13197.023755692917,4.047,3.443,17578.947635085275,28976.69911398491,35296.89706125677,818317.9321758692,930.0
2258,176.0,18686.829597289536,29272.579287646884,4.062,3.413,16485.803414100134,29399.788519268728,39547.08465852406,691575.6053775422,923.0
2259,185.0,9651.919783775535,16022.406371611814,4.065,3.431,11882.929775261198,14317.429493669993,18608.307389778107,814385.294416963,913.0
2260,194.0,24770.78016852427,24637.46991906798,4.064,3.528,20185.313434414253,49037.44581082089,51665.85770774732,920397.9817233605,911.0
2261,199.0,707.0071261002972,14385.23961756162,3.986,3.574,777.7873726775265,8692.999562753204,18936.408660100216,359181.67744320456,910.0
2262,202.0,14722.99295414301,32107.489214252066,3.988,3.391,17135.306715892635,51655.970920022795,54817.90485128897,701275.0962931578,905.0
2263,205.0,340.9884023050115,3833.498846436561,3.945,3.531,-113.58400001004338,5.98,5.98,128954.42164407202,899.0
2264,209.0,7050.119697935656,12713.86457935267,3.971,3.588,6301.772446148404,11309.97345637893,9456.155043857241,214822.05236632872,890.0
2265,218.0,557.4553455421301,5235.05121304895,3.921,3.501,-113.58400001004338,5.98,5.98,157634.0862014628,888.0
2266,219.0,3253.566758640733,7942.09730601378,3.997,3.536,7211.263094999623,14021.523632929231,22399.099065698996,662079.8867572299,887.0
2267,222.0,14364.870690023865,65.883235795568,4.026,3.535,17393.627037819853,34387.18341963636,39782.5935180515,491746.42160491017,881.0
2268,226.0,7587.166008652135,18313.81861740118,3.992,3.369,10824.155454561522,21557.849817266106,23334.82097751963,483807.0473497517,876.0
2269,229.0,630.6491687490811,3126.1164031886597,3.922,3.473,-113.58400001004338,5.98,5.98,60610.505172070174,874.0
2270,233.0,21779.287839085726,19402.683909591393,4.015,3.555,23523.102024586588,44403.77233524846,51425.254287769836,939516.8386893071,868.0
2271,241.0,268.2553997993472,7565.4191963150015,3.918,3.549,-113.58400001004338,5.98,5.98,173018.17233492743,852.0
2272,245.0,11449.389615612157,12491.282000562624,3.984,3.51,15090.166691071609,38893.73683168109,40972.74328272683,737795.7288288348,844.0
2273,266.0,11144.651249774202,26592.231504585736,3.994,3.421,15680.587572305558,27800.17811464289,32523.878349255487,695294.3056424118,833.0
2274,274.0,19697.351679685515,1782.452411167675,4.021,3.459,18925.104832088906,37906.61675312225,52390.800743576365,674481.9970554516,822.0
2275,283.0,3184.4745607430827,18935.794512431745,3.979,3.639,3657.630845118212,5.98,5.98,644876.8957539641,821.0
2276,285.0,2104.0305654235476,102.0122669336397,3.926,3.528,-113.58400001004338,5.98,5.98,453028.76361892134,816.0
2277,294.0,9495.831957675304,15920.595707817116,3.996,3.308,14168.139129826443,14583.104970231947,19060.77363022501,518311.8650933215,809.0
2278,299.0,682.5929708439132,7176.189615872729,3.914,3.633,-28.924225826973725,5.98,5.98,215802.65301505977,804.0
2279,301.0,1187.749093821531,2986.9742955419124,3.967,3.449,2706.501387461158,5.98,5.98,304282.6670142392,802.0
2280,303.0,19299.66663829094,7551.843227251747,3.952,3.523,18921.13985526979,42540.991198770906,52146.91424337765,947001.716357039,793.0
2281,312.0,5862.668676311569,11313.725854391108,3.933,3.406,14087.216501377485,17244.921369613796,26934.63684246396,420170.80249714275,792.0
2282,316.0,11002.882424141811,7527.114990967439,3.968,3.443,12167.056708231463,44632.50390981333,43361.105880315845,591948.4109070743,791.0
2283,319.0,29094.63755287461,27338.17854143934,4.031,3.47,22501.563654806883,56930.81340400533,58050.65027021569,955534.4032096608,783.0
2284,321.0,2427.4393706737146,12666.176671069541,3.99,3.408,4206.243339667388,6416.910456538706,9608.994905158035,196338.41456505135,780.0
2285,324.0,193.97433903289104,5084.714416411254,3.965,3.499,-113.58400001004338,5.98,5.98,35373.27757297622,778.0
2286,332.0,18464.76392461697,10759.007551869538,3.955,3.547,21640.025454980267,31852.286948731857,29378.10311531405,865817.8200613752,776.0
2287,335.0,16343.974569217522,15062.378918670522,4.016,3.502,21212.392700057688,44277.85230586279,52331.248582890956,811126.4116443244,766.0
2288,338.0,4307.849973375796,10214.161711063647,3.945,3.379,7834.506852000757,19861.581560626386,18404.160438360253,65588.17071793797,763.0
2289,342.0,1955.1264344020792,10566.235969463109,3.978,3.493,2237.2939131903618,448.6283873436105,4569.515232976274,547774.2613436765,762.0
2290,346.0,618.4637585355939,8444.460164334458,3.859,3.642,2037.9898704526238,5.98,5.98,489186.0701164583,742.0
2291,361.0,36215.41395635756,42128.753148440155,4.058,3.433,25913.04964664685,71746.11233268242,69983.80683723542,943795.173814218,741.0
2292,368.0,6996.902773830329,15969.88740286632,4.003,3.557,7128.799753226394,18917.36185995009,16730.67635505958,361151.44091964193,737.0
2293,369.0,4739.8143959653935,16338.498109402553,3.994,3.462,3673.3831155858484,14073.74429084822,27949.833796910534,542237.4626129586,732.0
2294,373.0,12569.382914999196,20608.137073647566,3.953,3.328,16245.263826527398,20505.06027207125,24551.5187520049,856953.0693902477,728.0
2295,376.0,7775.9172259869065,26395.84326896559,4.097,3.607,10443.916161709754,15716.899738565411,20380.652528248298,924987.2428402466,725.0
2296,383.0,5725.580684309366,18891.292528214664,3.943,3.54,11973.313517759369,15493.522533092542,16755.552864699883,619763.8596783665,720.0
2297,385.0,4954.822750784936,14445.240705873726,4.0,3.552,6600.7797071418745,5894.3445334518265,12279.421688102175,402284.5015923024,710.0
2298,390.0,26678.99163060282,6387.1832140190245,4.075,3.456,22660.12454216895,41227.993158774494,42876.91128133777,853590.2510679596,707.0
2299,401.0,2924.776519931418,20786.98975102151,3.942,3.581,4628.786206134788,12907.861957905785,15972.113353334127,686518.441782228,700.0
2300,403.0,29882.90073888918,13212.215126345542,3.995,3.358,22292.19818226971,73130.97555147774,88568.49802000573,931307.2035559593,698.0
2301,409.0,1339.9657064380608,2830.053268790391,3.992,3.627,-113.58400001004338,5.98,5.98,629695.92414133,695.0
2302,410.0,7380.838753184616,15901.356374943214,3.934,3.553,8040.500861392658,34856.04767834079,40388.4768685914,678786.9121067153,683.0
2303,424.0,11037.9475231501,10601.873724496196,4.014,3.532,9111.67172390522,31434.42983412816,31500.080392464544,799942.9917349137,675.0
2304,430.0,13413.886912371925,3620.55123433306,3.979,3.696,13648.800621400238,35076.124672977414,43412.493326967306,951010.4127623042,670.0
2305,435.0,5510.0899984344,11404.808431912155,3.92,3.452,11583.182691982727,19684.992738638,17843.69229050275,289664.49831347575,668.0
2306,439.0,34.250442109481796,3853.6099614840437,3.847,3.534,-113.58400001004338,5.98,5.98,173601.42903790835,664.0
2307,445.0,3920.4827044591225,10131.92552825348,3.904,3.534,7728.695996407394,5.98,9146.935949479854,262091.23624768548,657.0
2308,448.0,241.85385251191985,12307.462319670023,3.883,3.451,-113.58400001004338,5.98,5.98,22888.105312230924,656.0
2309,450.0,39.358301167831385,19586.445239767734,3.817,3.548,-113.58400001004338,5.98,5.98,49863.23264838204,653.0
2310,456.0,5044.643203310856,16740.78668178908,3.985,3.465,2667.787864209287,9531.52106275182,19588.522172557372,177241.13951921894,645.0
2311,466.0,15775.704288627989,19941.17833089249,3.977,3.544,18025.951600735814,59806.01077420628,67840.00232863506,904082.7023150821,643.0
2312,467.0,21549.41705129966,6462.326735875921,4.04,3.476,20051.49456782081,52058.969086524696,46829.555682842656,731413.5160749005,638.0
2313,470.0,7257.810897490648,32095.594631073167,3.938,3.514,10680.857515832979,5.98,1996.3681849026116,778391.8796910726,637.0
2314,471.0,10349.229233353992,13640.462432981654,4.012,3.488,13836.143149597532,29167.029533271245,27998.255567992193,817531.3945279825,625.0
2315,480.0,14107.453716706155,11360.272017459156,3.993,3.539,14540.20101230683,36120.646364328,40639.080204450205,808374.9369849237,619.0
2316,483.0,2845.8145981052066,3665.7348494488156,3.885,3.619,3355.527903466461,9645.189513568108,15595.658775806143,777637.8370120805,613.0
2317,485.0,5655.512517948853,18508.88539200627,3.967,3.629,3807.1469389772597,25624.897539420057,24523.621034098793,884346.1573297146,610.0
2318,496.0,386.2520679777904,17310.299282074473,3.894,3.606,-113.58400001004338,5.98,1045.4612945099925,489279.70366685017,609.0
2319,499.0,14608.061712871577,2907.4129454873055,3.969,3.488,18336.353775827884,39168.36862343764,41848.9788342433,580365.7119444604,606.0
2320,502.0,191.0197764209877,1816.652676112626,3.89,3.724,-113.58400001004338,5.98,5.98,427406.6950969366,597.0
2321,512.0,10164.59643844489,19576.006790877986,3.942,3.663,14517.043665075562,23342.096669497354,23529.100173922496,581916.6536087797,595.0
2322,515.0,10177.912826443664,25532.3779539365,3.969,3.549,10929.128208897127,21286.106412223566,32576.184783174584,611930.4713345913,583.0
2323,520.0,449.4773738141803,728.3998549977415,3.868,3.487,-113.58400001004338,17998.24967549842,19759.92436057175,215281.692760242,576.0
2324,534.0,6262.989194837958,7341.806113121809,3.861,3.564,13151.238277598442,35397.45936256059,28558.61238862452,749941.9569853196,572.0
2325,536.0,26614.77985030374,23967.861698370405,3.99,3.525,20470.582097853447,40024.177195069395,51237.19591836125,862547.4285881422,565.0
2326,541.0,9095.66684739689,25189.388161969233,3.924,3.613,11008.014693206169,14697.936647393073,14436.098535153931,835582.7123063841,564.0
2327,543.0,772.3885414483774,10231.246734729735,3.894,3.602,-113.58400001004338,5.98,5.98,748892.3743993914,562.0
2328,544.0,1612.7301572041451,14159.722168775603,3.932,3.636,1520.189392357412,5.98,5.98,683216.101695477,556.0
2329,548.0,21452.845803318814,9154.713161091713,4.017,3.496,19287.006637468898,58796.85667961046,56996.50098182405,938497.7859168923,550.0
2330,560.0,6047.126665489445,1030.5064225388007,3.979,3.665,3921.125374070026,20001.444470421633,14308.041809895512,710444.798314667,544.0
2331,567.0,11339.492817412945,157.77770716200052,3.966,3.658,8500.34799640758,44941.50418075251,47604.153893627656,661018.8829185348,543.0
2332,568.0,3092.53823522998,15397.532817240368,3.895,3.616,4885.47857133295,13734.922811682642,13886.426339577061,573561.7361548855,538.0
2333,570.0,961.8181967423542,13154.512695819645,3.856,3.647,488.2292242906983,5.98,281.03481755081157,341900.0788761728,533.0
2334,574.0,4204.616539725235,7200.5855817272195,3.896,3.498,8147.963847449095,14144.85544204723,16935.417711927243,225677.19116462365,531.0
2335,575.0,94.23038437197476,6584.524197666991,3.874,3.617,-113.58400001004338,5.98,5.98,356446.29803093005,530.0
2336,578.0,11289.78278711878,19410.958863765587,3.976,3.671,14463.604993983214,28895.786873660825,39930.78704326926,942277.1210689334,527.0
2337,583.0,29352.07093620894,6897.704616824592,3.991,3.584,22439.192281690215,67158.76386408725,77196.97352950368,957514.860803062,518.0
2338,586.0,848.54833322921,286.34298636544236,3.909,3.57,-113.58400001004338,5.98,9189.665455678236,803756.9014354916,517.0
2339,588.0,4249.650697011941,17097.61147109765,3.889,3.664,5149.74171738349,14666.973756823945,23190.99734273166,350562.50314040185,516.0
2340,589.0,22246.161083981857,43053.39868986198,3.994,3.563,21477.995644316445,52129.92905484054,62171.16555405338,909221.1749010585,514.0
2341,596.0,6051.445330651035,5074.407515220824,3.921,3.533,8230.005366820444,20367.2757439318,13602.355288855291,504812.4198465966,513.0
2342,597.0,5726.559827878898,13338.666332601668,3.95,3.555,7061.453926736067,42805.583010717324,44326.00718173913,734092.0145362397,505.0
2343,604.0,602.8311511377964,27124.407975369893,3.884,3.639,1031.5671097121226,5.98,5.98,203459.63926778443,500.0
2344,610.0,1012.3627747160729,9604.505393447667,3.854,3.577,2917.3239627540947,5.98,5.98,521440.1373212794,491.0
2345,619.0,19373.6255603215,16782.562328412518,4.037,3.691,13931.830831649539,47805.3675158236,65098.397129647026,941298.9815905686,490.0
2346,621.0,30857.86545815634,9086.073590675293,4.002,3.526,26272.168505970192,47765.6917816403,58211.047818118655,844651.8965819045,470.0
2347,635.0,4276.164760668934,4399.394335960958,3.902,3.521,9530.852953108246,9799.955985811077,22984.028995258348,293627.99619321345,465.0
2348,647.0,5601.060306588381,9622.056416037569,3.932,3.591,11466.079987432575,19252.93954660528,26979.61424327539,409220.89088568155,463.0
2349,648.0,9015.965077767376,22945.538029756262,3.894,3.641,16270.385947917033,48199.088112572135,54069.17835737099,755823.5421060012,461.0
2350,650.0,32470.36074628064,17314.198306584974,3.985,3.474,23049.48296359166,59878.799513722915,68428.61588635278,808190.7496053996,450.0
2351,652.0,564.7258900477498,12642.753968257155,3.874,3.645,-113.58400001004338,5.98,3430.137101388137,829088.63355561,447.0
2352,656.0,1005.2897179963979,27037.150042134686,3.901,3.531,391.3730356247952,5.98,717.9151863378793,34381.75887043986,442.0
2353,667.0,2887.121626495833,9141.112405984295,3.861,3.606,6642.2633890851275,5.98,4611.3599307721415,556685.0226301356,439.0
2354,668.0,61.49900650470206,26996.82899943879,3.777,3.768,-113.58400001004338,5.98,5.98,113457.424005026,437.0
2355,670.0,3831.2638726887494,23837.562125186876,3.931,3.614,6095.148913881276,16619.291278923003,20519.579673487966,683866.81211024,430.0
2356,673.0,612.9450285083487,6309.295419617219,3.815,3.776,-113.58400001004338,1589.056737120558,16565.24779378144,270818.8928092879,429.0
2357,677.0,7331.108351679363,24521.006557858196,3.938,3.711,10571.461961259605,40313.73018365189,48243.768305578174,955408.6687397101,427.0
2358,679.0,21459.154917180193,15143.864361158154,3.895,3.495,22186.41004350299,45672.94230249015,56470.844989855,390955.6854026688,414.0
2359,691.0,50.70064422113822,4176.843687678622,3.766,3.635,-113.58400001004338,5.98,5.98,96887.2498793424,410.0
2360,696.0,1057.77898308503,8239.596466421168,3.865,3.609,-113.58400001004338,5.98,5.98,129803.45258804,407.0
2361,704.0,3799.985203119326,19474.573002114885,3.819,3.753,5032.29677639827,7957.931547363989,12934.935917129045,857589.4818734714,406.0
2362,706.0,6610.475545739019,12519.061537400768,3.867,3.514,9552.10862868226,32277.543747051328,36912.56382973612,489276.6483157115,397.0
2363,710.0,1019.0950891518478,25305.93459717741,3.902,3.635,4325.946807557871,5.98,5.98,92425.35523001448,393.0
2364,713.0,30912.954135992775,10064.379323898556,4.0,3.537,18383.1594976898,68719.87718024931,71171.44539209605,794762.3288054826,391.0
2365,714.0,451.17911199008785,6527.5342497631245,3.831,3.633,2356.644070834707,5.98,5.98,40751.030602181985,388.0
2366,717.0,9074.750573783036,6417.829699141025,3.896,3.618,13963.15322334616,21865.24471539413,30984.846744717463,577160.7170569978,381.0
2367,718.0,1027.2430931095541,16529.94246745831,3.859,3.642,898.0214221236079,5.98,5.98,107806.16606276023,380.0
2368,725.0,2933.9110779711586,29473.34168132558,3.855,3.526,-113.58400001004338,22981.89855715401,35339.233756356334,107362.80895017006,378.0
2369,726.0,1101.5823835940648,3867.633825583949,3.842,3.695,320.0284928285646,6585.383244827668,11714.29776792378,463394.75899601687,377.0
2370,728.0,13883.351362338006,15855.462621045976,3.89,3.665,17275.992225754573,29877.003426644038,33966.569583357494,663565.1161342706,371.0
2371,733.0,3402.870782764462,2910.8559260995653,3.861,3.667,6100.108003684125,5.98,5.98,485498.43494718533,357.0
2372,749.0,3063.610192845201,8384.026079892476,3.846,3.719,6179.746515737244,5.98,9684.130396396315,663071.464507888,356.0
2373,750.0,1131.0789111313384,9439.128006048864,3.835,3.52,5912.341739432372,5.98,2292.0980078513867,568489.4149662424,352.0
2374,757.0,567.167235406491,7054.12346919017,3.815,3.632,-113.58400001004338,3482.0278321013784,7160.030227233361,130672.10794607957,347.0
2375,758.0,25.401703800484636,1805.829813281688,3.843,3.686,-113.58400001004338,5.98,5.98,616977.7112894328,336.0
2376,769.0,873.1756648828103,24132.680769044513,3.871,3.545,-113.58400001004338,5.98,5.98,51869.036490085375,331.0
2377,773.0,751.1354831450537,6175.2806344263945,3.813,3.695,-113.58400001004338,2511.0959463286304,10167.441670019918,448701.70015082735,328.0
2378,774.0,828.4405520034495,21697.20465825499,3.839,3.594,1137.548129778957,9144.723250515777,15443.553980937771,258402.1730925087,325.0
2379,784.0,1908.7846008989657,22085.654995798384,3.833,3.683,5475.713033277289,5.98,5.98,225278.60159190503,321.0
2380,785.0,1933.2602503212347,23983.799434107295,3.813,3.604,5769.910073412118,5.98,5.98,401558.87961735955,309.0
2381,799.0,6546.1408379601435,8898.976983376357,3.903,3.55,9153.833279220042,13146.192134045796,23331.068624162115,614659.3533936061,306.0
2382,800.0,3290.9857367029826,5402.349863227253,3.883,3.62,4500.457343847893,10080.702434867264,24739.785357481793,629946.5782866151,301.0
2383,802.0,13642.179788738344,31241.495213365342,3.935,3.604,17102.453323670114,33045.37876635475,35881.762322519586,839161.6892628928,300.0
2384,809.0,2821.074663325672,2839.3811491907036,3.892,3.725,3675.442049179265,2447.2129478795873,7942.150719053607,567741.9760872946,297.0
2385,815.0,6825.178801530408,4425.791795934515,3.941,3.651,9975.50547082822,30208.486944188946,31919.287612482396,840507.1057180553,295.0
2386,817.0,22902.244468667148,17836.963081074748,3.99,3.697,21010.685466137005,75364.36545650646,91214.56890964336,956723.7145073871,283.0
2387,827.0,3421.5701474461325,11313.382578911165,3.875,3.604,6107.23476831646,15337.928042962027,17978.49227466192,789864.3171407462,271.0
2388,829.0,11.872374181847821,12671.451779031133,3.686,3.741,-113.58400001004338,5.98,5.98,24807.32269255088,259.0
2389,845.0,435.5490939307729,1320.1607750914004,3.802,3.626,-113.58400001004338,5.98,5.98,243154.18555395197,257.0
2390,849.0,14048.81698954023,17467.93078271061,3.9,3.671,15628.769422669346,46018.08578302094,45834.42747355458,942950.9381648956,254.0
2391,855.0,1576.7413308693767,7780.1602997179925,3.804,3.745,3175.1162654502823,5.98,5.98,668908.4383799827,252.0
2392,858.0,8378.98250787643,5521.45299067841,3.817,3.667,11985.29626641679,25812.146267388925,25067.70594797261,690356.9199862821,241.0
2393,862.0,1214.5380870708502,20023.758227597984,3.856,3.558,2198.6968558884155,1408.2670417513823,15312.421968876019,310001.8687464932,236.0
2394,869.0,2149.3208174916563,23247.56702037786,3.854,3.598,1436.4004033428737,15023.310336583021,21781.562892988237,193828.54099833636,235.0
2395,870.0,30503.9696154055,13021.9723846962,3.948,3.579,23785.49851560864,59224.08746332262,76005.40745851526,914654.1128342953,232.0
2396,877.0,1683.2743951335067,15483.93680756319,3.819,3.758,3489.225195149086,5.98,3449.815603308798,627271.270808756,229.0
2397,878.0,3298.099391779686,31018.004036427265,3.88,3.708,7393.29331502413,15385.55680942628,24219.816772940663,560741.0052365833,221.0
2398,880.0,2161.400534381379,4719.994101303882,3.793,3.698,4820.514128652509,6148.238086724926,13173.392908605661,422891.04170376575,218.0
2399,886.0,4415.151623027644,3609.083438934086,3.875,3.629,7323.5041641226835,22645.796345520495,31189.053438034767,399721.6341130772,216.0
2400,889.0,4343.131786151772,7697.33105809899,3.854,3.578,5958.096034060776,11223.49876152848,19984.39075936453,495850.24163830106,213.0
2401,891.0,1273.4406690717046,3854.3552854502796,3.858,3.773,-113.58400001004338,5.98,5.98,457014.0912725885,205.0
2402,898.0,32.30353470108187,1890.3231344364438,3.783,3.716,-113.58400001004338,5.98,5.98,264245.25386460917,197.0
2403,904.0,240.4736359976322,3535.8656217477483,3.761,3.706,-113.58400001004338,5.98,5.98,213365.84328731772,196.0
2404,911.0,699.8546546245657,19710.168008491524,3.811,3.51,-113.58400001004338,5.98,5.98,179966.8824490301,195.0
2405,916.0,5977.182804384288,26484.599808524006,3.893,3.745,8260.519456487908,14432.21808577717,21566.927709596373,702332.9888401374,191.0
2406,917.0,35165.5963537841,12098.930719029442,3.973,3.473,27499.549196683693,63538.551777919914,67018.04925623008,836685.8996450143,190.0
2407,919.0,1226.5428432861681,7353.729091405509,3.859,3.64,-113.58400001004338,5.98,5.98,121903.35489488672,180.0
2408,925.0,25.7751664950692,7790.616343686033,3.788,3.849,-113.58400001004338,5.98,5.98,350138.1527358822,172.0
2409,935.0,2112.8185431677625,7936.632969057123,3.847,3.67,2001.6892093249933,5.98,4769.432911226903,799807.0467723026,167.0
2410,939.0,535.73416267281,7242.180702867207,3.798,3.583,-113.58400001004338,373.794569023431,17982.070578302773,528734.5795939615,164.0
2411,942.0,501.046154519092,8011.358214130215,3.797,3.608,-113.58400001004338,5.98,5.98,186399.85238678113,154.0
2412,953.0,586.5764280765476,1061.750334375644,3.787,3.785,-113.58400001004338,5.98,5.98,81299.88578769605,151.0
2413,959.0,3704.0368803046817,12122.848373262477,3.826,3.59,7592.007606316709,13299.592146380288,19043.371983261248,83815.9745183513,145.0
2414,963.0,9109.550793046448,5629.659951877462,3.824,3.609,13426.611281556741,31913.221533301883,48775.79644220021,732168.8199011945,143.0
2415,968.0,1481.6261259343628,22870.039453665202,3.852,3.741,-113.58400001004338,5.98,4832.113670802268,415519.31418651895,140.0
2416,970.0,799.233235520436,5504.780177143979,3.814,3.759,1869.4400696191694,6283.7376042368205,12282.534396324176,550056.8751122834,139.0
2417,972.0,21568.436298211043,14585.541793467924,3.947,3.562,19155.817923678864,56687.12135433615,64725.58687292684,951327.2557290966,134.0
2418,974.0,214.52802575746537,8108.66518599827,3.78,3.738,-113.58400001004338,5.98,5.98,362594.6598483447,131.0
2419,977.0,805.3003857032852,3349.5899722198787,3.792,3.719,-113.58400001004338,8052.41195957315,11877.944484883566,561561.924138635,125.0
2420,981.0,14649.379547350269,18128.420869461937,3.904,3.595,15767.122194944839,22487.236636797505,36117.61354405292,541209.692126105,123.0
2421,988.0,7810.087005633368,5457.378388576173,3.845,3.725,11093.662561688272,23478.146565361698,22233.53026835422,512364.75960024464,121.0
2422,989.0,1702.4168686750959,201.13742909846405,3.79,3.61,456.50281672465553,6496.44743281865,19418.70652778539,179530.7833560332,117.0
2423,992.0,3306.403599400813,29387.94974404158,3.842,3.783,2170.348249501092,21534.979233505946,39930.096036001596,733074.4662900354,98.0
2424,1006.0,295.1355136472847,13209.822703148791,3.739,3.774,-113.58400001004338,5.98,5.98,8592.404672552,95.0
2425,1007.0,2721.849782964314,2525.6930988036484,3.831,3.723,5073.872320334382,14820.086706878372,20666.32648847955,844914.9501361793,89.0
2426,1013.0,4295.349632564002,2253.8750175511464,3.859,3.74,-113.58400001004338,7368.245530246741,13477.631732711097,878721.0828202063,71.0
2427,1032.0,8120.568727652899,20373.095999493144,3.87,3.597,9247.72996309354,18994.554969764285,27113.223353846704,196254.30696204113,69.0
2428,1039.0,7788.546483515957,3440.579217399464,3.823,3.762,10135.235554896492,24554.948041158365,40391.572492216095,755749.483561116,62.0
2429,1040.0,16472.507140537506,34574.035928122576,3.885,3.584,15636.133468356706,42604.71394892779,55050.43505909731,938532.7079311261,59.0
2430,1042.0,5484.384379540706,8875.995040352023,3.848,3.724,8389.60566145674,25789.793538527618,47188.92969780764,831912.3026493815,54.0
2431,1049.0,255.8488600163206,9947.106179664679,3.79,3.823,-113.58400001004338,5.98,5.98,170823.10803594545,51.0
2432,1054.0,7002.183798702146,20444.97334507036,3.844,3.637,7994.661988065871,34983.32752744903,33509.16368493538,576381.5907147046,47.0
2433,1061.0,702.7383636825863,13724.710237867625,3.804,3.703,-113.58400001004338,5.98,7012.8434506145395,417300.6228022953,35.0
2434,1070.0,221.33254221767865,8652.996869371407,3.801,3.682,-113.58400001004338,5.98,5.98,161020.1222620331,34.0
2435,1071.0,1394.7413649270336,20444.81322544758,3.796,3.777,-113.58400001004338,1293.6500326997866,14853.346405562155,484016.9963385999,33.0
2436,1075.0,14827.88322623115,17447.084175240303,3.872,3.597,19835.45748445591,48335.007999883834,51653.5826676747,636263.6131641044,31.0
2437,1081.0,274.55925473729286,4816.663481392572,3.729,3.732,-113.58400001004338,5.98,5.98,413349.9209784194,26.0
2438,1083.0,311.2279535563659,14274.904765110074,3.78,3.802,-113.58400001004338,5.98,5.98,379295.78931491025,21.0
2439,1086.0,22975.817810806624,14775.427459479975,3.926,3.54,21054.38671347635,50122.95413361699,51826.08680242865,874067.0903067406,12.0
2440,1093.0,185.33855187648308,13123.057733505775,3.739,3.735,-113.58400001004338,5.98,5.98,151410.37900660513,11.0
2441,1096.0,5704.805918930031,19094.921612860773,3.802,3.72,9825.241298752098,22299.74431853788,28909.99445687948,701478.5534747641,7.0
2442,1105.0,2763.1409021753857,6073.562675881917,3.8,3.81,-113.58400001004338,15494.702533394684,31683.2780341642,907515.1062194963,0.0
2443,1.0,30903.713523466537,3809.535630320814,4.123,3.258,23943.007945620262,57607.577461757784,62117.06956713302,837192.1165821275,1133.0
2444,2.0,35804.704341191326,24598.565863497726,4.084,3.424,22845.09615358092,68981.87229773139,71911.75288159316,937924.0360858152,1119.0
2445,3.0,98.89278650645349,14327.125726100476,3.965,3.398,-113.58400001004338,5.98,5.98,107723.07835496159,1109.0
2446,5.0,14890.743020685322,14640.237543447187,4.071,3.369,15724.273744751816,52593.778520185675,53368.01890159729,826964.4198300967,1102.0
2447,7.0,1548.459044144718,9601.11807425191,4.072,3.498,-113.58400001004338,5.98,5.98,685747.1119839734,1099.0
2448,9.0,6006.396925849817,13161.241550340386,4.034,3.488,11268.970872216007,7604.292956007347,11589.251921016345,634992.1892994184,1092.0
2449,11.0,13428.236307354484,14637.066760772865,4.024,3.406,13524.490882992579,32931.89694534921,23828.677209613375,813591.3506495587,1091.0
2450,16.0,2592.6787580965374,3272.257053180487,4.016,3.57,2204.1302139166537,5.98,5.98,257781.28537998223,1081.0
2451,17.0,831.2106309014815,14395.774459740092,4.0,3.558,721.655588958613,5.98,5.98,710138.55875695,1075.0
2452,30.0,10790.87493073278,16143.898575423009,4.037,3.532,13836.012063337332,42612.398918922074,43807.00186150624,779232.944811841,1074.0
2453,37.0,1601.2566831068364,3917.136422346596,3.973,3.546,3088.0170897720054,5.98,5.98,295883.32360098127,1071.0
2454,38.0,42440.94027863419,56285.63740503879,4.108,3.392,27668.55724912759,87628.07561025862,86730.52624200966,883202.2545032838,1067.0
2455,41.0,60.030520639137926,11612.34577771862,3.887,3.56,-113.58400001004338,5.98,5.98,367851.06330006314,1061.0
2456,43.0,2451.6692887422723,15838.87868616376,4.015,3.364,4335.099748299386,1443.4133661741785,5.98,220937.65066190902,1054.0
2457,49.0,4039.770749180319,6766.027464392581,3.998,3.495,3193.948244796545,16706.896668769157,20328.108649417518,901876.8319831747,1045.0
2458,58.0,14799.1026660631,9941.137299801558,4.14,3.352,10554.811264206764,23551.130216753772,17195.085239917702,810378.6489344162,1043.0
2459,60.0,723.3857886173366,9658.34111878656,4.021,3.446,-113.58400001004338,5.98,5.98,150970.26680592546,1042.0
2460,66.0,11496.969730882714,2410.934969059879,4.04,3.338,17466.41778166981,29336.745064466577,24161.013354193852,452679.1557238444,1040.0
2461,71.0,17930.024263709947,246.72586008124404,4.075,3.456,18708.09217664035,31693.570989635424,33739.3588088068,900627.5052752516,1034.0
2462,78.0,14855.933986553324,8283.686829460894,4.061,3.445,14453.14513986144,35410.463226966676,43717.2734678775,820264.7630992441,1026.0
2463,85.0,1427.8755582815159,14741.83844184837,3.998,3.338,360.37603347785125,5.98,4441.993828450601,362481.84417742316,1018.0
2464,86.0,31694.178843888472,23149.972610379456,4.097,3.401,27318.328143755192,63894.756893291706,59063.1476730678,828502.9777189681,1008.0
2465,94.0,12365.304938815998,9962.095411484323,4.044,3.312,13516.172362571748,18737.6382242159,26016.857243277933,598994.099694765,998.0
2466,110.0,1015.1101297710063,1270.3214762090638,4.01,3.471,-113.58400001004338,5.98,5.98,414997.5888017131,985.0
2467,121.0,317.9038298479659,6747.059838246628,3.945,3.455,-113.58400001004338,5.98,5.98,246620.4361613051,978.0
2468,130.0,1067.3448499380743,4081.366667767399,4.013,3.437,-113.58400001004338,12433.814218821986,17782.4357725304,455400.2715878766,971.0
2469,135.0,7494.118832979943,1126.6922582421041,4.008,3.616,11426.684418229172,21487.928988178326,30507.434778981107,916374.9797860463,967.0
2470,142.0,3636.2180743287527,5844.842916919476,4.001,3.559,1963.0196647566393,8542.691785197783,8510.993753570849,928326.9364219644,966.0
2471,143.0,9279.54290454911,2691.7865402939515,4.018,3.466,9905.584849552102,12183.93924890822,21243.1288862312,576378.1223646634,958.0
2472,146.0,21432.864786324717,13405.895330240019,4.071,3.352,15099.422552061063,48745.301361681544,51617.832833114146,764866.3335147995,951.0
2473,158.0,2018.429839844313,10286.452578457018,4.011,3.583,106.90764036193286,6679.049347838441,12575.392529240267,569652.971314594,949.0
2474,159.0,1722.296574801805,12898.52979532996,4.008,3.409,3931.6784308932147,5.98,5.98,430517.0181953671,944.0
2475,161.0,17793.186601591526,7510.216232138139,4.01,3.364,15754.1605627348,43684.73361037424,58394.75608961288,750766.0183177354,943.0
2476,162.0,9778.74376936733,23446.445140667693,4.018,3.582,12062.5488919014,37730.39515905502,38491.49997611522,902836.4003398807,938.0
2477,169.0,25141.157287343274,32034.37980326529,4.038,3.413,21661.741303603398,49199.70227074179,51993.98761562088,653432.9459135858,933.0
2478,175.0,41258.65671949986,10880.765127239629,4.039,3.509,25045.767907568817,77084.70816816513,88857.89042770397,957362.6314667751,930.0
2479,179.0,3863.585068863849,8242.628783129658,3.993,3.418,6911.341910447787,15784.89729645984,24430.828545819095,649400.0340695006,923.0
2480,186.0,1563.6789180069384,13508.804895889618,3.959,3.545,570.05941278109,8366.828295321575,12153.918707571005,900070.5336496087,919.0
2481,190.0,2520.266250364078,11895.175042488801,4.026,3.346,6045.643716430684,1262.5787785712446,6350.978606762593,259264.1714595026,905.0
2482,198.0,14274.211769987016,4724.777434506765,4.095,3.4,14786.833216022735,37343.67038227637,41487.872708890616,923114.6576045394,903.0
2483,202.0,3931.369432678243,18095.890802973572,3.995,3.479,6416.282338109913,9978.142858526835,21877.067765111045,928342.312791131,893.0
2484,209.0,9350.243228579764,7857.860796668754,4.03,3.48,14025.89524012396,9915.56459973737,6171.721487432793,778025.8861059524,891.0
2485,215.0,808.55640113999,14774.08277990625,3.942,3.553,-113.58400001004338,5.98,5.98,98929.2804697694,889.0
2486,217.0,14851.179844679416,15596.713446543992,3.985,3.591,13515.244247022427,29916.36626791391,25904.349827611903,900245.0909598683,888.0
2487,222.0,2862.0867520325905,1553.9048888325551,3.998,3.571,3971.4925468170445,251.02450294832852,5.98,525110.8683723847,887.0
2488,224.0,1875.6456658037644,18288.153212838846,3.935,3.529,1542.518924107374,9623.35864197584,20069.002328550036,748528.837094941,878.0
2489,230.0,11320.493644097027,10996.810195636252,3.996,3.479,9580.695256817482,27678.801457031226,30947.257627987747,871473.9801976193,877.0
2490,231.0,4155.214080051778,13878.210846212438,4.003,3.512,6314.174916102131,1154.5654532496146,2383.1282324316207,551316.4335387738,869.0
2491,234.0,2543.035157430452,14655.238345314767,3.979,3.355,4203.466339822106,882.188033340798,6652.402819611034,221812.6515034262,868.0
2492,235.0,6535.750166608854,11215.802114489175,3.955,3.673,5760.851252919912,11893.25749020992,16636.085108258107,854305.8057681876,865.0
2493,238.0,38338.833395917805,19308.505328243442,4.08,3.41,25360.160695177437,81483.09097716845,85093.61919479544,941712.4784476078,863.0
2494,239.0,6273.287871383987,11944.218909928233,4.003,3.476,11315.418718930321,20447.223882114013,18724.903073098976,507485.32102837827,861.0
2495,243.0,5663.5488998530645,15850.13078152288,3.954,3.392,6310.988079612095,10889.097251907097,8565.946186975354,526895.3351690081,857.0
2496,244.0,5947.022664002827,39512.98781588336,4.049,3.634,4654.992808429144,6897.294421338909,7462.766844824919,745721.8939485021,854.0
2497,248.0,28785.515583078606,10998.315301490977,4.018,3.426,20585.407073610084,50382.777474952294,53172.66483051339,834806.8363936851,851.0
2498,257.0,27863.079944855923,25911.257774220834,4.008,3.348,22604.14045513628,48925.2970457402,57480.302089179524,872499.787796857,845.0
2499,263.0,2043.8315315202112,4184.723646722008,4.039,3.565,833.1229686939064,290.8640560987942,5.98,232317.0703636964,830.0
2500,276.0,23742.493369615826,7471.847531318605,4.014,3.441,17317.88786494239,43474.54823162165,49155.44230090448,792673.7514511088,827.0
2501,278.0,234.81663730696133,9815.246529516986,3.911,3.55,-113.58400001004338,5.98,5.98,4482.072267943797,817.0
2502,295.0,1591.177333828067,18377.950836016087,3.909,3.507,3339.6059584595237,5.98,5.98,524443.9438885879,814.0
2503,296.0,1241.7097876009684,11211.924367590953,3.915,3.5,-113.58400001004338,2279.8582307233273,12680.610251762206,369620.87385285704,812.0
2504,297.0,4494.835164240888,7789.459578079136,3.95,3.632,9417.394447714883,19711.174413132685,17544.07034364871,608887.6841443718,805.0
2505,302.0,4165.812141590098,1406.1619698056886,3.982,3.486,4969.592647020859,13666.756325850658,8164.036653106041,434062.4346117084,796.0
2506,310.0,2314.82476272012,1838.4817352195441,3.903,3.504,3527.662541983336,5.98,7280.195037003309,685363.6087082907,781.0
2507,326.0,6519.894819912693,12507.31821534114,3.977,3.521,8915.760495070013,24663.165770192576,34212.673964761394,936736.1011477413,770.0
2508,329.0,1316.3408518109693,20483.762136437665,3.915,3.526,2760.5061262287472,5.98,5.98,213753.78747572057,768.0
2509,334.0,7862.268941742594,11174.82839136141,3.995,3.502,12935.967159723908,26875.53770795909,27354.58032241872,642282.0020035163,764.0
2510,339.0,68.63436025658318,21094.85234966959,3.939,3.68,-113.58400001004338,5.98,5.98,154181.38086353053,761.0
2511,352.0,13604.866087867102,19975.14032533032,4.011,3.386,19844.974527672744,44315.066022060986,44259.88017479279,823597.8523723487,751.0
2512,355.0,2656.9860453756146,5334.604303235794,3.87,3.659,6699.430838925042,6738.210597491774,14979.135791487057,754778.2576595537,746.0
2513,357.0,12306.076913726087,11945.401281603165,4.023,3.372,14736.041006734547,39521.08532015642,45574.72159755968,895386.0521069122,744.0
2514,366.0,8123.674553874934,9556.003566810108,4.006,3.556,11000.655750014259,17907.539035757676,32844.11198161811,506793.50236767944,742.0
2515,367.0,16183.25612559281,6292.840506585379,4.093,3.483,11400.953994207533,27182.955920747092,35650.56902692714,759167.5280294456,732.0
2516,370.0,7861.482755894286,5502.126653799398,3.953,3.375,10617.94144817685,41592.82798507203,48562.37608747392,821601.8261872968,727.0
2517,376.0,8174.670254985938,10078.821845796516,3.958,3.591,13965.659747997128,13321.406632351242,22773.771423558133,789770.7327837795,718.0
2518,384.0,2308.4707052095737,7159.877861739042,3.943,3.577,1905.5221219212672,826.5742781943827,13624.82168172612,733226.2760932925,716.0
2519,390.0,12610.52999076279,13633.691565451714,4.045,3.394,15706.19753087572,18724.45810304169,15129.165732775105,479976.95376282453,713.0
2520,393.0,21819.169741489135,7455.3990619950155,4.041,3.255,20106.402853649153,47284.210324529864,48099.65328180075,883718.2682645236,702.0
2521,397.0,1754.0092816065676,22476.87166109602,3.956,3.7,1982.7034677076022,5.98,5.98,693654.6007749701,695.0
2522,407.0,12136.863727789292,8518.430931841101,4.012,3.557,11928.866674875067,40918.806833312265,39800.064136434754,748858.4055545093,694.0
2523,411.0,23804.096478240208,27352.508195559643,3.972,3.529,25346.345996883443,39804.91006464306,51200.8523733062,779592.7297897037,686.0
2524,422.0,9799.013538110039,19182.852785014376,3.957,3.657,12145.533504983961,23177.620279354633,23551.3893564556,866032.0929102745,673.0
2525,431.0,7116.868221218386,30746.27230324323,3.97,3.471,9084.720804434759,19592.928584104866,29942.59188626377,709959.5745559925,670.0
2526,439.0,3369.6372940126216,12698.527782452962,3.946,3.616,8128.767367554639,5500.188047495935,3850.6652704593826,441404.4367055137,665.0
2527,443.0,2729.4092390078563,3145.795086510308,3.882,3.479,5819.215590211631,13753.866620390098,17140.650671507705,391444.67043573444,658.0
2528,449.0,2060.795855124001,14593.350851228584,3.945,3.675,2035.4671632966754,6414.073531486757,14076.55515620066,746817.7891147374,655.0
2529,457.0,5490.885095381135,8610.495500887742,3.929,3.349,9075.530803506801,25172.071844032136,28634.05332421355,596900.3919566158,638.0
2530,467.0,18146.226231238175,9579.534813713348,3.984,3.55,20275.937645359056,46399.50156856235,43097.35212134234,854348.6279052331,635.0
2531,472.0,13901.47294224275,34813.63923661697,3.978,3.583,16763.83166954829,31943.307290023673,35370.27078704618,693521.489069518,630.0
2532,474.0,281.1208684364825,19783.908911952498,3.901,3.665,-113.58400001004338,5.98,5.98,288931.012904149,625.0
2533,480.0,627.9252024161458,16966.47054314972,3.857,3.751,1199.5498864488632,5.98,5.98,403024.1918877908,622.0
2534,481.0,1224.2776204954805,10138.794208224306,3.911,3.524,2940.477224172276,1539.740678893434,6162.246476051695,191143.3198153592,619.0
2535,491.0,292.70019416390926,9511.72559761543,3.872,3.598,-113.58400001004338,5.98,5.98,434643.0642565583,616.0
2536,492.0,1125.0915869863247,31942.8479319002,3.979,3.545,-9.65362962715335,5.98,6799.68825255058,523334.23762147024,610.0
2537,498.0,7857.14716566225,10172.971420508162,3.948,3.525,10180.302440343503,28523.69135072234,45006.04023812837,820211.9205956485,606.0
2538,499.0,2422.020154385365,14663.62530992971,3.948,3.512,2829.473374209059,5023.467858433323,13622.144876498005,526934.1460827162,595.0
2539,502.0,360.0137395094808,7996.676176145067,3.858,3.677,-113.58400001004338,5.98,4849.904909666612,153329.53768392268,589.0
2540,522.0,128.53830253143684,8611.447397409473,3.778,3.672,-113.58400001004338,5.98,5.98,162740.55882752145,588.0
2541,523.0,22866.063528768984,23310.666175126622,4.019,3.395,22060.146316416165,31930.85112796886,32806.29466737641,711030.5231786694,572.0
2542,535.0,14685.527798054516,3145.315025929441,3.931,3.473,15828.912170783788,35668.28378587446,51484.51215255952,798755.2578637513,568.0
2543,537.0,35325.93743663187,19081.90032273891,4.068,3.376,30512.77740688384,63461.68425950543,74483.89342978848,871155.7030815171,567.0
2544,540.0,607.7264035033081,7895.34906666595,3.92,3.526,-113.58400001004338,5.98,5.98,126808.47509849069,566.0
2545,543.0,9841.480701209557,6434.160045528423,4.015,3.345,10422.56026054925,32397.447137524417,33518.01670943977,445917.13814325735,559.0
2546,546.0,3163.5630585850427,9098.69229648981,3.864,3.578,1465.138440856496,9464.330689200568,3315.0074410322777,234365.0597935504,548.0
2547,554.0,5621.111017335746,14987.007877229451,3.917,3.644,8571.72040941519,28171.86035937352,32985.86348954924,882190.8387992394,539.0
2548,569.0,2607.551502764007,21277.12021781021,3.884,3.692,1674.4656350029118,2112.336636992719,397.1373863366862,476306.2034350147,524.0
2549,583.0,6174.812538814614,20980.22565172278,3.924,3.593,7170.215655615498,21437.743368579926,30247.995064961244,617427.9955085039,519.0
2550,584.0,10811.67215616128,21.438702868111477,3.928,3.57,14474.652476129526,30179.536976660675,29105.886907640946,775923.7084375125,506.0
2551,593.0,2872.466573160663,7657.6492710442635,3.921,3.687,-113.58400001004338,8576.711041729268,9781.798121614502,168456.57462177754,505.0
2552,601.0,14275.429620868837,7499.710657855828,4.006,3.496,11943.607691822088,34088.046179640114,36278.958762208546,740856.1718447277,503.0
2553,605.0,1793.6247078404338,19373.95767927133,3.924,3.597,2127.6988803299164,2678.3614229927757,17313.64107561435,541867.5492411893,497.0
2554,606.0,667.677002739489,10629.285253710514,3.837,3.539,-113.58400001004338,5.98,5.98,20768.44575351612,496.0
2555,614.0,8310.8343715311,16553.55546990028,3.94,3.481,11552.131863165398,25483.66862968389,27511.53367578893,762112.4604028413,493.0
2556,616.0,1471.252687156994,2058.69583765642,3.856,3.558,203.24953713579953,1506.0034150163433,12128.85072915871,215547.98591409833,483.0
2557,626.0,1069.3694603030674,4664.352841492729,3.922,3.678,658.1020544345383,2617.3084688022086,7837.12510529017,835930.1361991627,479.0
2558,629.0,5069.853286656783,8223.200627715687,3.885,3.424,7882.06548096207,17757.922265128007,27430.566368987267,450769.71871608193,473.0
2559,635.0,6784.740088192261,17871.1093193179,3.954,3.637,5379.91758443413,12082.0416013168,30875.424209656812,447989.17458347924,465.0
2560,636.0,2963.8221816184723,7242.025886682488,3.938,3.613,4147.277854313956,5624.013531951846,6639.624821672032,323305.8646203758,461.0
2561,641.0,1563.3836264655242,3006.079216900848,3.832,3.588,5225.088548278706,4085.1848185587214,6579.584861443698,469509.3539413212,458.0
2562,642.0,11350.23373986845,29812.949424481354,3.92,3.561,12377.152370512315,36375.70385071219,39052.83185994652,478920.5917611304,446.0
2563,660.0,4420.692318484888,9550.823034589404,3.898,3.546,8380.04670148484,15012.146839164889,26026.75181620784,265593.34375080996,442.0
2564,661.0,454.66309150473046,12542.60723119447,3.801,3.649,-113.58400001004338,1268.9493346306672,16408.01395296758,248156.22527325607,440.0
2565,665.0,116.28029671084818,13696.535546906038,3.871,3.65,-113.58400001004338,5.98,5.98,406317.545664726,438.0
2566,666.0,267.59864475915555,9334.673675960368,3.86,3.62,-113.58400001004338,5.98,5.98,207297.45399715117,436.0
2567,667.0,23.071621679220023,1012.6629301858432,3.782,3.69,-113.58400001004338,5.98,5.98,96517.04343611794,434.0
2568,672.0,8015.486459833724,8072.590002220374,3.901,3.639,7925.65955935346,28334.567891595045,31659.334785574647,772721.5779812727,432.0
2569,676.0,9396.632426087943,13920.517889590035,3.826,3.631,15882.005645912419,28680.3727379044,40331.610437122385,709387.3802106935,431.0
2570,677.0,2203.3567144925864,18278.437261837,3.909,3.485,3676.6075742873622,20892.44448925523,23934.343153547088,227682.8172515878,430.0
2571,679.0,11864.11460109076,17189.948226566703,3.892,3.503,16390.174663455287,29309.056926771926,41380.08744566,431723.97812355123,428.0
2572,680.0,23802.899896370094,30533.761475467534,3.983,3.47,18981.31804638074,53442.06468351632,60678.35006096266,917313.5653668651,419.0
2573,695.0,6861.736458563445,4398.5519245551295,3.88,3.652,9224.194537938387,32140.353586565623,36191.61465033264,874911.4648497535,411.0
2574,696.0,16023.803831606701,14473.52895510046,3.872,3.646,15602.759955952206,32855.79533568742,28435.24437368256,714011.7524654584,408.0
2575,699.0,556.1192209203995,700.4298618339818,3.831,3.693,-113.58400001004338,5.98,5.98,249989.66230911785,398.0
2576,704.0,105.99222615912261,21377.008657632763,3.78,3.699,-113.58400001004338,5.98,5.98,164237.28838533713,392.0
2577,708.0,4380.815009610481,12529.365184997689,3.859,3.706,6965.570648792803,16625.376107493674,21483.731320078496,134179.41656335775,387.0
2578,718.0,2276.852521367837,13374.29551502228,3.776,3.542,5343.627018847579,23667.972798433857,30334.212132359215,74081.16640090487,380.0
2579,723.0,5854.33131356338,24117.00855375897,3.93,3.582,6467.660970453437,24648.741490880104,36780.14209885149,827368.391202089,372.0
2580,733.0,30019.64937905931,23733.79146615358,3.984,3.551,23209.68514064727,59947.478628870056,69191.44152701767,855659.2202872087,369.0
2581,735.0,774.0704500831939,8352.692001273197,3.852,3.721,3273.5005725501696,7055.13461977017,14820.684325008206,679406.0805563632,368.0
2582,738.0,2517.6887726416558,2538.4911729680007,3.85,3.645,6983.434166815923,10476.818205441974,9435.662834061271,391706.81400007725,364.0
2583,739.0,8413.060447582386,3530.093666459365,3.949,3.666,14340.541996475486,29863.03987933558,43255.094784832,928605.3405226596,358.0
2584,749.0,4520.612369744918,11604.844026236704,3.877,3.701,12711.293098963695,17251.56427841239,29200.664759798296,843465.3544541281,352.0
2585,752.0,21163.942532705292,20596.260142502666,3.956,3.585,18541.57050716055,50866.61801337081,60186.53992048154,910653.4803097952,350.0
2586,755.0,11751.162360974029,19232.994193836315,3.874,3.504,13972.529204854018,44328.86879734186,42783.13246326989,777392.4882625145,345.0
2587,760.0,12.194589725945983,16200.390050727146,3.777,3.588,-113.58400001004338,5.98,5.98,1691.3568158838943,344.0
2588,763.0,299.6823506952336,15232.246827420939,3.781,3.664,-113.58400001004338,5.98,5.98,207988.2285228256,342.0
2589,769.0,18612.34936763818,16642.434411812555,3.939,3.453,12972.228085684641,52288.22754900463,66654.33647485872,630839.5349259445,337.0
2590,770.0,3585.9874675684873,861.7127214390994,3.897,3.549,6602.6352437409605,12957.942811446861,18946.620319226568,489397.73050808266,326.0
2591,776.0,1364.5748012809365,6673.431222690481,3.908,3.591,-113.58400001004338,5.98,7210.461762722327,127286.08463564598,321.0
2592,780.0,15171.569308624128,2487.4562156366255,3.952,3.718,15317.089728788094,48453.918006500375,59969.811415590775,940911.2361185638,318.0
2593,782.0,720.6581528274595,9059.928764611748,3.829,3.636,976.4152929611405,4977.778489587039,15209.130445637009,272123.9742042507,316.0
2594,789.0,8749.060517245267,2241.6553980100343,3.918,3.72,13233.379162096904,30813.42981411344,34493.3028244136,882338.8943940275,303.0
2595,795.0,5103.322665694094,4587.489678097776,3.884,3.646,8724.875957027909,22622.000643312193,27262.547008699214,340992.0451293382,301.0
2596,809.0,1279.2889770024506,9952.895603061232,3.848,3.676,786.755357202418,159.73680013313242,6660.579127721783,251459.463646715,297.0
2597,811.0,539.9739084732239,6573.519186241628,3.823,3.787,-113.58400001004338,5.98,6403.572244487219,548821.4931241891,289.0
2598,820.0,469.02542498087365,8939.670161905207,3.865,3.508,-113.58400001004338,5.98,5.98,188571.6330668066,285.0
2599,827.0,555.0620563603493,9666.75917027269,3.803,3.738,-113.58400001004338,5.98,3202.7795018555835,419298.18499823025,276.0
2600,828.0,4079.964463942341,3953.6513379774947,3.84,3.638,7705.899279175132,18625.053227749693,25741.22148199458,592901.4033955741,275.0
2601,832.0,1053.2801856336216,1816.7738652094633,3.829,3.747,-113.58400001004338,969.0209824586982,3028.8418732372156,348865.7676307751,274.0
2602,834.0,4896.405651337441,27581.881454532824,3.864,3.621,10334.662549240496,6272.3724729686655,18629.986305596154,801997.776992089,273.0
2603,836.0,539.0329560747028,8489.06868705573,3.765,3.617,-113.58400001004338,5.98,5.98,94352.62275764861,263.0
2604,840.0,2210.2093467903874,5181.020439994592,3.834,3.786,82.39884916298251,5.98,6081.927484865248,572742.8983654991,262.0
2605,844.0,9441.836074181161,2612.578217006876,3.925,3.567,11481.384026988726,38203.375488244856,48126.570504439296,809521.9059596417,261.0
2606,846.0,5880.006858902799,4805.6653213542595,3.948,3.558,8990.167821556377,5421.398228475151,21654.866806424587,501430.98004149465,258.0
2607,851.0,252.35639659463877,15344.235926927198,3.778,3.698,-113.58400001004338,5.98,5.98,17011.868104492405,256.0
2608,856.0,348.3743435903302,6368.8159305598265,3.811,3.699,-113.58400001004338,5.98,5.98,272156.8856008916,250.0
2609,857.0,7081.52997669545,10393.412888193288,3.888,3.508,10115.008143831396,22452.85009726756,32718.384357696217,844987.1607602374,243.0
2610,864.0,2648.1242906428834,12428.44584421915,3.829,3.731,5450.452807909487,5680.512889444529,10193.070700862201,565055.509068368,231.0
2611,883.0,551.1250581874938,10357.717259650151,3.824,3.695,-113.58400001004338,12715.043474004058,7377.843538910582,488768.289978522,220.0
2612,889.0,22.348478118924167,9477.39589649791,3.796,3.83,-113.58400001004338,5.98,5.98,337426.9212517309,212.0
2613,890.0,5686.8365985464225,10948.868692059012,3.833,3.653,8943.112270724352,11285.47211417315,24740.102202566573,874677.6112719926,209.0
2614,897.0,3661.143865148365,25326.957104734905,3.91,3.678,5802.905785077569,18212.12625802365,33013.08048765717,885777.7351753773,203.0
2615,901.0,4060.811710269772,2900.680474906109,3.821,3.591,6259.620528939033,21848.871374284656,35568.92921684131,535699.706855557,194.0
2616,913.0,11864.711145558775,14435.401415477249,3.855,3.758,15096.982897519014,28972.91367461541,42887.1612203724,851126.0009785988,191.0
2617,916.0,7865.055429527302,44595.13634566685,3.821,3.579,12422.824427699741,33086.67806029694,41303.48868358526,795949.6954701443,184.0
2618,928.0,157.7654603681141,8064.739277384367,3.742,3.772,-113.58400001004338,5.98,695.6536132155416,729080.137334004,174.0
2619,931.0,1191.4689616602273,18455.17042723663,3.789,3.749,-113.58400001004338,5.98,8529.375758363152,227644.7481640811,169.0
2620,939.0,879.9803641958587,4302.139030262742,3.826,3.635,-113.58400001004338,5.98,2891.8140885082885,464456.4835796688,168.0
2621,940.0,2281.0331441962608,12653.590598741648,3.849,3.617,4508.556236938612,12660.371098609863,16223.305232439961,360793.96155792096,163.0
2622,944.0,4905.747806034026,2116.176257571139,3.84,3.558,9307.002906476268,35541.97186007126,42125.83580550982,641803.106201783,150.0
2623,960.0,1105.4209346550517,22589.107484347613,3.846,3.736,994.3744865359317,5.98,5408.3749299155015,524544.097190336,148.0
2624,961.0,9700.925305056262,14265.656401676177,3.786,3.66,13570.48573507174,49900.65545137317,64215.39277815086,952109.165478698,147.0
2625,962.0,321.9581590889498,18436.823102583345,3.772,3.664,-113.58400001004338,5.98,5.98,189720.9416697103,135.0
2626,965.0,364.0467555491844,10326.909726154987,3.735,3.682,217.74265104011647,5.98,5.98,131046.31743155228,134.0
2627,972.0,1592.685424629795,7720.9874774279215,3.855,3.65,2104.8077748315636,4910.137630842547,12493.275899519063,821542.8285133031,129.0
2628,981.0,1215.952956565294,1244.4272605836404,3.888,3.7,-113.58400001004338,5.98,5.98,89058.1070415212,128.0
2629,982.0,1466.8528977413755,14129.281525893031,3.794,3.584,549.0805080036903,28189.635801699285,38449.54822302195,508225.1322781187,125.0
2630,985.0,894.6955310069367,30872.61703788308,3.751,3.648,5374.983193078766,5.98,12398.772811510438,546102.5233996258,121.0
2631,987.0,90.13198584353353,3200.7693238117463,3.74,3.727,-113.58400001004338,5.98,5.98,18295.064090125896,119.0
2632,989.0,5401.69721013784,6883.423218149796,3.813,3.784,8808.336038740092,33636.71945232734,36738.49173258844,851350.6643006144,117.0
2633,993.0,16102.83833982888,4646.508057792342,3.877,3.84,12357.468355506042,47184.57401344595,63153.98353509804,926835.3963227269,114.0
2634,995.0,19085.82944535275,11074.689273730313,3.861,3.63,23693.36697193676,42619.03493246267,47027.76324540859,822234.0313049711,100.0
2635,1008.0,2188.7678428367467,6347.965738856929,3.843,3.646,1473.9231182855278,952.469496814846,18507.234455866303,449667.9924590835,96.0
2636,1012.0,11163.313538561784,4722.516736404137,3.812,3.714,17351.34124211227,46692.79693673251,62807.64352800799,947942.0803098396,87.0
2637,1017.0,604.9150008201434,32608.03453109279,3.774,3.574,-113.58400001004338,5.98,5.98,77842.70464555986,85.0
2638,1022.0,1590.8657822767514,2107.2526404746727,3.807,3.719,5721.966739573298,5095.413165113844,15695.013845062216,544385.13038555,67.0
2639,1036.0,2821.4313201244754,14456.236396209166,3.742,3.702,4786.828924053181,9880.429693196373,12124.430186620597,713226.8671984853,55.0
2640,1045.0,7612.95531697156,12276.801463046788,3.816,3.662,11195.982989197992,12119.469971405215,25210.21544070814,553363.4332426329,53.0
2641,1049.0,2709.5220225453345,9773.50424834419,3.842,3.592,5305.837920841944,2524.6510293839688,10183.824676370952,352125.487061676,51.0
2642,1058.0,112.3261964143004,5619.6325730910585,3.8,3.667,-113.58400001004338,5.98,5.98,329733.69273754593,43.0
2643,1059.0,41.95840788973896,9340.435858729314,3.734,3.745,-113.58400001004338,5.98,5.98,22070.079969277216,37.0
2644,1066.0,1163.7329474283047,1833.1501570538394,3.793,3.642,1738.5213968842797,2175.6294602014323,1489.1611577242365,358086.38628622144,36.0
2645,1072.0,1920.35837066589,21240.987897291307,3.759,3.73,3002.432497405188,5.98,11856.11823385102,519413.43484980246,34.0
2646,1073.0,10100.812699976384,12667.643030223739,3.833,3.718,14161.156656791047,16335.585978772875,19378.746539556203,789115.1258931608,27.0
2647,1084.0,2903.711685761291,35987.979628705514,3.693,3.621,7053.613340040891,5.98,11826.41916067868,265536.88469524763,21.0
2648,1085.0,9131.055164582433,22470.280857269987,3.835,3.707,11274.21101730906,12962.567492812621,23210.88850209395,840151.4691996478,16.0
2649,1093.0,228.31984650357742,12121.686923411522,3.771,3.747,-113.58400001004338,5.98,5.98,134005.10247741305,14.0
2650,1094.0,35989.26520798785,19832.84339886502,3.931,3.595,27940.861623854755,62416.775487215156,71995.58782365322,919834.940737428,6.0
2651,1098.0,13875.454849186603,31877.814585260636,3.864,3.591,15677.716819978657,21001.784335022854,30166.248121384844,494711.2011065272,0.0
2652,1.0,6209.374405306796,14819.741390174364,4.066,3.279,11829.773606445691,19229.503106686054,9519.112946206613,217848.6444029849,1133.0
2653,2.0,1317.5647756675583,3924.0428746687685,3.983,3.45,-113.58400001004338,10845.239027805486,21790.904066768227,575400.6795709088,1098.0
2654,4.0,111.80035898400423,2882.4921466722685,3.95,3.586,-113.58400001004338,5.98,5.98,583574.1276632664,1088.0
2655,12.0,13068.259600681484,9284.184256341883,4.054,3.306,15708.455699562173,39266.952147212694,43966.84776269331,829866.136662612,1087.0
2656,14.0,3329.6944356787535,19413.228793691396,3.997,3.444,7759.783242132591,14079.656110206111,15262.647494029285,796152.2371969587,1083.0
2657,20.0,4732.210989883448,2785.587262666754,4.029,3.408,6665.427219711988,15530.481277048451,12648.037570698121,661352.5906829683,1078.0
2658,34.0,51.380762362726834,2746.268387024432,3.956,3.503,-113.58400001004338,5.98,5.98,19923.016141482374,1066.0
2659,35.0,490.46277073338604,5026.738762642269,3.966,3.468,-113.58400001004338,5.98,5.98,181431.3288365397,1063.0
2660,46.0,2338.316232006439,21598.997736505633,4.008,3.396,8418.03756496628,2654.858596410818,3177.8006030684583,366369.6335011401,1054.0
2661,49.0,9686.166232694559,25328.130043135472,3.992,3.474,16147.033441368903,25454.053259447446,25265.811323173686,776510.7785296219,1049.0
2662,57.0,28720.08658454149,14665.638515690036,4.111,3.299,17483.869768482917,44379.037851234345,51371.62666766707,870405.6693919967,1048.0
2663,62.0,8503.718620745012,3139.2794044472676,4.052,3.353,13753.30365670106,28911.85446787509,36946.81693530998,719044.2062360136,1044.0
2664,65.0,12107.907256397677,575.7000153325878,4.132,3.512,15659.557826190508,37361.6405910552,34127.633760955214,532752.2759621672,1041.0
2665,69.0,2177.3112274466853,18763.837099057233,3.963,3.483,7562.8200867682335,9010.076522564763,6621.753251150616,320826.9489235132,1038.0
2666,70.0,12416.111247274615,14135.308149008884,4.031,3.454,13303.160529281135,40805.47838844979,55155.13344405612,836728.0586781702,1033.0
2667,76.0,21736.302412980316,15084.08110355058,4.094,3.343,20452.95122502498,41933.13463017142,44594.12198207469,843086.5246532037,1023.0
2668,80.0,9648.409866608406,12541.196526983706,4.084,3.411,14422.720723252345,5.98,1018.636169105217,532028.6341431318,1022.0
2669,82.0,49748.7214155205,15847.800961120909,4.129,3.294,28408.32395278912,74582.21345288992,91735.5206986061,885391.4729787181,1012.0
2670,91.0,1466.1833752058121,4703.89616642528,4.006,3.489,-113.58400001004338,5.98,5.98,214091.33307424578,1008.0
2671,94.0,4891.15638308407,4865.882428976107,4.035,3.415,4793.456454827351,26280.26569202812,14166.638394783216,622873.1730408183,1004.0
2672,101.0,1605.5788174590732,31242.121011356103,3.994,3.524,-113.58400001004338,14007.345247567644,1272.6964302977922,466396.96315809427,1003.0
2673,103.0,18375.961709557123,33196.16177905109,4.099,3.33,16527.011235292608,34620.65193666778,33535.496636655014,820737.032549821,999.0
2674,108.0,7910.124716050629,15025.66599751704,4.018,3.346,8911.293059439558,29188.645422573274,21368.267357809746,287364.6012098366,995.0
2675,109.0,1107.2506533155758,3551.8663326511282,4.032,3.606,-113.58400001004338,5.98,5.98,375683.5618227639,991.0
2676,117.0,4626.388871145273,3922.0989862697693,4.038,3.384,5184.664606131708,11221.961209528057,12069.57464207113,562023.1533988658,977.0
2677,134.0,1916.9764033884817,9981.512048545334,3.98,3.494,2857.1626162626844,2059.852147887504,11814.09510783486,631725.4567631335,972.0
2678,135.0,24748.55730802001,14313.523848103232,4.102,3.523,22171.334905230735,66516.8251162484,76206.97178934372,953043.8914527,970.0
2679,137.0,9876.350071993336,13542.99171291117,3.986,3.467,13581.111203843879,37812.97700133633,40349.881837807385,780153.9619665596,963.0
2680,141.0,9767.37422074517,6538.151096595032,4.026,3.428,11415.487716763575,12834.351247749408,11006.111676633369,295090.6752188823,959.0
2681,145.0,6623.386390849882,17946.784738059538,4.051,3.463,12620.01590141873,17074.62836032908,30729.08777618609,656214.4072766287,952.0
2682,152.0,3408.290591185482,8236.795517061377,3.954,3.553,10732.450624957364,16827.887241794393,19916.795537173457,929201.813763973,933.0
2683,175.0,2480.1698756587316,1187.6411667823563,3.951,3.531,4220.804609027306,5.98,5.98,560268.3217947583,929.0
2684,178.0,4790.89597610014,17373.519978045482,4.01,3.39,4261.567738689721,11111.641600745954,12484.795231930299,297953.7039872296,928.0
2685,180.0,11008.548367105508,11316.92148855892,4.052,3.458,12366.847602051335,13242.200391103308,23015.192733339973,517334.52952361223,926.0
2686,183.0,20696.01863288305,20485.32895927893,4.041,3.316,14391.71900721763,36417.55835515288,38577.22650780207,789796.0266757216,922.0
2687,186.0,4790.650587796801,3758.321589353565,3.96,3.6,6233.839656757324,19234.551355613312,14014.00429911228,144757.2279860894,916.0
2688,188.0,20486.73904442057,32277.05309214547,4.083,3.302,18299.156886525307,48834.59460539244,69941.15785316958,891954.4197093877,912.0
2689,192.0,740.6468749980995,6280.728786210125,3.976,3.43,-113.58400001004338,5.98,5.98,198631.0776200696,901.0
2690,205.0,2012.7419083600503,9469.189368219617,3.959,3.528,3727.258710971525,767.2785379635725,807.2564787062638,343960.02718638116,900.0
2691,207.0,4825.843331175587,8625.204253040978,3.966,3.499,4383.782446624855,19247.70243707441,36041.29426207198,726550.5233039414,899.0
2692,208.0,9334.578231163221,10122.850254858247,4.01,3.446,12922.840344731821,26053.403845420107,31421.96944467946,662073.8156258902,897.0
2693,209.0,10929.145685189571,2346.7929140881147,4.011,3.508,16705.764945608662,47258.325378453344,63484.42239751866,838348.7879337084,889.0
2694,216.0,4879.131176976907,31717.001731455955,4.028,3.449,10823.674069668932,5.98,5.98,388592.4293604172,886.0
2695,221.0,8000.251777145051,26916.836908113397,4.027,3.53,12148.324366495493,26722.809352183176,19929.447943781895,728714.235054957,880.0
2696,227.0,2546.873352337263,16404.96771408326,3.997,3.449,5649.359124194752,5.98,2859.6369181741193,349403.9894948507,877.0
2697,229.0,2695.8164101933344,7772.76644142076,3.925,3.461,275.04739108835383,13102.225796035054,2747.020608720114,396111.46306380193,868.0
2698,238.0,248.79564422778313,26968.944759300546,3.875,3.473,-113.58400001004338,5.98,5.98,89754.13094502674,866.0
2699,246.0,4611.743568891298,15659.987271273458,3.991,3.361,7691.769607965103,30909.28539420488,37400.301430458996,582492.0084984677,860.0
2700,249.0,7392.976178131509,8341.374365474763,3.93,3.457,10222.454432202963,41674.41343212596,52148.21618253473,822454.3891555464,853.0
2701,251.0,5800.7865587437445,22630.097753932398,4.053,3.641,5951.1677602602595,5805.830053544419,10961.976916018702,830169.0746687509,845.0
2702,262.0,33479.588353903564,4152.650266850709,4.079,3.412,24553.635101698736,61585.37437977144,63010.44262004315,883005.8807485634,843.0
2703,263.0,15893.40508342433,36138.47355205289,4.046,3.509,16106.420239129617,40122.76474046614,50233.810005783926,921985.528796593,838.0
2704,267.0,6671.559133878074,2103.2089866853003,3.994,3.615,8382.043270439712,9765.818091534076,9604.635438163607,857077.9759351852,833.0
2705,272.0,2195.8431647694865,4666.926122019397,3.973,3.355,4418.8907945332485,20397.371225643794,20460.016017099453,307174.9110309036,830.0
2706,275.0,12067.540289890274,30909.019298116567,3.978,3.504,17414.156634417395,43423.568458191585,44821.40914760989,903006.6174609229,828.0
2707,280.0,1074.171768053979,14863.56984163246,3.994,3.59,-113.58400001004338,5.98,5.98,811157.0315542204,825.0
2708,281.0,7210.36922271256,587.6035948823062,4.03,3.383,9932.826539116739,19830.19118412051,23929.824058925118,332507.11335184757,821.0
2709,285.0,6504.379241685587,2505.501008274905,3.969,3.422,11904.821058131749,26938.10104525285,25813.401778210322,739617.4793904376,819.0
2710,289.0,5655.523892270152,9566.978863087825,3.969,3.368,12188.279677977385,12624.406511807876,9997.456645082686,501643.2749645627,814.0
2711,290.0,5974.419234571838,16620.238719593388,3.99,3.445,14046.280602806179,20457.143726750415,22368.028807758667,479153.39982553,807.0
2712,301.0,5826.580089451055,26044.09023822929,4.003,3.4,10159.307062952927,16801.720799171962,31339.075312256224,619353.044013396,800.0
2713,304.0,868.5007863667574,1576.3801278509345,3.935,3.459,-113.58400001004338,4419.611123420662,1993.3166727675098,404889.4579874542,799.0
2714,305.0,15191.295251522599,18494.119831656193,4.03,3.39,20413.34765977986,40677.49863850327,39315.543068436695,910143.5136853986,789.0
2715,316.0,23272.21384036291,33142.14743671487,3.976,3.544,19956.266976811115,59869.24144690327,77124.02189571293,943637.2963081877,787.0
2716,321.0,19693.202359098275,26083.40650216398,4.015,3.527,20554.413911084317,36784.6441467791,40610.32733156171,807856.7576329325,786.0
2717,322.0,4115.328267621264,7472.130471484302,4.008,3.622,8525.6254575216,22998.900288724522,27772.7692369516,839976.8982822004,780.0
2718,326.0,6604.9291994326595,9867.046060241428,3.905,3.56,14128.513113242529,22227.31805293387,23806.007876888798,448973.7594603977,778.0
2719,328.0,13192.53361077468,19730.272737212817,4.001,3.447,18368.849530655414,31501.631823240736,38373.03416475578,701159.183041664,775.0
2720,331.0,8438.4760957797,5623.543320677569,3.922,3.528,9413.022484164132,23896.62413232795,24783.312736787033,800864.5212199697,770.0
2721,339.0,104.66043213538144,3382.9349828515255,3.872,3.619,-113.58400001004338,5.98,5.98,168828.87292232478,766.0
2722,340.0,12435.011990984176,15713.24438758706,3.974,3.551,13167.069457380614,21874.113567909193,25092.723481755354,758422.1362908762,765.0
2723,343.0,18785.166818780785,4650.507770637289,4.015,3.517,13794.964674076682,46666.56848855215,50175.19017958799,915495.932874699,756.0
2724,345.0,3152.8409321101162,26879.25594871269,3.935,3.588,1977.0904046595306,1689.6432082448673,2326.426532513451,346280.93261659314,754.0
2725,347.0,7554.03493838847,9927.559774118436,4.012,3.457,10875.685823511145,24571.388760693586,28461.940006548713,839460.9193132756,753.0
2726,354.0,640.6454817822181,28.884396082355124,3.957,3.563,-113.58400001004338,5.98,5.98,137470.49144139275,748.0
2727,356.0,2371.6097484299003,3140.1602945707928,4.031,3.396,1876.0220332451393,9874.108735844902,28052.512286187215,580633.1820797407,746.0
2728,359.0,2514.2511003752006,16771.61002319097,3.926,3.583,6665.154242219169,5.98,2368.3857553772687,295583.3774064233,739.0
2729,363.0,17561.31515624906,26816.127991298214,4.025,3.452,16699.21852205195,44986.46355197458,44377.121924069426,908973.3635480396,734.0
2730,369.0,13758.120136388041,11405.932063312852,3.975,3.523,17019.044908398268,29309.360106035187,25488.167575173546,846363.1196292036,727.0
2731,379.0,2038.7380047674797,4796.090524285006,3.966,3.445,1953.4424275022475,5.98,5.98,151295.432170143,713.0
2732,392.0,9219.924304338414,21236.630901191977,4.047,3.568,10917.709804568207,10847.403914531773,2286.289474294532,927201.0693975491,708.0
2733,394.0,2448.9594769021573,16664.403897981716,3.985,3.327,4119.003635817745,5.98,5.98,98394.11050496742,705.0
2734,397.0,3593.352790173353,9125.612929441744,3.934,3.446,1920.4243799879882,22466.535859659045,35511.97238384268,611009.9815687971,703.0
2735,402.0,10463.94382818578,16785.87889404505,3.995,3.544,12522.470464643504,26920.624479903934,34399.382616512245,900023.1959230758,694.0
2736,408.0,4709.117892876199,13723.020616934136,3.951,3.522,10258.256089612567,16792.60485192047,15670.155596155455,648228.9458710775,690.0
2737,423.0,1566.1310607242976,6111.376662025084,3.927,3.493,1511.71401579115,5.98,2653.4407305867626,230885.99610585647,681.0
2738,427.0,28863.71664770039,17540.844166164625,4.088,3.469,25072.26632921738,52923.236729228185,63050.84818725615,955687.9732162191,676.0
2739,429.0,5540.6420702784835,2163.27408717658,3.9,3.661,8643.62880272886,23613.03657774537,18516.00089460703,450404.0412676312,673.0
2740,436.0,6122.147555635627,1330.5755720012319,3.9,3.636,6761.255346974862,35674.82291204478,39750.33311110822,892601.6623004038,665.0
2741,439.0,2378.8820648994724,4122.942794997742,3.933,3.474,2229.9777437113244,5.98,5.98,268602.34003511746,664.0
2742,440.0,7835.190683174811,14284.386392585435,3.97,3.517,11037.609632558058,14507.318640438862,9106.882394525597,427989.38256441476,650.0
2743,456.0,7330.646811378388,9076.741038334796,3.968,3.569,8898.280076238647,28068.469100888266,31320.234613284156,712844.7863779841,639.0
2744,463.0,1711.5438495854999,24197.845356967584,3.932,3.512,1759.1824483566472,5.98,5.98,289162.0416347929,637.0
2745,469.0,6375.926160468403,20289.483918011803,3.908,3.705,6609.2279708304595,11822.855739442435,15776.4534922681,684088.6795514767,631.0
2746,478.0,1786.7713160426442,18613.867315803553,3.935,3.59,1729.3580306321344,5.98,287.77935584161605,576004.1324366815,630.0
2747,482.0,1549.2796343300256,6651.318473794027,3.884,3.591,4455.250891002198,5.98,5.98,639035.414775666,619.0
2748,487.0,17461.379760630338,17647.49855480878,3.914,3.564,16638.00557531678,55529.713280183976,63281.606584830915,895934.7350802775,615.0
2749,491.0,4559.570880506768,6808.319549026374,3.92,3.505,10727.697586686148,6911.758016845782,11745.695142157047,671630.9275996868,606.0
2750,502.0,118.578232723252,10078.886055527371,3.812,3.719,-113.58400001004338,5.98,5.98,439613.5461681265,597.0
2751,511.0,4086.5927670837314,813.8372742368092,3.95,3.492,9398.427699309048,20496.15894342927,21350.112075504316,910460.7030409777,593.0
2752,515.0,3170.152150298506,145.5695277320051,3.896,3.642,6620.1183974118285,14158.455082896144,18964.146373894808,722130.4728264572,588.0
2753,525.0,6747.221349005541,19644.312575891767,3.965,3.623,7718.317033220034,19932.99822448905,29234.87492740518,845481.6453350319,582.0
2754,527.0,30270.17931503985,12340.584381189608,3.994,3.566,21728.679311378033,47307.637814933754,51130.21196986422,641674.132344598,577.0
2755,528.0,13250.034996630962,16919.968083723154,3.983,3.519,15595.529597008475,37187.69838103839,58472.378775839374,902493.8508012947,575.0
2756,531.0,10891.41838207662,14293.567155231834,3.966,3.545,14374.82232907516,25887.058714870473,31360.457625715637,785756.0704911627,572.0
2757,534.0,11179.777876258779,15845.578899738033,3.93,3.538,12992.465462270007,41738.74147109968,45287.73407145666,396164.2783050419,565.0
2758,536.0,14650.699452197545,8209.355083906117,3.977,3.44,17047.757631600867,35434.28506763294,41107.24791037228,868531.2978704945,562.0
2759,539.0,6601.954287297125,10840.562787857547,3.926,3.642,8933.070434406034,40016.292315826286,38795.86600201416,881596.2669617081,559.0
2760,542.0,13465.001781929455,11940.120436231551,3.93,3.472,15314.787810751892,55139.01435620389,62935.70442374111,756229.774606637,558.0
2761,551.0,9813.25824741865,11818.601202753762,3.938,3.582,12915.097205606411,31610.924640589332,32902.602949261985,900731.9980007512,550.0
2762,555.0,2388.6464731098613,1287.0813683527756,3.854,3.655,3016.6462495073706,19005.890571589767,26838.42444152593,599609.6081622049,549.0
2763,556.0,1808.5260554543306,8876.732455130452,3.886,3.64,2834.015083912986,5.98,11752.692781718235,209499.25644917646,548.0
2764,558.0,9026.878362352243,30055.2694535297,3.997,3.461,6836.74281537457,22627.609052897824,27795.13012948144,425622.82562417863,536.0
2765,566.0,9156.410139730997,12066.452288777058,3.962,3.594,7190.013349784049,27046.111742765002,34558.53593645714,793170.5336206293,534.0
2766,571.0,22925.35491348682,23409.021470364383,3.946,3.598,24550.778301202354,53303.07787430972,59365.77049347982,828426.9091521957,529.0
2767,575.0,12441.836839314597,3821.342715767463,3.985,3.473,20086.333406054124,30618.793567373894,28122.883847692334,646132.882388441,526.0
2768,578.0,2330.217087783127,3115.584116527339,3.861,3.6,3088.9603737322605,281.6924584540084,15020.778460579479,558295.7505536547,523.0
2769,581.0,6204.349716297179,26162.054839650085,3.924,3.684,10571.739338031082,18607.11949742601,35286.1604469923,898221.3558023832,522.0
2770,582.0,204.9603596055929,32216.131185984872,3.842,3.627,-113.58400001004338,5.98,5.98,230664.816635591,516.0
2771,594.0,4408.100423006052,11600.039332628996,3.869,3.513,7041.703428615921,17211.08273647197,26902.04408723754,573751.036620625,510.0
2772,599.0,17876.13423661056,14690.227016180248,3.993,3.54,16735.732671364112,34306.292764149504,40424.77975595636,930812.88306808,508.0
2773,600.0,19175.56846111887,6345.947770146834,3.951,3.546,18112.37076016761,48346.09731100427,50842.76283319476,632849.2899981971,505.0
2774,602.0,6948.143729644129,8484.883489581956,3.939,3.544,8233.298254888034,27839.447672876355,40422.92458663723,679733.6117631637,501.0
2775,606.0,46.2992611802211,2783.847450643447,3.786,3.722,-113.58400001004338,5.98,5.98,195289.50018733167,492.0
2776,617.0,13577.876325683252,3731.0177675770774,4.014,3.553,15193.431275728753,21068.970291565103,24414.55465825704,716929.0375910857,480.0
2777,634.0,123.4328523431584,28345.71793428658,3.811,3.659,-113.58400001004338,5.98,5.98,86514.16711719206,473.0
2778,635.0,7295.887111230757,10768.319356197524,3.96,3.446,10336.48815630832,25785.746641175265,37301.76016329722,604260.9495526346,471.0
2779,637.0,38.369285209054254,4336.304701324447,3.847,3.72,-113.58400001004338,5.98,5.98,383235.640558124,462.0
2780,642.0,975.4712586717226,16020.000601702217,3.836,3.567,3909.0050124563163,1078.1538239709325,12811.03085542527,39425.75279329882,459.0
2781,650.0,2817.6220379545116,2017.462142843214,3.916,3.542,7910.44466342269,5.98,7577.208694647787,445348.1179165867,453.0
2782,651.0,3958.8148449030596,7119.9571261001365,3.932,3.62,8247.320881495778,20913.141543215304,23254.66538156088,871378.3306305192,447.0
2783,654.0,14525.687158368846,17190.27886377665,3.941,3.506,14411.05910797818,32069.752164747846,30462.855462877254,829149.2192896897,438.0
2784,660.0,12076.183793819087,33919.684124948144,3.854,3.601,16507.81131018458,31935.39307286308,41972.47982374065,455932.55841351836,436.0
2785,668.0,7859.022131843321,9595.057166607781,3.944,3.62,7438.9781939711975,19610.921033850944,15720.68994969653,715313.6017190947,432.0
2786,674.0,10461.058245210561,6375.985922176963,3.897,3.611,14270.473529641999,28657.71214676863,32046.475174681807,615280.320408777,431.0
2787,677.0,7261.853063200501,3903.580151841632,3.971,3.544,8563.255518810625,17028.25139103156,24120.183624934863,640261.6044585393,426.0
2788,678.0,22.049431050396812,2603.182642113992,3.842,3.648,-113.58400001004338,5.98,5.98,165213.0449090274,422.0
2789,688.0,3678.9020782986986,32180.555194440545,3.927,3.585,-55.071989133212355,5138.253970396707,18626.509573545085,484527.581943967,418.0
2790,689.0,4761.419641643975,24379.16508341044,3.852,3.603,6394.970220971203,25035.280394299574,24551.870977212762,797674.6087772618,406.0
2791,694.0,14892.799221648365,15134.309282010508,3.939,3.586,15502.07030929319,60366.720472864065,73302.85697999252,933648.0537862411,404.0
2792,700.0,5258.9695809478035,22553.453990002014,3.944,3.626,6125.020640826375,15197.690843537743,19855.99066351518,602185.1744682455,391.0
2793,718.0,3783.8155530588633,4102.062668157201,3.884,3.583,5734.456478980171,16829.76937255458,10986.975139543727,521583.5557836989,387.0
2794,724.0,18122.030388038336,20558.441013340347,3.965,3.66,16688.04472434684,47725.58406537729,49992.336529416214,923864.1435280544,372.0
2795,729.0,12278.334591717374,24888.966770245002,3.884,3.705,16732.865694587857,25649.545950957083,46135.22790569421,895948.4924684898,370.0
2796,731.0,1713.7411846870893,1523.6060181825576,3.857,3.474,6391.041165612813,18525.201592084093,18349.364111639014,211794.39404912046,365.0
2797,738.0,6345.715874492802,109.3886637278406,3.861,3.588,7609.9599949379135,5.98,4866.762741843838,541967.8035726999,361.0
2798,748.0,677.8642286973212,8735.523289340184,3.88,3.68,-113.58400001004338,5.98,5.98,210491.76860244115,353.0
2799,759.0,772.9072664468299,14624.684184453094,3.793,3.764,35.64785799662832,5.98,129.2518805194013,464845.47294298746,350.0
2800,760.0,13696.914665641818,38925.317876245776,3.901,3.486,11462.881958148475,34854.769958408215,43335.49683429353,770367.9179687637,345.0
2801,761.0,10839.096143178867,7303.6275521656935,3.893,3.618,12844.183030803075,41084.3521455928,39284.136819762796,765161.662332287,344.0
2802,762.0,4066.3096856614284,657.6328423740299,3.921,3.485,4722.425975329901,19554.514450521438,18595.003908115472,438259.19595901296,336.0
2803,767.0,11853.937791032096,19665.093951416366,3.953,3.725,12124.957790190372,27253.321272913658,32032.07459075938,803211.522515386,334.0
2804,771.0,2466.8453243797258,9131.108747318181,3.875,3.646,5484.777220108765,8658.642011733416,19302.556256888958,248232.70102260011,329.0
2805,772.0,2128.7180026623423,6962.260136282514,3.814,3.641,221.638439987335,2973.786718710427,13407.170695348737,414283.5011517802,327.0
2806,780.0,11109.335737410836,8321.325105855023,3.851,3.578,11857.268142063911,41264.400956390964,52962.326376036435,855196.4908056145,319.0
2807,784.0,1030.3635784847736,5600.851604801233,3.861,3.734,2124.298297232327,5417.784401286799,14794.240832574866,313543.2630939852,316.0
2808,786.0,4630.885669977659,13189.397849814672,3.93,3.677,5201.298991305788,6433.578853416251,30972.473096159432,850635.3631570564,309.0
2809,795.0,1216.5990143201518,3923.594886249025,3.818,3.694,3122.619194968779,5.98,4485.197782295492,577077.1170069992,308.0
2810,798.0,142.68303926996873,9882.023162941801,3.796,3.685,-113.58400001004338,5.98,5.98,19006.638825914968,305.0
2811,799.0,2392.029242038834,74.60851802783418,3.854,3.642,-113.58400001004338,8072.730545395733,18125.556682330614,834417.5181306772,303.0
2812,806.0,4354.627464704671,2211.766805969431,3.875,3.528,4793.1517000659305,18961.847938700826,17895.953230242245,506236.31791206467,302.0
2813,807.0,3213.2286484592096,15459.760482334179,3.882,3.604,4620.60717451534,24262.841789417907,25522.36766442049,593528.9952598151,290.0
2814,814.0,1658.0116982047118,9482.597966552774,3.833,3.65,-113.58400001004338,11477.778027401844,19840.21780564866,638016.26239085,281.0
2815,823.0,5215.658386588397,2137.165279222471,3.85,3.684,7819.4319330941835,36687.9044149823,36693.018690661425,679113.5288274937,273.0
2816,832.0,779.6255910174792,33102.611865792795,3.806,3.57,5161.518541148927,5.98,5.98,7757.844439695631,271.0
2817,836.0,12342.170946599867,13634.918036064413,3.878,3.59,17096.252396394557,36222.581076700284,47402.69630588755,539117.8256861251,262.0
2818,845.0,13782.285678507216,30308.285101778194,3.934,3.817,16238.16182750524,19728.6645200453,37217.846727747106,958154.5588281531,255.0
2819,856.0,1849.8888380474707,3086.378250500538,3.801,3.669,-45.88804757586422,5.98,3824.9700719526218,518544.6658312014,242.0
2820,861.0,10047.39566743943,30126.96223887815,3.869,3.586,14479.650734700312,30836.696785150838,48354.73338409373,703646.4490201981,235.0
2821,868.0,2636.720521534216,13383.561724605675,3.819,3.613,5611.9290459571885,22050.03631753561,31679.61856797267,556169.5220967564,222.0
2822,882.0,5553.022840038607,12167.42387937793,3.862,3.636,11903.5142022386,16769.862809287857,31586.10783600015,651976.2514752839,220.0
2823,887.0,13412.157172645748,17231.79682197973,3.903,3.473,20214.276496553048,28820.765405094833,43281.30482577763,877746.5189793565,218.0
2824,889.0,1789.9497706793588,21170.69386058126,3.844,3.8,4057.5023149733497,5.98,3489.872353308161,70363.38611751507,216.0
2825,890.0,5287.665642783247,3416.377264255355,3.863,3.64,6141.950942819836,23378.216567099484,29653.18359774092,219548.52920910806,214.0
2826,898.0,722.9582619231885,9278.031226379808,3.799,3.534,975.4625613830358,5.98,5.98,14886.85881186829,204.0
2827,905.0,6879.643852096992,18411.11746068078,3.83,3.706,12322.525261085813,36733.668898716496,52368.02417569108,797143.332866214,201.0
2828,907.0,2500.7514551260892,141.78790715304467,3.807,3.648,1416.804889303473,14885.681737804933,22038.983252119535,662291.6901723152,193.0
2829,909.0,156.6510564534088,3225.914764976852,3.822,3.747,-113.58400001004338,5.98,5.98,332997.3571034904,190.0
2830,918.0,385.04537703811627,4790.4169793450565,3.789,3.678,82.08584076968646,5.98,5.98,55187.743718796744,188.0
2831,920.0,2113.4476070968926,22128.019460636686,3.816,3.618,4091.5083160200675,8604.44059996873,17533.687451839956,231876.36620056158,183.0
2832,921.0,7128.24170423584,6846.178752193848,3.801,3.715,6167.347292026331,23627.59812488966,36147.991490807086,735352.5904042685,180.0
2833,923.0,762.3054441787062,15184.657298415452,3.785,3.852,-113.58400001004338,5.98,5.98,522289.24642220925,179.0
2834,925.0,1713.6211144906229,4509.685614590015,3.815,3.711,2549.5422221984472,10324.586229107546,21093.39937023783,667380.7994429929,169.0
2835,928.0,6730.330626681247,24501.860243850988,3.831,3.705,5064.779110073951,26462.860277713116,39690.31533920003,859720.5883550609,162.0
2836,949.0,8493.016308702086,23051.068844733334,3.867,3.752,9107.249923997175,31015.302531122492,42107.2881324332,691420.2972282666,161.0
2837,951.0,4923.561364022401,11094.521392004539,3.804,3.608,10175.355572871027,25758.753297800864,33503.45329511965,525190.5751814457,159.0
2838,952.0,9093.332841802288,4575.253251834876,3.848,3.635,11423.491933928473,27151.021710345376,28429.954674374174,638839.8626382585,149.0
2839,959.0,778.7807383461511,1352.6431861373023,3.863,3.669,-113.58400001004338,5.98,11501.19203640966,781105.6892898254,148.0
2840,962.0,1380.3729832020708,699.0194731018674,3.827,3.594,-113.58400001004338,4807.670835895407,4656.385163672963,242033.52998108105,138.0
2841,968.0,5918.143215434264,19047.80448502318,3.861,3.694,6510.034163877117,30540.77245582922,40017.29218493741,701351.8075007738,134.0
2842,976.0,3625.478253529712,4259.951820234018,3.829,3.638,6918.1336999205905,28893.34646939826,46291.92061281313,898560.8645244782,125.0
2843,978.0,1047.6362075365962,22921.447890299205,3.782,3.628,-113.58400001004338,2725.9446349638047,6429.817626452201,231652.25138571078,123.0
2844,980.0,12769.519328730821,23859.45114993898,3.902,3.712,14292.995966441784,43666.96963717004,62603.75119355834,851047.1397015114,118.0
2845,987.0,5284.709944908044,12865.179828124205,3.876,3.648,5788.226326530724,8336.498492439718,24362.99941815329,633960.7198647796,112.0
2846,993.0,587.3140300175108,3004.0406583628155,3.748,3.772,-113.58400001004338,5.98,5.98,199201.11781130193,111.0
2847,996.0,1884.835286823722,4442.969022202084,3.834,3.623,133.172390395197,1129.9932340908354,16760.60734179672,371963.075195233,105.0
2848,1003.0,1569.5749592185844,22187.08071957206,3.775,3.809,3456.535022331937,5.98,5463.038354439654,371454.2214898224,98.0
2849,1006.0,29.142496569175783,332.7666218707976,3.767,3.717,-113.58400001004338,5.98,5.98,68830.95440367758,94.0
2850,1009.0,1507.0153987831393,21175.145239230227,3.857,3.669,-113.58400001004338,3278.037002599782,8436.45768568647,487290.7556660254,90.0
2851,1015.0,22159.60243892379,28278.686419674068,3.892,3.65,19959.85669923455,51957.51526763757,74443.31364257039,954161.8196066386,87.0
2852,1016.0,2408.8336357604385,13466.221983161948,3.813,3.763,-113.58400001004338,8063.741525719908,16903.922614828592,693725.1130009163,84.0
2853,1019.0,317.4164538980676,20200.853830158932,3.76,3.873,-113.58400001004338,5.98,12834.590750596404,531875.6139012153,77.0
2854,1023.0,3192.692687022765,5674.9215308088815,3.825,3.682,4870.914479215863,2761.555122749753,12248.527541266396,628778.889312409,73.0
2855,1027.0,671.9353477418249,17393.398918437757,3.758,3.693,-113.58400001004338,10994.387845497848,32383.913902951943,324328.37753826013,70.0
2856,1033.0,2408.993323749756,820.4490151617592,3.779,3.705,5244.603728193002,11490.541790069412,16029.896222689797,243272.26922470372,67.0
2857,1035.0,749.3141457465434,23251.852330260714,3.791,3.58,-113.58400001004338,5.98,2824.3935391586647,207656.33738190038,64.0
2858,1041.0,161.49783662793928,16872.45795337836,3.727,3.693,-113.58400001004338,5.98,5.98,79647.436360995,49.0
2859,1056.0,13904.608262178492,19295.93748367804,3.833,3.657,13120.030838968536,42624.112619373016,56744.015790033176,676140.6246625057,45.0
2860,1059.0,2159.6622640429473,3602.5419520656937,3.725,3.822,3165.2267111091633,4815.086955610323,8873.447198792841,513808.6192516336,41.0
2861,1062.0,7053.336697114423,23392.721850823935,3.908,3.684,9758.197533248114,24639.67830960474,33080.717346962636,642615.7649676257,40.0
2862,1073.0,18065.992796401468,417.24419540044903,3.895,3.766,13614.269552207275,31145.367572664192,35572.13468902183,902026.4009860647,38.0
2863,1075.0,14983.092188860888,12523.136407703845,3.858,3.8,17294.05810934053,44743.308491440475,66308.03385938681,894287.5528454647,27.0
2864,1078.0,811.1022861145061,28308.03437773258,3.744,3.786,-113.58400001004338,1782.4087647631723,13646.779073212014,511461.30458660825,22.0
2865,1079.0,5492.690458548234,21065.716165447924,3.834,3.714,5396.318397854154,32106.940661815017,46352.761359908385,824591.9795194543,16.0
2866,1091.0,3368.8185145320363,28785.667721777343,3.836,3.64,5161.27366972104,14966.148578699876,26491.720283472656,724550.1005050862,9.0
2867,1097.0,6653.4662126382045,12922.021775454687,3.862,3.845,7899.0286627508885,35302.53192563285,44563.57887433569,913323.1327505497,3.0
2868,1102.0,3011.482907188954,3146.283068798316,3.753,3.55,3340.686694505096,8045.326326334387,7682.770071093733,308717.76894905156,0.0
2869,1.0,1631.6831840616137,3425.624338706811,3.972,3.461,2384.5140600230543,1890.4129952078138,7374.741859280777,476289.18594070297,1133.0
2870,2.0,5643.060741144592,5193.309265055899,4.032,3.323,7442.036629911583,12227.005021816134,15203.936221529291,696196.9416952889,1108.0
2871,5.0,9688.367935829308,9875.917226312173,4.032,3.376,12198.84821450252,38444.30547575481,41287.80965451012,428365.481031206,1105.0
2872,6.0,10943.849168270353,31756.556538293047,4.076,3.479,12305.47193535578,30307.25926258545,31871.42338287537,932080.6387546738,1104.0
2873,7.0,3594.2009414208046,13480.832856640256,4.047,3.215,3022.5386890621467,859.8808239805066,4242.318801307362,151773.32338799568,1097.0
2874,11.0,8678.491201528775,20215.6463365548,4.037,3.571,13965.285634796737,40373.336046644414,33690.42604248309,864627.0483834175,1096.0
2875,15.0,8265.662283937856,14595.393155455884,4.005,3.289,11667.568836663271,21245.215120978544,21060.98021999276,432557.2095037315,1092.0
2876,16.0,3760.636199125802,883.2415502146167,4.002,3.437,6139.6607878180275,5835.8431042409775,7214.712585914609,95334.85375240908,1090.0
2877,20.0,3330.235993016791,12808.572837293865,4.047,3.518,2442.547486017943,10163.71793680087,10632.192941351435,804706.002642302,1082.0
2878,24.0,8076.157899647605,27245.47092599925,4.0,3.328,8704.568888430398,24008.081829629344,29078.360336537764,737067.1271898496,1081.0
2879,26.0,12819.026279975556,955.0964175636068,4.102,3.43,17754.78104967318,17770.449405934163,16099.543638142326,882683.2025206361,1075.0
2880,30.0,1417.8603590435664,11080.004454956459,4.008,3.323,-113.58400001004338,5.98,5.98,186985.9612915842,1073.0
2881,32.0,12327.298431584653,10305.778021730639,4.119,3.362,15971.31801594701,16226.721133969379,30925.539806960798,922651.5569540145,1065.0
2882,37.0,2171.5694076968407,4119.835118119685,3.978,3.458,2942.554881843143,5.98,5.98,509880.5826119236,1064.0
2883,42.0,11581.477478720673,11049.74747240288,4.085,3.446,11307.50139821172,40918.12816568685,40425.44061983523,732862.4687759869,1058.0
2884,46.0,14565.656268197085,3701.0639992023584,4.122,3.522,14553.957604043755,32002.141324788507,38758.368387808034,715994.960357434,1056.0
2885,48.0,2506.6767460166457,10666.892703759953,4.026,3.539,2790.546574876418,7988.393164053661,2004.9762218354517,766148.8102168017,1051.0
2886,52.0,4533.8225507674615,5774.818978092849,4.05,3.422,3066.294208125087,16663.967006019127,10764.275957661093,414323.4892592216,1049.0
2887,60.0,31715.217093100946,6616.177467026626,4.049,3.316,28471.64606701842,48194.11538871126,54046.63533392942,833207.4158522041,1039.0
2888,62.0,25672.2968174483,36651.08946835228,4.083,3.283,20276.335863728924,59223.473890720285,65024.61332938394,890354.1262786102,1035.0
2889,72.0,1824.619996517969,19735.32225266367,4.009,3.419,3966.0872218269747,5.98,5.98,237495.22671738474,1034.0
2890,74.0,8343.905033958532,5369.718880914654,4.062,3.5,12727.53129529797,15142.926510930945,26035.43463504697,844972.2966061328,1032.0
2891,76.0,1309.848141749589,3311.440795380327,4.053,3.441,-113.58400001004338,2624.1312445110084,5.98,593126.0392048638,1024.0
2892,84.0,3412.19201283816,7711.4524725979145,4.0,3.453,7209.718515579201,19431.290215656954,27319.88925978171,904945.2983181508,1012.0
2893,89.0,11090.798197403075,19577.152787119932,4.063,3.434,14280.491514071493,25995.944774615098,27725.023704154904,623216.0935905784,1010.0
2894,91.0,4066.3951277815067,12683.883293065868,4.052,3.501,6775.873810896416,13930.404625395104,14304.176372814076,911995.476582829,1009.0
2895,98.0,2666.515310370204,11724.192239748838,3.953,3.533,2339.768173326952,11780.756840646292,9824.321380805544,474761.627049827,1001.0
2896,105.0,2987.1874328544745,26344.883008671786,4.024,3.493,10694.491026452335,9773.130268561272,6263.916445987899,410793.27153555804,996.0
2897,114.0,1452.5719336755799,374.4660911981463,3.955,3.456,797.5666727645753,5.98,5.98,419630.8764015365,987.0
2898,119.0,3880.986527629381,32699.668493401427,3.958,3.48,5800.614057911422,20460.558177276966,19921.723986061974,281353.58818891656,982.0
2899,122.0,9026.211479738102,14804.612074365596,4.017,3.385,16264.390388592334,15743.780985266132,17568.53266136569,600418.2048425991,980.0
2900,123.0,28949.62160755785,27041.218621028693,4.065,3.417,23264.049833057245,49479.73799427766,52206.18568284907,868491.0165307745,977.0
2901,128.0,3418.5524588852736,6134.98934393918,3.988,3.443,6599.397405455513,5295.821992141921,7355.242378634253,357052.8180367899,973.0
2902,132.0,11225.271715001834,7850.186314861919,4.053,3.532,10443.388082533245,32011.739445715244,30858.1380381431,697691.1954054823,965.0
2903,138.0,4682.139695658834,8281.47430668815,4.011,3.363,8665.034058741356,18662.30658793958,23170.360362591753,331635.7348765063,963.0
2904,143.0,14.635792253302904,1124.7656709031285,3.893,3.464,-113.58400001004338,5.98,5.98,4720.694594807439,955.0
2905,149.0,340.72601350964845,8297.047857795465,3.961,3.494,-113.58400001004338,5.98,5.98,66361.93098446204,947.0
2906,157.0,721.6102455094237,4802.201298969793,3.95,3.49,1867.06903804868,5.98,5.98,482212.1889094103,944.0
2907,158.0,2386.3787237548877,5993.507020049121,3.93,3.403,6248.650101651363,5.98,5474.1298889126565,359321.2805270163,940.0
2908,163.0,1776.725890614908,9868.56337424343,4.006,3.536,42.69246225543793,5.98,5.98,177670.81762524077,925.0
2909,172.0,23805.284934401603,38378.016953008315,4.101,3.475,19166.465116239437,34246.690641145615,33578.62049239132,793736.6179312095,923.0
2910,179.0,19516.18362092687,38386.83546022924,4.039,3.249,19271.801401234206,51722.29534312611,57626.58411820854,614264.3992063482,922.0
2911,182.0,3630.429178503009,5204.023999475328,3.962,3.549,6898.420152096292,12699.605847624749,6991.4370085429,558398.6995139723,921.0
2912,183.0,9729.611037036015,4394.038536088602,3.998,3.431,12313.066148168069,37647.96976018909,46094.04282420285,577173.3852649487,915.0
2913,194.0,12225.693864067767,14960.036128731925,4.022,3.288,19429.249429280655,29038.474549772276,34174.367428147794,523879.65128788445,911.0
2914,197.0,28219.95712836023,11946.567082043039,4.095,3.345,21621.0832622956,59087.81336206669,58164.94858799035,842926.3418623684,901.0
2915,200.0,13317.932962266843,17164.82369497434,4.01,3.443,14893.498753225655,40438.680415615905,40252.16145211859,874096.1367835789,899.0
2916,204.0,3676.9921446776616,20922.82641019162,4.034,3.555,2773.76028107961,5.98,3081.7567682435883,699535.9538688827,896.0
2917,206.0,3248.6073974496558,7242.7033358519775,3.997,3.462,6433.826745813816,24597.311882880877,26407.514389490956,703143.5408019385,887.0
2918,215.0,5835.180173841659,2481.4024943225922,3.998,3.568,8716.938933193142,16115.655000037596,15836.940325782081,579209.8986369057,882.0
2919,221.0,1287.6081882512076,8843.742052538095,3.949,3.471,265.70891826031675,10115.236277398131,12798.303359020414,356731.6150587071,876.0
2920,222.0,14846.61710446916,15803.134048896001,4.054,3.38,16989.49038557272,27470.310356132064,34044.027017750646,723735.4411922748,871.0
2921,236.0,8749.697184300308,1411.6287230726323,3.983,3.549,9618.086650604619,26426.876002741945,28473.117050424647,829169.2303396243,856.0
2922,246.0,6125.705023401336,93.29079281691975,4.012,3.469,13696.675020122442,7147.0239342277655,9217.611417879518,562644.1763807391,852.0
2923,249.0,1617.4724048875864,5108.316953651263,3.955,3.528,-113.58400001004338,478.8407442747557,5.98,441965.2074674534,847.0
2924,261.0,13537.077817045996,6848.748387016744,3.986,3.464,18924.356084790572,31651.298193413004,37364.646940480176,941285.4858867052,823.0
2925,283.0,892.4738708492945,4231.793047699419,3.97,3.519,-113.58400001004338,5.98,5.98,79104.61314544865,816.0
2926,290.0,39759.83658602327,22331.432442084344,4.076,3.461,27591.895146273666,74961.51062233302,76485.07549927967,945212.5238270996,810.0
2927,294.0,7714.2098058242445,11504.4066782997,4.009,3.613,14907.677463504247,14733.832582018375,20225.091627695852,758555.9532140712,808.0
2928,298.0,29521.755779040606,6454.992866692477,4.035,3.372,25653.214897141013,50647.95478958239,52510.69937913504,841230.8355969614,799.0
2929,310.0,20292.36929400351,13753.038736367427,4.058,3.44,20520.05025831865,55678.82339956479,58123.47801456743,933392.044710402,797.0
2930,313.0,12059.811698509238,14096.806151418212,4.034,3.36,11767.707451856604,30884.422529294003,34813.14501649775,567085.858798787,784.0
2931,321.0,16343.69479628287,28462.05409649845,4.053,3.339,20325.137029954727,27491.91271682785,24162.96162102725,594236.6957034504,779.0
2932,327.0,2264.1956638716374,3430.23664518087,3.984,3.656,2060.2231738252967,8000.8573075422355,10341.152131111785,810840.7703650735,776.0
2933,329.0,25034.25513881835,22845.620339737234,4.025,3.455,20189.396860582132,43893.218633237106,51405.318698522344,930664.2228043226,772.0
2934,338.0,49240.251308810126,7345.245989033707,4.058,3.438,31646.508723086696,78945.14345561857,99612.89263537378,957029.9175885844,762.0
2935,344.0,2721.112748075302,24426.3863862331,3.95,3.542,5588.987661563392,18669.265596961246,19420.318736741334,865656.0874449373,761.0
2936,346.0,10333.74753495204,11083.856097088148,4.002,3.576,13206.029673277337,24682.540942278378,16190.31936329483,483784.22121936624,755.0
2937,348.0,7575.972420010208,30806.28781293068,3.979,3.375,12325.73168649503,25649.841144845832,31342.202838468897,725254.7234080764,754.0
2938,354.0,24231.62508262719,17304.48721749895,4.011,3.537,24144.202373369164,48942.28658675701,68577.80832947434,928351.8074692527,753.0
2939,355.0,8539.023192861769,31337.58120029338,4.009,3.439,10435.368525685919,29301.02277573053,33843.6722570637,834972.3922895134,747.0
2940,358.0,5063.082078698077,14848.78474563329,3.974,3.541,8093.114572518452,21269.581936475435,27715.08207375095,869668.1098899929,733.0
2941,367.0,7249.953541152034,3758.100767082076,3.962,3.592,13120.455673947463,34446.86881795345,31199.888620758247,733702.1917939153,730.0
2942,376.0,11450.71610036554,20411.932034343383,3.953,3.616,14897.701494356072,31364.086255319475,39826.46421496289,863014.1257850918,724.0
2943,379.0,1181.3073727211386,8463.487527078134,3.889,3.49,1048.0552092024195,5.98,5.98,90866.63534864613,719.0
2944,390.0,840.6157245194092,7870.267710836014,3.873,3.672,-113.58400001004338,5.98,5.98,488447.8294318207,711.0
2945,391.0,188.8144941235523,2113.600180279397,3.9,3.524,-113.58400001004338,5.98,5.98,492810.882030995,710.0
2946,398.0,4232.5938304471,18634.241813947796,3.912,3.396,9679.224342064857,18309.541193058212,37171.48567034067,576637.9963824954,708.0
2947,400.0,15749.48935933263,4848.311559698921,3.949,3.567,17145.154807347255,41029.7460946669,54853.2052918786,628032.3924641887,705.0
2948,401.0,645.617466706038,16644.280086115403,3.908,3.524,-113.58400001004338,5.98,3477.8672855474524,25123.935792536628,703.0
2949,402.0,10797.592725573804,9951.844490567939,3.991,3.452,12236.424442170079,21793.171857528756,30997.03779634223,599965.5355512813,701.0
2950,410.0,356.7411312407151,9427.645493325954,3.908,3.658,-113.58400001004338,5.98,5.98,572210.9472192895,695.0
2951,412.0,2358.134988712019,5562.849398014943,3.993,3.441,3204.1328273605513,16086.88841942481,19167.340955526954,813577.9113680118,692.0
2952,414.0,12245.369503561045,8800.9347110997,4.017,3.419,19879.12450989679,40032.003145308496,41824.57920143883,888114.6140431166,689.0
2953,415.0,6895.539259697168,18907.07664801266,3.979,3.483,7919.840039387693,23780.692534267106,24703.243451459573,526341.5202210504,688.0
2954,416.0,1314.6862544430712,6420.895644975412,3.953,3.602,2736.573597390465,5.98,5.98,821600.6739534701,680.0
2955,422.0,4461.657907802491,1975.3505871474313,3.978,3.534,7819.922664884105,20702.1731217119,22812.515844327656,350005.3691564913,672.0
2956,434.0,5667.293767428227,27666.706046366213,3.956,3.549,8590.45503066482,20349.064751864687,28745.317179682977,618952.2704178896,663.0
2957,442.0,6542.912067538958,8048.937117963886,3.929,3.58,6921.50100840242,14106.907213605122,26261.367358102532,823607.3345047226,659.0
2958,445.0,704.8640067704924,221.5195139722772,3.915,3.503,-113.58400001004338,5.98,5.98,155413.28760075461,655.0
2959,452.0,4997.566071632272,12967.531113374404,3.884,3.617,11874.40653831901,12729.957927538302,15373.819804007424,453318.5166454099,652.0
2960,453.0,6284.212373794519,5843.833057872517,3.991,3.689,8098.342111828526,14657.639186243918,22361.582163610314,810617.1561242103,647.0
2961,457.0,2112.2266124918738,15069.825680900449,3.918,3.612,1259.6201702059147,4300.791054011259,5156.316248270875,726421.0013865785,643.0
2962,461.0,12948.32347723522,11770.541493061646,3.982,3.505,12412.365991226876,56546.3548547869,59988.38832285877,897424.9756426257,638.0
2963,466.0,8939.125987162588,6222.928231443552,3.934,3.631,9883.3607197421,29810.3744007327,43558.335148061895,820703.8020728577,632.0
2964,476.0,6208.044700916,772.8873641133537,3.937,3.441,10741.265689867556,14390.312579783056,20458.01686402979,327607.1075894147,628.0
2965,477.0,818.6971292729671,4106.487625627413,3.832,3.55,-113.58400001004338,5.98,5.98,343046.8111442614,619.0
2966,486.0,5946.436771916031,24194.66647307328,3.872,3.502,9525.714368884945,19105.62813799239,21867.45560739784,199435.38471863227,618.0
2967,492.0,1365.036759620819,1737.624853585985,3.981,3.712,-113.58400001004338,5.98,3101.9418302562854,785163.7747354215,617.0
2968,493.0,12392.130492819671,21850.94060575558,3.992,3.607,12326.877969705885,50531.958766181226,50772.30823036953,775862.0182497324,614.0
2969,494.0,14521.948285527587,7800.893968821626,3.995,3.54,18167.94318264605,50943.562580412996,56782.43723635323,793658.5253784616,613.0
2970,496.0,16963.97981277356,31621.100994721604,4.019,3.382,16157.130341261925,28272.25494898926,33640.3431475148,716193.7068456286,603.0
2971,499.0,3443.1614064575597,3724.6585443444073,3.929,3.589,5417.016347592237,13389.147780265841,21036.178172391574,701236.8455096495,601.0
2972,501.0,3125.8500366014428,10723.497765635551,3.905,3.612,3908.827719236747,17214.495223145324,17136.83289045441,486553.8737094759,595.0
2973,511.0,1486.3051055004792,10194.740035576557,3.905,3.679,2549.793320407458,5.98,5.98,838681.575796351,593.0
2974,513.0,1473.3130898138377,11534.690362111764,3.9,3.565,3896.7464295031464,5.98,5.98,596301.523339344,588.0
2975,516.0,1448.4127068714045,5469.779945485838,3.953,3.728,-113.58400001004338,5.98,5.98,513835.133012465,584.0
2976,527.0,1841.1610386399789,10541.561895870731,3.903,3.501,-113.58400001004338,17672.758522551812,21134.949977572796,409291.5128780428,579.0
2977,530.0,1520.8277276958756,9810.415526118188,3.873,3.541,117.57149136316366,12522.819285503178,9672.971431724825,318019.817275515,571.0
2978,531.0,3721.1087221931534,22003.430651208982,3.92,3.547,2656.61841248895,15972.05007811777,13554.193963102009,548324.5879794833,570.0
2979,532.0,2889.6937026546493,10023.126750961397,3.963,3.648,996.3568946474493,14415.15872673167,14792.580182668793,771593.5661726168,563.0
2980,541.0,3420.584570932486,13338.57855219386,3.878,3.468,10852.308613039957,15667.030642018604,19381.129812687264,595214.254144132,559.0
2981,546.0,1466.5586996527895,2455.863884083052,3.908,3.554,1633.4233242477935,5.98,5.98,134611.09257574397,555.0
2982,550.0,401.65987709301754,22948.513260327123,3.822,3.611,-113.58400001004338,5.98,3952.5021930886005,549946.9344242854,548.0
2983,556.0,199.0111137496967,6160.088233163219,3.871,3.58,-113.58400001004338,5.98,5.98,247737.35700424574,542.0
2984,566.0,8577.64788400402,4206.376675902364,3.935,3.464,10957.222493078903,21483.536102094477,23981.423579463102,535194.307138522,541.0
2985,568.0,4084.6522866822806,10467.369872403302,3.977,3.462,7219.056397275067,13398.781790930152,19003.77499272408,576636.5299832865,533.0
2986,572.0,1828.8922056958531,2388.3487041629587,3.912,3.465,-113.58400001004338,5.98,5.98,207956.86446298275,531.0
2987,577.0,29084.422850119478,25421.65668819814,3.979,3.547,24023.52851174419,50752.22202917733,67621.43438352126,898373.1656330625,517.0
2988,581.0,1070.974927136723,10229.133567610977,3.887,3.612,1122.1898910552936,5.98,5.98,594166.6176642632,513.0
2989,593.0,7250.9301520028,1739.941867555549,3.953,3.513,8081.93240087722,25203.559595703326,41483.39479898666,831705.3734561045,506.0
2990,596.0,965.8404545419793,108.77696942757416,3.838,3.605,3008.895258050483,1615.8898276238388,6377.5469672042655,267908.71850904584,503.0
2991,600.0,2371.8396152074256,13633.189592579038,3.873,3.542,2592.21585016779,7807.939695894223,12824.472731323729,553982.1406438344,502.0
2992,604.0,3150.5158409198316,11069.62954676112,3.929,3.592,2216.2359545728505,19184.28482156655,29334.591369209564,260657.8384436198,500.0
2993,605.0,10843.6086488462,20330.2785662341,3.943,3.623,11716.34994041201,34202.5833083231,47227.10631549875,776404.304318842,495.0
2994,608.0,12569.02319049882,15703.807764284793,3.907,3.575,17232.01908361166,19289.45519910832,20302.74744185992,871455.9616480015,494.0
2995,612.0,6295.519795795916,5500.858056137382,3.908,3.632,10250.999092856999,20592.02255173951,26256.492753425337,889715.5316448356,492.0
2996,617.0,933.4744957920483,6073.263839839786,3.891,3.675,-113.58400001004338,5.98,5.98,479893.4372947821,485.0
2997,625.0,973.2940149065528,14069.673544064328,3.909,3.438,-113.58400001004338,5.98,5.98,36911.522220545536,470.0
2998,631.0,20669.307594556718,18023.154023977997,4.08,3.468,21565.053835210525,48914.25441611606,60200.15486638348,932689.8854201036,466.0
2999,639.0,2261.22899880392,2034.9784976289466,3.947,3.706,2190.8913478250306,5.98,7899.609014526788,698761.6609097619,458.0
3000,645.0,7093.075304079636,2882.2292351751353,3.986,3.595,9522.89271097573,22924.419188161934,19050.034216231965,592666.6415113742,452.0
3001,661.0,1598.2453367914768,10797.412210193608,3.856,3.624,1663.3015858316526,3097.230588801878,5.98,254148.09263000553,450.0
3002,663.0,12872.81669810147,4043.0995250983615,3.911,3.654,14841.615532908905,39518.0764001513,51673.16109662311,901146.4729156046,447.0
3003,667.0,2930.3208082214974,8869.651836221534,3.857,3.614,6047.678403372002,7924.816491811231,10064.878069721608,437549.08607769513,437.0
3004,671.0,8311.42140768038,30560.433980439408,3.906,3.619,12139.415399314203,30742.67580474481,37553.7881235949,549976.9813344486,435.0
3005,673.0,713.904917138278,3359.6203527948396,3.857,3.606,-113.58400001004338,5448.097072054898,4828.0787251612,513725.66552150546,422.0
3006,680.0,12753.358193141565,32110.60465856544,3.941,3.517,14135.390613809092,33165.3398839319,31118.173780106183,720940.9164767195,421.0
3007,681.0,6754.738319847167,11626.289053408862,3.93,3.571,10643.10809872277,33751.75544798284,47811.2952975011,801060.3135465521,419.0
3008,687.0,597.8422766189784,10544.417454676437,3.823,3.715,-113.58400001004338,5.98,1609.8373505094278,721141.0563493128,418.0
3009,689.0,1935.4776860624154,1854.2350020476733,3.837,3.693,4963.504390569958,8438.286019188723,15091.597486090886,656442.189622997,412.0
3010,697.0,360.0056365138183,12798.544013554594,3.784,3.672,-113.58400001004338,5.98,1263.0635665928203,586714.5235779245,402.0
3011,703.0,11095.20332421807,15145.025846684242,3.871,3.55,14758.78290648418,36085.59791708498,47972.465110921556,783344.9309788432,401.0
3012,705.0,7023.058383689503,6559.934601977744,3.874,3.683,7789.54951487683,36772.354599712446,47361.86614411491,903680.1135396169,392.0
3013,713.0,6214.644610664137,15712.697827387787,3.931,3.508,13763.046527474946,18421.07823306969,25524.314963392695,733847.4094903718,390.0
3014,716.0,23152.142314487894,19779.497381473673,3.971,3.505,23318.084445825087,52859.794188203625,54432.488096608155,892016.4012939477,388.0
3015,717.0,6092.741071050927,2482.599438710139,3.856,3.461,12028.675388340098,33281.433664694516,40098.09271049001,323275.1196235611,387.0
3016,720.0,1004.171644415946,2385.869981948951,3.859,3.675,-113.58400001004338,3321.339352570315,20414.027725599466,635404.7686675693,381.0
3017,721.0,3627.294421322541,16822.280875170472,3.947,3.542,3529.010496935235,5379.176957430551,20833.016231443962,622389.6338222737,378.0
3018,725.0,1244.224166559821,19853.072783763997,3.849,3.549,-113.58400001004338,5.98,12820.818708719533,176457.5654438368,373.0
3019,726.0,1355.7241501496223,9357.006557693487,3.864,3.51,1923.545336339045,15133.570159081255,20784.616187133273,367175.1749339534,370.0
3020,732.0,485.9432060010438,24554.507663989476,3.882,3.635,-113.58400001004338,5.98,5.98,417791.36786781234,364.0
3021,741.0,10442.415469975826,20049.82030022387,3.83,3.676,15271.83599692341,41265.8890811953,40484.789733542464,881226.2980787905,360.0
3022,743.0,422.9291598756924,6383.444744403576,3.868,3.561,-113.58400001004338,5.98,244.52959816257498,382422.953373925,355.0
3023,749.0,3799.454943158903,31484.459772773243,3.882,3.475,6830.472861195618,12121.689208672808,23603.048444298438,715147.228044015,352.0
3024,751.0,13774.367396275906,3719.42976465471,3.902,3.412,17813.02692533451,25762.23964616428,36828.771354301614,759101.4719202783,349.0
3025,757.0,5591.730238608891,18247.93342841352,3.862,3.676,3869.964584335559,31029.611686212855,37132.48422533406,869420.6414223855,341.0
3026,767.0,5776.6286873189165,24110.302017252405,3.874,3.642,8350.228161544275,17855.929794099186,24434.40678679883,851666.0081014885,335.0
3027,769.0,505.569696496152,7310.6712581932725,3.807,3.782,-113.58400001004338,5.98,5.98,386417.02194668935,322.0
3028,780.0,7850.9005084355995,3455.733735024082,3.897,3.617,9492.719445859944,3942.7427579443747,14747.101759348796,485626.9816603268,321.0
3029,783.0,3726.217110147979,15054.34161193922,3.873,3.645,6250.963359389172,5.98,7766.652656939741,184192.19070153404,316.0
3030,790.0,4077.8772807661435,11327.632103746819,3.868,3.659,4621.290738971346,19662.396165325074,31282.368743921295,697939.7327247759,312.0
3031,799.0,6427.037451811037,55.436396423871884,3.878,3.617,13321.56826614292,30157.60032761002,38836.51507391896,797599.2972531762,299.0
3032,802.0,7062.020327357623,3309.7774209208615,3.876,3.658,9027.041706079342,29017.679498932288,32627.406972319783,436561.7771970809,296.0
3033,805.0,4024.8654324742824,14788.131200384374,3.957,3.735,4543.559392039745,10230.899470948938,13450.484352146428,928346.6228823119,295.0
3034,811.0,1761.1791094519065,6178.437607394408,3.835,3.723,4704.841391759091,5.98,17066.529161013805,169159.85305967706,292.0
3035,813.0,183.27666090572174,6383.767618307472,3.842,3.714,-113.58400001004338,5.98,5.98,147796.37682663443,282.0
3036,821.0,3821.158269791444,2134.551407518584,3.854,3.674,5363.65696055501,9784.954507140706,6640.639359979024,428077.4830191125,281.0
3037,824.0,4071.1365468263793,9431.427665351273,3.842,3.629,6686.298206549289,11681.493948064168,26385.359002357647,745336.1467158443,269.0
3038,831.0,6509.727279258318,2230.4836844533916,3.869,3.529,11992.100761922466,35054.71804664099,49107.410248045395,733887.7714661818,264.0
3039,840.0,793.6670285287139,102.64724180537019,3.866,3.616,-113.58400001004338,8030.140930886257,8680.59574108026,598927.5357136659,263.0
3040,841.0,5440.5234244259855,13594.231859088559,3.875,3.658,8738.896758204593,18878.39919159217,31905.84924756481,887894.8637856967,261.0
3041,847.0,3477.3357814398746,34913.39372099091,3.855,3.758,6998.095146318201,13007.176485503187,20252.47176223638,481508.67884086166,255.0
3042,851.0,5135.929641701174,17791.763449420967,3.912,3.672,8663.284415772237,7692.476625189145,6201.920128568477,669678.9568469372,250.0
3043,852.0,2211.442218078006,10601.895696239924,3.855,3.626,914.351165755038,4604.964131396506,13524.394748445859,623364.6088812874,248.0
3044,858.0,4415.802229923768,6454.27422812541,3.84,3.562,9244.304720311227,25824.89992795359,29999.668356569287,817696.6054152732,247.0
3045,859.0,9369.444858190473,13126.337632406561,3.886,3.548,12660.149964570233,18464.268248837685,34317.79997529616,758134.827064411,233.0
3046,866.0,76.17681948764694,3267.5866953139166,3.815,3.723,-113.58400001004338,5.98,5.98,133003.07052086643,231.0
3047,870.0,14125.339364789992,19440.74819109891,3.931,3.587,11732.37160507931,46755.38545325771,54329.47336991022,806504.865358919,223.0
3048,877.0,12309.385043751941,2918.299633323875,3.904,3.649,8739.878656887153,46564.75292699759,52368.88560596322,669588.3540050988,219.0
3049,883.0,6881.856181409361,28745.67464376471,3.881,3.718,9273.97308772882,24015.95273255148,39377.830193556285,597998.1360323587,213.0
3050,887.0,839.2271588728443,17786.0290825472,3.838,3.678,4336.922448461876,1644.305269171654,8357.327121634706,384048.4517400889,212.0
3051,890.0,1585.8708460740877,14305.027100616757,3.84,3.69,-51.56054925637363,949.5727172478355,11356.096327197552,396504.3289818548,208.0
3052,901.0,721.3145929965604,3282.5970826598477,3.867,3.663,-113.58400001004338,5.98,6471.162519034323,230140.89215232822,204.0
3053,907.0,3192.1518242256416,2832.3428148776175,3.797,3.606,7474.951302986127,28766.10969066174,30548.115679101073,609239.5880358826,201.0
3054,908.0,613.9920472323342,13403.711013503198,3.798,3.683,-113.58400001004338,5.98,5.98,175970.13027789086,197.0
3055,909.0,622.9899457584556,25284.90550055912,3.752,3.751,-113.58400001004338,5.98,5.98,356640.99046745396,191.0
3056,912.0,18689.622564934318,31228.68388598525,3.856,3.625,18015.147812549116,43145.544232928965,50097.9617282283,915360.3051381046,184.0
3057,922.0,7510.4538785809955,28440.66388769698,3.875,3.615,9032.89191127466,26052.73786883907,38936.878863804974,734261.8756949052,179.0
3058,924.0,50.241389560032594,9954.791298739223,3.733,3.758,-113.58400001004338,5.98,5.98,4556.781880313938,177.0
3059,927.0,6250.9806090218835,38641.99514861416,3.82,3.808,11549.243263180406,19440.003004782047,26242.990767403156,849629.7449730833,175.0
3060,933.0,9396.748403026582,27233.726968797862,3.86,3.701,17283.202464653285,15590.236671599818,24972.347235700894,905624.4354342989,168.0
3061,937.0,204.46449171811156,2668.917906478541,3.792,3.662,-113.58400001004338,5.98,5.98,190832.56233143233,161.0
3062,945.0,1926.6036816075264,6022.355026767262,3.807,3.776,3545.2744754334867,5.98,9168.806296222563,553505.2702473724,157.0
3063,948.0,2269.896941510378,6703.259434319314,3.789,3.655,3739.138265384955,7704.422013425925,18259.848925600985,441394.7506997802,150.0
3064,950.0,28131.491251660307,25591.01833384815,3.959,3.704,22030.619879400987,61533.48391072563,71858.48595676204,952240.6966988216,149.0
3065,954.0,6003.932562456482,20745.52946458861,3.852,3.662,5369.911275076546,38526.86344898307,45682.24033747432,879900.0218569216,148.0
3066,955.0,626.8763273860264,10151.194379818378,3.818,3.699,-113.58400001004338,5.98,5.98,203574.15287236974,147.0
3067,959.0,1738.2356495760832,19860.481962634098,3.787,3.716,5195.885801765022,9049.249843364061,6586.148512645925,339036.1875789329,145.0
3068,963.0,17586.629664131313,18134.927364803858,3.856,3.607,20112.318369337576,46164.051112009445,57411.95657413124,871428.235261042,139.0
3069,966.0,3926.35176979736,18721.980653205846,3.863,3.678,6417.626744219302,18721.682908281917,24623.11782320578,661943.3598914082,137.0
3070,973.0,1627.4527574777082,19262.303558456595,3.789,3.745,1646.9528976644979,18494.300010905463,31377.86843877589,300723.7035892626,128.0
3071,974.0,507.77520616423874,6773.790773335334,3.785,3.645,-113.58400001004338,5.98,5.98,138217.81530291063,125.0
3072,985.0,10462.067641666788,6343.5180840155035,3.883,3.625,15968.432275847194,31714.643850617325,31574.963935814107,831565.8523288989,113.0
3073,993.0,13904.577066719692,26444.13940410722,3.913,3.664,17687.50567487385,30106.100119813116,32078.940948529256,544840.2678556872,104.0
3074,1004.0,28.95035681189963,6309.996837245733,3.718,3.798,-113.58400001004338,5.98,5.98,24736.006720762864,87.0
3075,1019.0,4175.99974623795,2862.504891521452,3.747,3.665,9668.607181901458,17269.097009342306,17414.12426435139,139449.735999243,82.0
3076,1026.0,1876.522777316373,14473.474013477538,3.785,3.728,1114.4114756349622,13539.871675419112,11951.518403828304,329818.6154470102,81.0
3077,1029.0,2567.266740567647,9832.294277165809,3.871,3.779,6091.421040688498,5.98,10280.794961702415,590099.9904617883,70.0
3078,1037.0,15307.375065266564,472.1983480685924,3.854,3.674,19140.292684528475,49650.05123703227,62015.21284954292,925589.730085167,65.0
3079,1039.0,3050.247520361157,2830.9496779525884,3.822,3.784,6976.680925494995,8580.975447724313,21569.115728502344,340424.63478047284,52.0
3080,1052.0,417.6822161622556,5034.970397948985,3.767,3.713,-113.58400001004338,5640.181917959154,18982.65391139085,310098.80052087817,48.0
3081,1056.0,165.07042329780367,4001.3958718698063,3.79,3.811,-113.58400001004338,5.98,5.98,598911.2491083258,46.0
3082,1059.0,9798.618067514644,29224.322080210208,3.832,3.609,16671.782089569366,14726.897693013898,19742.39429633804,600882.318044578,44.0
3083,1067.0,9551.613408500814,16062.381388471586,3.903,3.642,11927.854148476548,37881.1112607103,48422.99041038095,911781.5600530737,42.0
3084,1069.0,3081.555022512842,3380.946801648702,3.804,3.557,3245.8519900505767,22712.055402269078,29238.59199464914,302967.36473621096,33.0
3085,1072.0,11713.52011475915,25250.87864911208,3.887,3.781,11834.209255567383,18686.17936062536,26400.243451585935,875556.5103237932,32.0
3086,1074.0,1072.9563590200078,13447.32448764833,3.787,3.72,3618.69164455589,5.98,5896.45576713024,569792.5644543194,31.0
3087,1077.0,3611.7515944513275,8476.140142383923,3.811,3.739,4115.106613119057,18939.30226526806,23109.230831193254,489751.923932,21.0
3088,1082.0,8115.912349835507,20000.438549003622,3.83,3.676,13770.148143622937,24450.65627677405,38130.36981965477,810462.0570126687,18.0
3089,1083.0,9294.080792785326,10898.487215946661,3.853,3.526,13607.25807573451,20515.135128884598,29841.986171006596,578527.9460694062,13.0
3090,1088.0,13462.209851169824,22365.69257937638,3.831,3.761,15657.884005309337,41295.79781360441,48970.2907600533,618602.4116589027,12.0
3091,1093.0,15917.751600085929,20678.72641124784,3.864,3.657,15030.059059759318,41047.279939746484,45809.38383123966,803773.2728681949,4.0
3092,1101.0,841.8992955660458,21366.86726742437,3.757,3.814,3049.7100898972,16995.849174299,24957.39848624063,707668.6375577122,0.0
